Building,Cluster,Small,Middle,Large,School,CV
01_Office,CL1,1,,,,
01_Office,CL2,1,,,,
01_Office,CL3,1,,,,
01_Office,CL4,1,,,,
01_Office,CL5,1,,,,
01_Office,CL6,,1,,,
01_Office,CL7,,1,,,
01_Office,CL8c,,,1,,
01_Office,CL9c,,,1,,
02_Hotel,CL1,1,,,,
02_Hotel,CL2,1,,,,
02_Hotel,CL3,1,,,,
02_Hotel,CL4,1,,,,
02_Hotel,CL5,1,,,,
02_Hotel,CL6b,,1,,,
02_Hotel,CL6m,,1,,,
02_Hotel,CL7b,,1,,,
02_Hotel,CL7m,,1,,,
02_Hotel,CL8,,,1,,
02_Hotel,CL9,,,1,,
03_Hospital,CL1,1,,,,
03_Hospital,CL2,1,,,,
03_Hospital,CL3,1,,,,
03_Hospital,CL4,1,,,,
03_Hospital,CL5,1,,,,
03_Hospital,CL6,,1,,,
03_Hospital,CL7,,1,,,
03_Hospital,CL8,,,1,,
03_Hospital,CL9,,,1,,
04_Retail,ConvenienceStore,1,,,,
04_Retail,SpecialityShop,1,,,,
04_Retail,HomeCenter,,1,,,
04_Retail,HousingClothingSuper,,1,,,
04_Retail,ConvenienceDrug,,1,,,
04_Retail,SuperDrugStore,,1,,,
04_Retail,SmallGrocery,,1,,,
04_Retail,MediumGrocery,,1,,,
04_Retail,LargeGrocery,,,1,,
04_Retail,SmallGeneral,,1,,,
04_Retail,MediumGeneral,,1,,,
04_Retail,LargeGeneral,,,1,,
04_Retail,MediumDepartment,,1,,,
04_Retail,LargeDepartment,,,1,,
05_School,ElementarySchool,,,,1,
05_School,JuniorHighSchool,,,,1,
05_School,HighSchool,,,,1,
06_Restaurant,SuburbRestaurant,,,,,
06_Restaurant,SuburbBar,,,,,
06_Restaurant,SuburbCafe,,,,,
06_Restaurant,UrbanRestaurant,,,,,
06_Restaurant,UrbanCafe,,,,,
06_Restaurant,UrbanBar,,,,,
07_Datacenter,CL1,,,,,
07_Datacenter,CL2,,,,,
07_Datacenter,CL3,,,,,
07_Datacenter,CL4,,,,,
