Building,Cluster,Zoning,FA,MinTFA,Segment,SubSegment
01_Office,CL1,ZoneC,132,0,事務所,CL1
01_Office,CL2,ZoneC,349,200,事務所,CL2
01_Office,CL3,ZoneC,726,500,事務所,CL3
01_Office,CL4,ZoneC,1447,1000,事務所,CL4
01_Office,CL5,ZoneC,3258,2000,事務所,CL5
01_Office,CL6,ZoneC,7089,5000,事務所,CL6
01_Office,CL7,ZoneC,13873,10000,事務所,CL7
01_Office,CL8c,ZoneA,31238,20000,事務所,CL8c
01_Office,CL9c,ZoneA,190202,50000,事務所,CL9c
02_Hotel,CL1,ZoneD,137,0,宿泊施設,ビジネスホテル
02_Hotel,CL2,ZoneD,364,200,宿泊施設,ビジネスホテル
02_Hotel,CL3,ZoneD,744,500,宿泊施設,ビジネスホテル
02_Hotel,CL4,ZoneD,1444,1000,宿泊施設,ビジネスホテル
02_Hotel,CL5,ZoneD,3200,2000,宿泊施設,ビジネスホテル
02_Hotel,CL6b,ZoneD,7611,5000,宿泊施設,ビジネスホテル
02_Hotel,CL6m,ZoneD,7611,5000,宿泊施設,シティホテル
02_Hotel,CL7b,ZoneD,15083,10000,宿泊施設,ビジネスホテル
02_Hotel,CL7m,ZoneD,15083,10000,宿泊施設,シティホテル
02_Hotel,CL8,ZoneD,34528,20000,宿泊施設,シティホテル
02_Hotel,CL9,ZoneD,177850,50000,宿泊施設,シティホテル
03_Hospital,CL1,ZoneC,136,0,医療施設,CL1
03_Hospital,CL2,ZoneC,330,200,医療施設,CL2
03_Hospital,CL3,ZoneC,701,500,医療施設,CL3
03_Hospital,CL4,ZoneC,1455,1000,医療施設,CL4
03_Hospital,CL5,ZoneC,3238,2000,医療施設,CL5
03_Hospital,CL6,ZoneC,7597,5000,医療施設,CL6
03_Hospital,CL7,ZoneC,14696,10000,医療施設,CL7
03_Hospital,CL8,ZoneA,31309,20000,医療施設,CL8
03_Hospital,CL9,ZoneA,104835,50000,医療施設,CL9
04_Retail,ConvenienceStore,ZoneC,183,,商業施設,コンビニエンスストア
04_Retail,SpecialityShop,ZoneC,110,,商業施設,専門店・中心店
04_Retail,HomeCenter,ZoneC,7231,,商業施設,ホームセンター
04_Retail,HousingClothingSuper,ZoneC,6000,,商業施設,衣料品・住関連スーパー
04_Retail,ConvenienceDrug,ZoneC,892,,商業施設,コンビニエンスドラッグ
04_Retail,SuperDrugStore,ZoneC,2462,,商業施設,スーパードラッグ
04_Retail,SmallGrocery,ZoneC,1262,,商業施設,小型食料品スーパー
04_Retail,MediumGrocery,ZoneC,2308,,商業施設,標準食料品スーパー
04_Retail,LargeGrocery,ZoneC,3846,,商業施設,大型食料品スーパー
04_Retail,SmallGeneral,ZoneC,9538,,商業施設,小型総合店舗
04_Retail,MediumGeneral,ZoneC,27273,,商業施設,標準総合店舗
04_Retail,LargeGeneral,ZoneC,92728,,商業施設,大型総合店舗
04_Retail,MediumDepartment,ZoneC,32728,,商業施設,標準百貨店
04_Retail,LargeDepartment,ZoneC,76368,,商業施設,大型百貨店
05_School,ElementarySchool,ZoneC,4500,,学校施設,小学校
05_School,JuniorHighSchool,ZoneC,4500,,学校施設,中学校
05_School,HighSchool,ZoneC,4500,,学校施設,高等学校
06_Restaurant,SuburbRestaurant,ZoneC,150,,飲食施設,レストラン(郊外)
06_Restaurant,SuburbBar,ZoneC,150,,飲食施設,居酒屋・バー(郊外)
06_Restaurant,SuburbCafe,ZoneC,150,,飲食施設,カフェ・喫茶(郊外)
06_Restaurant,UrbanRestaurant,ZoneC,150,,飲食施設,レストラン
06_Restaurant,UrbanCafe,ZoneC,150,,飲食施設,喫茶店・カフェ
06_Restaurant,UrbanBar,ZoneC,150,,飲食施設,居酒屋・バー
06_Restaurant,UrbanChineseRestaurant,ZoneC,150,,飲食施設,中華料理店
06_Restaurant,UrbanYakiniku,ZoneC,150,,飲食施設,焼肉店
07_Datacenter,CL1,ZoneC,297,,通信施設,CL1
07_Datacenter,CL2,ZoneC,1617,,通信施設,CL2
07_Datacenter,CL3,ZoneC,5028,,通信施設,CL3
07_Datacenter,CL4,ZoneC,12716,,通信施設,CL4
08_Logistics,Logistics,ZoneC,700,,倉庫・卸売施設,普通倉庫
08_Logistics,Cool,ZoneC,700,,倉庫・卸売施設,冷蔵倉庫
09_Amusement,Patinko,ZoneC,883,,娯楽施設,パチンコ店
09_Amusement,Fitness,ZoneC,992,,娯楽施設,フィットネス
09_Amusement,Karaoke,ZoneC,300,,娯楽施設,カラオケボックス
