ID,"菴乗園繧ｳ繝ｼ繝・,螟ｧ蟄怜錐""","蟄嶺ｸ∫岼蜷・,蟒ｺ迚ｩ蜷・",building_usage,building_usage_detailed,Area,Building,Cluster,Zoning,Plant,HVAC,TFA,HEX,VWV,NaturalVentilation,CO2control,Insulation,Lighting,HSCOP,NoBuilding,Schedule_Sampling,RegionBuilding,PlantYOLO,,
2,972,13102,"莠ｬ讖・,・台ｸ∫岼""",・ｬ・･・ｯ蜈ｫ驥肴ｴｲ繝薙Ν繝・ぅ繝ｳ繧ｰ,03_Hospital,Hospital,Tokyo,Hospital,CL4,ZoneC,EHP,MUL,1282.6,1,0,0,0,1,1,3,20575,357,B00002,NA
4,974,13102,"莠ｬ讖・,・台ｸ∫岼""",隘ｿ蜍俶悽蠎励ン繝ｫ,03_Hospital,Hospital,Tokyo,Hospital,CL3,ZoneC,EHP,MUL,568.08,0,0,0,0,2,2,3,23839,169,B00004,NA
27,998,13102,"莠ｬ讖・,・台ｸ∫岼""",・ｹ・ｫ繝薙Ν,03_Hospital,Hospital,Tokyo,Hospital,CL3,ZoneC,EHP,MUL,792.45,0,0,0,0,1,1,3,20556,141,B00028,NA
34,1005,13102,"莠ｬ讖・,・台ｸ∫岼""",・ｮ・ｳ莠ｬ讖九ン繝ｫ,03_Hospital,Hospital,Tokyo,Hospital,CL5,ZoneC,EHP,MUL,2228.2,1,0,1,0,1,1,3,20595,62,B00035,NA
86,1063,13102,"莠ｬ讖・,・剃ｸ∫岼""",繧ｭ繝繝ｩ繝､繝薙Ν,03_Hospital,Hospital,Tokyo,Hospital,CL4,ZoneC,AHP,CAV,1841.67,0,0,0,0,2,2,3,23869,324,B00093,NA
91,1068,13102,"莠ｬ讖・,・剃ｸ∫岼""",蟆乗｣ｮ繝薙Ν,03_Hospital,Hospital,Tokyo,Hospital,CL2,ZoneC,GHP,MUL,258.12,0,0,0,0,1,2,3,23833,153,B00098,NA
110,1091,13102,"莠ｬ讖・,・剃ｸ∫岼""",螳晉・繝薙Ν,03_Hospital,Hospital,Tokyo,Hospital,CL2,ZoneC,EHP,MUL,357.96,1,0,0,0,2,1,2,18911,59,B00121,NA
124,1106,13102,"莠ｬ讖・,・剃ｸ∫岼""",荳ｭ逕ｰ繝薙Ν,03_Hospital,Hospital,Tokyo,Hospital,CL1,ZoneC,EHP,MUL,83.37,0,0,0,0,1,2,3,23827,102,B00136,NA
126,1109,13102,"莠ｬ讖・,・剃ｸ∫岼""",莉∝､ｧ繝薙Ν,03_Hospital,Hospital,Tokyo,Hospital,CL5,ZoneC,ABCH,FCU,2558.1,1,0,0,0,1,1,3,20608,36,B00139,NA
132,1116,13102,"莠ｬ讖・,・剃ｸ∫岼""",貂倶ｺ輔ン繝ｫ,03_Hospital,Hospital,Tokyo,Hospital,CL2,ZoneC,EHP,MUL,256.2,1,0,0,0,1,2,3,23830,93,B00146,NA
159,1143,13102,"莠ｬ讖・,・剃ｸ∫岼""",莠ｬ讖区侭鬟ｲ莨夐､ｨ,03_Hospital,Hospital,Tokyo,Hospital,CL2,ZoneC,GHP,MUL,267.96,1,0,0,0,1,2,2,22195,72,B00173,NA
167,1151,13102,"莠ｬ讖・,・剃ｸ∫岼""",繧ｫ繧ｯ繝医ン繝ｫ螳晉伴,03_Hospital,Hospital,Tokyo,Hospital,CL3,ZoneC,EHP,MUL,808.3,1,0,0,0,2,2,2,22201,19,B00181,NA
202,1188,13102,"莠ｬ讖・,・謎ｸ∫岼""",譽ｮ繝薙Ν,03_Hospital,Hospital,Tokyo,Hospital,CL2,ZoneC,GHP,MUL,423.1,1,0,0,0,1,1,3,20554,72,B00218,NA
249,1239,13102,"莠ｬ讖・,・謎ｸ∫岼""",逶ｸ莠帝､ｨ・托ｼ托ｼ舌ち繝ｯ繝ｼ,03_Hospital,Hospital,Tokyo,Hospital,CL8,ZoneA,COM,CAV,22187.1,1,0,0,0,3,1,3,20773,341,B00269,NA
272,1264,13102,"莠ｬ讖・,・謎ｸ∫岼""",・ｭ・｡・ｯ・趣ｼ｢・ｬ・､,03_Hospital,Hospital,Tokyo,Hospital,CL4,ZoneC,AHP,CAV,1051.1,1,0,0,0,1,1,2,18947,230,B00294,NA
