"","V1","V2","V3","V4","V5","V6","V7","V8","V9","V10","V11","V12","V13","V14","V15","V16"
"1","Segment","1","CL1","CL2","CL3","CL4","CL5","CL6","CL7","CL8c","CL9c","","","","",""
"2","Segment","2","CL1","CL2","CL3","CL4","CL5","CL6b","CL6m","CL7b","CL7m","CL8","CL9","","",""
"3","Segment","3","CL1","CL2","CL3","CL4","CL5","CL6","CL7","CL8","CL9","","","","",""
"4","Segment","4","ConvenienceStore","SpecialityShop","ConvenienceDrug","SmallGrocery","LargeGrocery","MediumGrocery","SuperDrugStore","HomeCenter","HousingClothingSuper","SmallGeneral","MediumDepartment","MediumGeneral","LargeDepartment","LargeGeneral"
"5","Segment","5","ElementarySchool","JuniorHighSchool","HighSchool","","","","","","","","","","",""
"6","Office","Sapporo","15069.732878","3061088.598654","3733648.106683","3867217.16736","4154783.498852","3105087.819204","1657827.758103","1104694.704518","1022981.867308","","","","",""
"7","Office","Sendai","197213.932872","5180908.167562","4654488.927476","4423493.021579","4308780.769361","2800236.079904","1990964.710364","703987.521776","102141.046677","","","","",""
"8","Office","Tokyo","143976.448058","11265371.743872","15231587.16411","18771952.977521","28800632.363346","23553725.361966","23025734.721195","29465334.867352","39640154.511053","","","","",""
"9","Office","Nigata","402181.157059","3614221.651978","4296209.563848","3138087.233494","3634649.860973","2977804.360323","1107837.506391","1176979.138237","223138.902021","","","","",""
"10","Office","Nagoya","232581.448935","8003143.857061","9400119.09538599","8593990.527328","11213515.526186","6783736.900503","5110195.135035","4066785.05881","3111373.421421","","","","",""
"11","Office","Osaka","217676.713112","7186015.484491","9601258.38736901","10831665.153138","15527010.491424","10478099.984923","10300531.710357","10498528.195643","6771165.694678","","","","",""
"12","Office","Hiroshima","139224.532182","3805932.539053","4574347.490766","4220782.328815","4855628.219609","2712237.639079","1552543.908878","1442545.859643","0","","","","",""
"13","Office","Matsuyama","146811.254906","2023964.124782","2218817.813419","2352386.874427","3380082.944441","1618542.73997","829699.579051","273423.725009","0","","","","",""
"14","Office","Fukuoka","174084.485652","7778433.554741","8097427.900315","8839129.039958","10848950.562084","7264585.5199","5602043.560821","3064231.400598","2116676.767224","","","","",""
"15","Office","Naha","2440.385407","248281.31362","474563.016972","446277.804113","644274.294572","487134.222556","237281.508496","83284.23799","0","","","","",""
"16","Hotel","Sapporo","20.3368859","61010.6478","227095.186","521979.9788","715180.3476","368758.5233","573517.0741","114457.6713","670207.05397","1350707.9666","188116.15702","","",""
"17","Hotel","Sendai","1.69473982","266074.2182","637222.2977","1013454.8299","2455678.535","659352.2413","1104872.2785","139355.0989","879183.78859","711790.8762","418600.8375","","",""
"18","Hotel","Tokyo","0","496558.8872","728738.2986","1772698.2344","4555461.7674","1355422.7439","1934068.1244","413825.109","2223190.7392","2775984.3803","5660432.3555","","",""
"19","Hotel","Nigata","1074.465189","179642.466","481306.2166","689759.2773","966001.9329","494337.1007","849591.9509","173995.594","1125870.19162","1011759.95138","0","","",""
"20","Hotel","Nagoya","0","598243.2997","964307.1466","1720161.364","2981047.9117","1782460.0153","2420495.8403","459405.0691","2348779.4578","2348909.9281","0","","",""
"21","Hotel","Osaka","0","220316.22903","411821.88437","786359.5005","1735413.8963","535312.5386","906911.46542","278838.9916","1778575.5742","2881058.2949","3411511.9236","","",""
"22","Hotel","Hiroshima","0","147442.4141","271158.4349","532148.42876","1108360.11969","353126.2475","714560.11064","85931.81074","654669.6802","438937.7383","0","","",""
"23","Hotel","Matsuyama","0","138968.6938","223705.71772","349116.48968","464358.8164","175707.2797","395420.195","46335.89182","392601.8772","255905.8209","0","","",""
"24","Hotel","Fukuoka","186.421431","1143949.66259","1206655.025","1828624.70171","2572615.5632","796858.40978","1521546.29719","168874.0795","1214033.90459","1106665.35062","0","","",""
"25","Hotel","Naha","0","20336.88805","30505.32113","198284.6058","213537.2692","56331.46413","58910.86862","70707.94854","278408.5441","972780.8609","0","","",""
"26","Hospital","Sapporo","81393.17068","415639.60236","327667.62441","281094.86288","529050.56545","879330.3736","1065724.25424","1424359.41647","1042283.57609","","","","",""
"27","Hospital","Sendai","132081.60068","963218.78833","1116923.30677","744598.92995","932471.30952","1065738.30629","1483775.67578","1805265.55232","1707695.44859","","","","",""
"28","Hospital","Tokyo","78884.71245","597301.21659","2233986.77143","1645441.78895","3293542.4254","3820565.67646","3611592.69404","4315891.09142","4259594.36675","","","","",""
"29","Hospital","Nigata","727103.11956","3019935.93671","671595.80456","451781.89989","663889.82163","841962.92822","1053966.96625","1312806.48226","938051.5558","","","","",""
"30","Hospital","Nagoya","221872.29297","1829579.82082","2031843.77703","1292049.45157","1608420.04708","1781737.67354","2131401.41947","2661572.25694","2403900.40861","","","","",""
"31","Hospital","Osaka","516712.70067","2113007.91656","1262738.12335","994960.88208","2051640.57083","2368115.55231","2473509.84492","2558955.28633","1869173.78863","","","","",""
"32","Hospital","Hiroshima","140353.3375","965668.36103","1009137.63036","687691.58643","1096132.16873","1345529.03697","1545878.28549","1606654.25366","818779.27653","","","","",""
"33","Hospital","Matsuyama","77476.92591","485407.66122","604430.95443","533014.13098","791763.46953","757624.54627","720375.70548","759172.5358","612422.25599","","","","",""
"34","Hospital","Fukuoka","276420.63915","1530911.78798","1867485.84264","1774242.10456","2440026.55232","2753318.20989","2582918.94469","2594393.64787","1411650.38295","","","","",""
"35","Hospital","Naha","15789.90128","76734.23076","100676.16008","110443.12025","174056.09055","225506.22806","178130.15028","296052.37262","167482.91021","","","","",""
"36","Retail","Sapporo","0","0","0","0","0","0","0","0","0","0","345346.8832","750027.11486","91801.07032","202008.66292"
"37","Retail","Sendai","0","0","0","0","0","0","0","0","0","0","469496.42611","1075757.62197","124802.84739","267746.67769"
"38","Retail","Tokyo","0","0","0","0","0","0","0","0","0","0","2819203.27794","4107665.75036","749408.46629","1319676.94053"
"39","Retail","Nigata","0","0","0","0","0","0","0","0","0","0","272428.44877","771870.27597","72417.68894","180449.6453"
"40","Retail","Nagoya","0","0","0","0","0","0","0","0","0","0","668033.83676","2340325.0358","177578.61484","568170.29491"
"41","Retail","Osaka","0","0","0","0","0","0","0","0","0","0","1493339.24385","2425105.23515","396963.59654","666779.4478"
"42","Retail","Hiroshima","0","0","0","0","0","0","0","0","0","0","752324.13064","816448.99655","199984.89562","208269.14433"
"43","Retail","Matsuyama","0","0","0","0","0","0","0","0","0","0","160816.30045","388411.28594","42748.63676","84239.16546"
"44","Retail","Fukuoka","0","0","0","0","0","0","0","0","0","0","818602.02449","1394033.57086","217603.06997","360909.7194"
"45","Retail","Naha","0","0","0","0","0","0","0","0","0","0","40204.07498","160774.42333","10687.15918","26499.9281"
"46","School","Sapporo","7270856.2061","4288911.2859","3801734.6824","","","","","","","","","","",""
"47","School","Sendai","14625849.0983","9369374.1744","8888611.9325","","","","","","","","","","",""
"48","School","Tokyo","47287779.0086","28838167.4761","25438251.2128","","","","","","","","","","",""
"49","School","Nigata","9880585.0527","6175134.0199","5528693.5218","","","","","","","","","","",""
"50","School","Nagoya","22637199.637","14227351.3266","11269609.3359","","","","","","","","","","",""
"51","School","Osaka","28514705.7987","17089143.8592","14596057.3647","","","","","","","","","","",""
"52","School","Hiroshima","5763594.9327","3660336.4724","3258560.7252","","","","","","","","","","",""
"53","School","Matsuyama","12054727.3421","7563869.043","6814784.1286","","","","","","","","","","",""
"54","School","Fukuoka","19018132.0886","12342703.7406","11368007.3124","","","","","","","","","","",""
"55","School","Naha","2322607.8162","1593552.3349","1511108.9619","","","","","","","","","","",""
