"","","","EHP","GHP","ABCH","AHP","TB","AB","COM","AHP+TESICE","COM+TESICE"
"1","Office","CL1","1478806.6755","284404.5362","0","0","0","0","0","0","0"
"2","Office","CL2","44270483.3323","9909633.7816","132930.5599","724511.34","0","0","0","0","0"
"3","Office","CL3","53149166.7084","8463891.7235","879936.8971","3216193.5325","0","0","0","0","0"
"4","Office","CL4","53723145.1194","6308124.4754","3156876.124","5612819.3463","164786.6773","0","0","122151.0549","0"
"5","Office","CL5","61957249.0918","5271617.9118","8510076.183","12209967.5614","514988.5765","0","652653.3307","2947698.1599","110977.933"
"6","Office","CL6","30754433.8511","2359943.132","9569521.4846","12523973.7229","625437.2364","163567.3741","2406328.0183","5018965.5997","1758161.8347"
"7","Office","CL7","17051689.6774","1216183.3939","9636650.1351","11014665.935","411275.1756","325502.4539","4104910.5569","6026435.1442","4456132.722"
"8","Office","CL8c","8629874.3419","665494.4488","7997994.7875","8724165.2701","775163.8714","1363784.893","6999011.2384","7122270.2341","12456411.9794"
"9","Office","CL9c","3023830.5686","301618.4707","5187891.6584","4712567.7625","1039833.1845","2493263.39","9050998.8901","6079880.4706","24013076.3236"
"10","Hotel","CL1","1338.1016025","0","0","0","0","0","0","0","0"
"11","Hotel","CL2","3288421.05375","124886.856047","0","0","0","0","0","0","0"
"12","Hotel","CL3","4551788.605757","241815.229731","0","611831.807505","0","0","0","0","0"
"13","Hotel","CL4","6716530.379923","378522.954338","0","2722405.455236","0","0","0","0","0"
"14","Hotel","CL5","10478225.249822","644227.916793","1919965.201969","5489492.835451","0","0","0","0","0"
"15","Hotel","CL6b","3096524.193368","173437.179616","819903.956885","2770731.705877","0","0","0","0","0"
"16","Hotel","CL6m","4919603.458809","284923.307779","1609986.396428","4116161.136172","0","0","0","0","0"
"17","Hotel","CL7b","767333.818724","0","0","1268344.686943","0","0","0","0","0"
"18","Hotel","CL7m","4294305.726549","236857.91712","2536168.15322","4005687.115305","0","0","989979.264381","0","0"
"19","Hotel","CL8","3019936.615651","191754.002403","3625559.950564","2338055.521288","0","543306.487522","4155292.005369","0","576531.898824"
"20","Hotel","CL9","1339931.392136","145325.468613","1585601.17571","937183.512146","141210.27507","1056010.416384","2950129.045967","0","1939586.587966"
"21","Hospital","CL1","2180091.1475","219958.5186","0","0","0","0","0","0","0"
"22","Hospital","CL2","10939119.6058","1478231.0544","0","278084.2284","0","0","0","0","0"
"23","Hospital","CL3","8973338.873","1358455.0385","0","1547868.2399","0","0","0","0","0"
"24","Hospital","CL4","5677150.3459","762553.0224","236130.9718","2225883.2029","109037.0262","0","0","0","0"
"25","Hospital","CL5","5935630.2115","983263.6626","2935530.412","4160317.2616","356416.8908","0","0","0","0"
"26","Hospital","CL6","3939823.8005","691281.7915","6885010.1577","4299832.5803","274315.7704","413648.5507","257080.9378","0","0"
"27","Hospital","CL7","2716981.9929","434234.7924","7215681.4745","1822846.8759","180361.8044","987780.5253","4135938.4278","0","333651.2807"
"28","Hospital","CL8","485854.6028","0","3085811.0829","167127.3687","0","1869006.0768","11272820.1048","0","3579454.1855"
"29","Hospital","CL9","323116.6586","0","327183.7463","0","0","1942086.3079","10160988.4934","0","3363826.3824"
"30","Retail","ConvenienceStore","7814163.3605","1561037.0146","0","0","0","0","0","0","0"
"31","Retail","SpecialityShop","44473755.1646","9122088.1152","0","0","0","0","0","0","0"
"32","Retail","ConvenienceDrug","9935558.4407","2080591.0257","0","0","0","0","0","0","0"
"33","Retail","SmallGrocery","8501139.3592","1828027.2136","0","134491.4435","0","0","0","0","0"
"34","Retail","LargeGrocery","7454454.4641","1706712.1304","0","1071893.5193","0","0","0","0","0"
"35","Retail","MediumGrocery","7990283.9686","1829341.5313","0","1266189.624","0","0","0","0","0"
"36","Retail","SuperDrugStore","2859294.3169","524304.7915","0","0","0","0","0","0","0"
"37","Retail","HomeCenter","13493978.2913","3515011.9292","2981627.8412","5832984.0518","0","0","0","0","0"
"38","Retail","HousingClothingSuper","26345351.6963","6842054.7779","5888213.1565","10483018.2554","0","0","488168.5752","291914.7382","0"
"39","Retail","SmallGeneral","14321336.2779","3684689.5782","3026725.3305","6212315.7226","0","0","0","0","0"
"40","Retail","MediumDepartment","1669489.7176","470733.8116","1679442.7028","3021974.0345","0","0","937768.5249","398159.8364","134661.1454"
"41","Retail","MediumGeneral","2922628.7865","879771.1435","3825120.8378","4726832.8067","0","0","1725094.2859","812307.6116","196205.4242"
"42","Retail","LargeDepartment","239154.1041","0","695179.1221","323102.3609","0","0","832660.9742","119483.5048","0"
"43","Retail","LargeGeneral","400237.4055","48376.6863","1294019.3114","927558.8711","0","0","1135526.2037","189407.0385","123723.6319"
"44","School","ElementarySchool","102120226.195","33590079.806","16826903.984","9061385.817","0","0","0","309992.947","0"
"45","School","JuniorHighSchool","63524675.052","20792694.74","10622925.523","5472033.263","0","0","0","100427.807","0"
"46","School","HighSchool","55979021.925","18231326.384","9466283.084","4721732.921","0","0","0","0","0"
