"","","","MUL","CAV","VAV","FCU","CAVFCU","VAVFCU","OHUFCU"
"1","Office","CL1","1734372.5787","0","0","0","0","0","0"
"2","Office","CL2","53222241.6447","915137.0827","0","0","0","0","0"
"3","Office","CL3","60415571.2773","4218894.8408","0","0","0","0","0"
"4","Office","CL4","58631407.0374","8337169.5573","847981.8546","0","0","0","141360.2209"
"5","Office","CL5","65015377.8758","15376888.4499","5497558.5783","1134229.0707","237167.124","0","3406413.1042"
"6","Office","CL6","31408953.3047","8253424.1589","17963227.8819","1054708.2286","286984.1328","286366.2139","4860595.432"
"7","Office","CL7","16971642.0858","7223604.241","20581002.6839","1189613.1955","502596.3224","1289534.4071","5598260.2987"
"8","Office","CL8c","8486014.1375","6014034.4193","22660223.716","2365346.7738","1355366.93","5592763.902","7365203.0362"
"9","Office","CL9c","2991914.3429","4169489.6137","24996353.7908","1873916.0278","1565718.2592","12555318.7915","6835915.3151"
"10","Hotel","CL1","1316.2160144","0","0","0","0","0","0"
"11","Hotel","CL2","3249089.64","0","0","108391.212","0","0","0"
"12","Hotel","CL3","4500603.2019","0","0","816422.41","0","0","0"
"13","Hotel","CL4","6595602.288","1574586.11","0","1486698.48","0","0","0"
"14","Hotel","CL5","9974283.243","5983491.88","0","1319610.07","0","0","951423.18"
"15","Hotel","CL6b","2903588.609","3844798.255","0","0","0","0","0"
"16","Hotel","CL6m","4619803.233","5670281.674","0","0","0","0","461810.16"
"17","Hotel","CL7b","673379.579","1329003.883","0","0","0","0","0"
"18","Hotel","CL7m","3974579.42","7891119.3","0","0","0","0","0"
"19","Hotel","CL8","2773940.609","8590672.23","1231982.89","0","0","0","1617493.08"
"20","Hotel","CL9","1316162.142","4150637.452","2723917.24","0","0","0","1739150.12"
"21","Hospital","CL1","2360795.0629","0","0","0","0","0","0"
"22","Hospital","CL2","11981775.3157","506016.2856","0","0","0","0","0"
"23","Hospital","CL3","10194248.9308","1491112.501","0","0","0","0","0"
"24","Hospital","CL4","6310436.6858","2552940.282","0","0","0","0","0"
"25","Hospital","CL5","6629827.1827","6814988.073","0","691292.1811","0","0","0"
"26","Hospital","CL6","4406393.6374","9774429.7009","0","1441380.3232","258039.9312","0","606611.4556"
"27","Hospital","CL7","2969784.7346","6626704.0207","0","250907.7366","917270.3105","0","6771228.7075"
"28","Hospital","CL8","468856.2314","3562090.3995","1844390.4275","573713.8123","2529344.0638","498618.2307","10648420.5189"
"29","Hospital","CL9","312225.6032","529660.8039","509565.5699","129335.8154","3543425.4115","1202643.5597","9626735.9849"
"30","Retail","ConvenienceStore","9221861.9864","0","0","0","0","0","0"
"31","Retail","SpecialityShop","52719243.3217","0","0","0","0","0","0"
"32","Retail","ConvenienceDrug","11819616.3871","0","0","0","0","0","0"
"33","Retail","SmallGrocery","10147402.0206","145115.0708","0","0","0","0","0"
"34","Retail","LargeGrocery","8975814.62","1089876.1705","0","0","0","0","0"
"35","Retail","MediumGrocery","9617792.7823","1286705.5738","0","0","0","0","0"
"36","Retail","SuperDrugStore","3328257.8229","0","0","0","0","0","0"
"37","Retail","HomeCenter","16487353.6169","7561132.8366","285038.8085","648619.4681","0","0","419093.1249"
"38","Retail","HousingClothingSuper","32170207.2162","10086503.5111","1667954.4595","3219528.28","0","0","2371200.4329"
"39","Retail","SmallGeneral","17455738.1644","6993086.8586","565947.5613","1478590.3277","0","0","306090.6255"
"40","Retail","MediumDepartment","2026179.1035","5314017.7665","283613.2262","283459.6742","0","0","269007.2904"
"41","Retail","MediumGeneral","3601067.0626","7793779.7745","1023838.9451","1341492.0355","0","0","1081008.2357"
"42","Retail","LargeDepartment","224246.3585","1949194.3792","0","0","0","0","0"
"43","Retail","LargeGeneral","420692.651","3630789.6501","0","0","0","0","0"
"44","School","ElementarySchool","138640600.83","1684158.43","338774.93","15363279.46","0","0","11051556.94"
"45","School","JuniorHighSchool","86141826.66","617027.76","212778.12","10117691.8","0","0","6632829.35"
"46","School","HighSchool","75820209.53","364230.24","0","9052629.21","0","0","5983877.23"
