"","","","VRF_NoES","CAV_NoES","VAV_NoES","VRF_HEX","CAV_HEX","VAV_HEX","VRF_HEX_VWV","CAV_HEX_VWV","VAV_HEX_VWV","VRF_HEX_CO2control","CAV_HEX_CO2control","VAV_HEX_CO2control","VRF_HEX_NaturalVentilation","CAV_HEX_NaturalVentilation","VAV_HEX_NaturalVentilation","VRF_HEX_NaturalVentilation_CO2control","CAV_HEX_NaturalVentilation_CO2control","VAV_HEX_NaturalVentilation_CO2control","VRF_HEX_VWV_NaturalVentilation_CO2control","CAV_HEX_VWV_NaturalVentilation_CO2control","VAV_HEX_VWV_NaturalVentilation_CO2control","Others"
"1","Office","CL1","708808.867182164","0","0","0","0","0","0","0","0","0","0","0","0","0","0","0","0","0","0","0","0","0"
"2","Office","CL2","21669871.5711463","455163.4","0","0","0","0","0","0","0","0","0","0","0","0","0","0","0","0","0","0","0","0"
"3","Office","CL3","24279672.6591914","2135345.3","0","0","0","0","0","0","0","0","0","0","0","0","0","0","0","0","0","0","0","0"
"4","Office","CL4","22375546.0968277","5397710.6","0","0","0","0","0","0","0","0","0","0","0","0","0","0","0","0","0","0","0","0"
"5","Office","CL5","21767339.0128782","14644522.5","642472.9","0","0","0","0","0","0","0","0","0","0","0","0","0","0","0","0","0","0","0"
"6","Office","CL6","8236793.7669134","16618118.21","1347505.2","0","0","0","0","0","0","0","0","0","0","0","0","0","0","0","0","0","0","0"
"7","Office","CL7","3456951.04128367","15675420.53","2673429.6","0","0","0","0","0","0","0","0","0","0","0","0","0","0","0","0","0","0","0"
"8","Office","CL8c","1336350.50891754","14191616.49","6475106.4","0","0","0","0","0","0","0","0","0","0","0","0","0","0","0","0","0","0","0"
"9","Office","CL9c","340361.603778312","8424664.5","13707898.94","0","0","0","0","0","0","0","0","0","0","0","0","0","0","0","0","0","0","0"
"10","Hotel","CL1","815.065074","0","0","0","0","0","0","0","0","0","0","0","0","0","0","0","0","0","0","0","0","0"
"11","Hotel","CL2","1634237.699","139520.9","0","305357.2","0","0","0","0","0","0","0","0","0","0","0","0","0","0","0","0","0","0"
"12","Hotel","CL3","1858695.085","838243.2","0","388935.51","206687.77","0","0","0","0","0","0","0","0","0","0","0","0","0","0","0","0","0"
"13","Hotel","CL4","1901388.209","2818032.3","0","466578.37","794016.51","0","0","0","0","0","0","0","0","0","0","0","0","0","0","0","0","0"
"14","Hotel","CL5","2061578.495","7009038.57","0","434645.84","1595073.61","0","0","0","0","0","0","0","58180.54","129649.9","0","0","0","0","0","0","0","0"
"15","Hotel","CL6b","514690.428","3664239.85","0","0","0","0","0","0","0","0","0","0","0","0","0","0","0","0","0","0","0","0"
"16","Hotel","CL6m","817250.502","5261087.09","0","0","247796.8","0","0","0","0","0","0","0","0","331963.49","0","0","0","0","0","0","0","0"
"17","Hotel","CL7b","75509.4411","911503.767","0","0","0","0","0","0","0","0","0","0","0","252960.3","0","0","0","0","0","0","0","0"
"18","Hotel","CL7m","446735.206","3515135.57","0","0","525651.69","0","0","0","0","0","0","0","0","2860296.88","0","0","0","0","0","0","0","0"
"19","Hotel","CL8","0","1580481.93","0","0","329369.87","0","0","0","0","0","0","0","232374.428","5886172","351575.64","0","0","232934.88","0","0","0","189148.359999999"
"20","Hotel","CL9","0","326937.77","0","0","76123.32","0","0","0","0","0","0","0","73853.72","3036573.49","184728.93","0","320421.57","903347.1","0","0","79875.99","1147196.01"
"21","Hospital","CL1","879029.184207481","0","0","0","0","0","0","0","0","0","0","0","0","0","0","0","0","0","0","0","0","0"
"22","Hospital","CL2","4494342.15990136","155418.8","0","0","0","0","0","0","0","0","0","0","0","0","0","0","0","0","0","0","0","0"
"23","Hospital","CL3","3376589.20979931","974391.2","0","0","0","0","0","0","0","0","0","0","0","0","0","0","0","0","0","0","0","0"
"24","Hospital","CL4","1510170.4133966","1790059.61","0","0","0","0","0","0","0","0","0","0","0","0","0","0","0","0","0","0","0","0"
"25","Hospital","CL5","1012290.01379739","4251212.5","0","0","0","0","0","0","0","0","0","0","0","0","0","0","0","0","0","0","0","0"
"26","Hospital","CL6","444898.036","5693892.36","0","0","0","0","0","0","0","0","0","0","0","0","0","0","0","0","0","0","0","0"
"27","Hospital","CL7","170130.5025","6359264.32","0","0","0","0","0","0","0","0","0","0","0","0","0","0","0","0","0","0","0","0"
"28","Hospital","CL8","55740.6474","6852825.6","585029.1","0","0","0","0","0","0","0","0","0","0","0","0","0","0","0","0","0","0","0"
"29","Hospital","CL9","14050.3491","4176180.68","1712767.9","0","0","0","0","0","0","0","0","0","0","0","0","0","0","0","0","0","0","0"
"30","Retail","ConvenienceStore","2830658.47437193","0","0","1171267.3","0","0","0","0","0","0","0","0","0","0","0","0","0","0","0","0","0","0"
"31","Retail","SpecialityShop","15442056.5137886","0","0","7436023.78","0","0","0","0","0","0","0","0","0","0","0","0","0","0","0","0","0","0"
"32","Retail","ConvenienceDrug","3489686.46251249","0","0","1639562.48","0","0","0","0","0","0","0","0","0","0","0","0","0","0","0","0","0","0"
"33","Retail","SmallGrocery","3001254.28905189","0","0","1465293.75","0","0","0","0","0","0","0","0","0","0","0","0","0","0","0","0","0","0"
"34","Retail","LargeGrocery","2778744.24253594","102435.5","0","1410975.79","75958.59","0","0","0","0","0","0","0","0","0","0","0","0","0","0","0","0","0"
"35","Retail","MediumGrocery","2892233.83564546","214735.5","0","1542866.04","82288.47","0","0","0","0","0","0","0","0","0","0","0","0","0","0","0","0","0"
"36","Retail","SuperDrugStore","1235628.19214024","0","0","208704.96","0","0","0","0","0","0","0","0","0","0","0","0","0","0","0","0","0","0"
"37","Retail","HomeCenter","3831811.69033668","2801246.13","0","2395139.68","1880870.82","114070.2","0","0","0","0","0","0","0","0","0","0","0","0","0","0","0","0"
"38","Retail","HousingClothingSuper","7307786.47846943","5436549.63","0","4548544.72","3741339.64","453514.9","0","0","0","0","0","0","0","0","0","0","0","0","0","0","0","0"
"39","Retail","SmallGeneral","4090990.752339","2924242.31","0","2510944.7","1976975.21","126756.8","0","0","0","0","0","0","0","0","0","0","0","0","0","0","0","0"
"40","Retail","MediumDepartment","460388.048712844","1761407.19","0","77233.94","1124235.42","124918.5","0","0","0","0","0","0","0","0","0","0","0","0","0","0","0","0"
"41","Retail","MediumGeneral","710608.756460266","3070220.08","0","240034.62","2140784.14","164067.8","0","0","0","0","114775.96","0","0","0","0","0","0","0","0","0","0","0"
"42","Retail","LargeDepartment","44130.4382","704395.754","0","0","108964.4","0","0","0","0","0","85697.23","0","0","0","0","0","0","0","0","0","0","0"
"43","Retail","LargeGeneral","82977.5489","1113264.03","0","0","312691.43","0","0","0","0","0","249251","0","0","0","0","0","0","0","0","0","0","0"
"44","School","ElementarySchool","40063427.6","11668867.89","67525.65","50696955.19","14643317.53","84738.26","0","0","0","0","0","0","0","0","0","0","0","0","0","0","0","0"
"45","School","JuniorHighSchool","24855726.89","7060743.46","0","31555261.86","9301374.46","0","0","0","0","0","0","0","0","0","0","0","0","0","0","0","0","0"
"46","School","HighSchool","21782737.02","6267308.09","0","27881928.85","8070087.27","0","0","0","0","0","0","0","0","0","0","0","0","0","0","0","0","0"
