"","","","VRF_NoES","VAV_NoES","CAV_NoES","VRF_HEX","VAV_HEX","CAV_HEX","VRF_VWV","VAV_VWV","CAV_VWV","VRF_HEX_VWV","VAV_HEX_VWV","CAV_HEX_VWV","VRF_NaturalVentilation","VAV_NaturalVentilation","CAV_NaturalVentilation","VRF_HEX_NaturalVentilation","VAV_HEX_NaturalVentilation","CAV_HEX_NaturalVentilation","VRF_VWV_NaturalVentilation","VAV_VWV_NaturalVentilation","CAV_VWV_NaturalVentilation","VRF_HEX_VWV_NaturalVentilation","VAV_HEX_VWV_NaturalVentilation","CAV_HEX_VWV_NaturalVentilation","VRF_CO2control","VAV_CO2control","CAV_CO2control","VRF_HEX_CO2control","VAV_HEX_CO2control","CAV_HEX_CO2control","VRF_VWV_CO2control","VAV_VWV_CO2control","CAV_VWV_CO2control","VRF_HEX_VWV_CO2control","VAV_HEX_VWV_CO2control","CAV_HEX_VWV_CO2control","VRF_NaturalVentilation_CO2control","VAV_NaturalVentilation_CO2control","CAV_NaturalVentilation_CO2control","VRF_HEX_NaturalVentilation_CO2control","VAV_HEX_NaturalVentilation_CO2control","CAV_HEX_NaturalVentilation_CO2control","VRF_VWV_NaturalVentilation_CO2control","VAV_VWV_NaturalVentilation_CO2control","CAV_VWV_NaturalVentilation_CO2control","VRF_HEX_VWV_NaturalVentilation_CO2control","VAV_HEX_VWV_NaturalVentilation_CO2control","CAV_HEX_VWV_NaturalVentilation_CO2control"
"1","Office","CL1","53801.3215","0","0","1709409.8902","0","0","0","0","0","0","0","0","0","0","0","0","0","0","0","0","0","0","0","0","0","0","0","0","0","0","0","0","0","0","0","0","0","0","0","0","0","0","0","0","0","0","0","0"
"2","Office","CL2","13526560.8752","0","171995.8211","40074894.4507","0","685446.0788","0","0","0","0","0","0","0","0","0","255974.0772","0","0","0","0","0","0","0","0","322687.7108","0","0","0","0","0","0","0","0","0","0","0","0","0","0","0","0","0","0","0","0","0","0","0"
"3","Office","CL3","14764125.9127","0","1814827.7464","45049922.5966","0","2281302.6832","0","0","0","0","0","0","0","0","0","927983.5994","0","0","0","0","0","0","0","0","504912.5135","0","0","366113.8097","0","0","0","0","0","0","0","0","0","0","0","0","0","0","0","0","0","0","0","0"
"4","Office","CL4","13624894.0463","555265.8845","3712217.5135","43111695.0043","92599.9546","3962925.866","0","0","0","0","0","733623.9839","0","0","0","1601827.2999","0","0","0","0","0","0","0","0","639663.0946","0","0","850245.899","0","0","0","0","0","0","0","0","0","0","0","202944.2507","0","0","0","0","0","0","0","0"
"5","Office","CL5","14191220.6668","3464869.4998","8805489.3769","45676883.593","1613895.8959","7574017.3352","0","0","127911.5736","0","0","2376478.4104","0","0","0","3260402.9469","212997.5371","650209.011","0","0","0","0","0","0","860942.7223","0","0","2059328.8336","0","0","0","0","0","0","0","0","0","0","0","1180088.241","0","120493.1046","0","0","0","0","0","0"
"6","Office","CL6","6114629.9523","11208707.3115","4691886.1041","21253084.2641","2096737.6362","7312381.0866","0","0","0","0","0","1683649.457","0","0","0","2354754.1772","1774504.4522","1309446.0717","0","0","0","0","0","0","231565.9335","66337.8862","0","1670997.6985","0","151505.0003","0","0","0","0","0","0","0","0","0","1489344.9575","907829.6948","862970.5701","0","0","0","0","0","0"
"7","Office","CL7","2569586.068","1861724.2529","415114.2462","10561467.8159","1541014.34","5596463.5825","0","0","0","0","0","1070845.3626","0","0","0","1878649.6804","4738222.604","1829426.0546","0","0","0","0","0","61081.8188","134274.3144","0","0","1316194.5389","0","65517.905","0","0","0","0","0","0","0","0","0","1807700.6537","14191303.8596","4604858.0965","0","0","0","0","0","0"
"8","Office","CL8c","901465.1114","1739002.5495","508966.2037","4149765.3656","1187851.1977","520639.4875","0","0","0","0","0","2132819.6585","0","0","0","1342830.4657","6929975.2458","2377652.2551","0","0","0","0","462175.7659","523434.7164","73248.4582","263064.5929","0","891598.0446","378015.4177","428589.8214","0","0","0","0","0","203392.2999","0","0","0","1936461.3452","16184807.9827","8907527.5849","0","0","0","0","1395428.0277","1295459.4666"
"9","Office","CL9c","131197.6552","672148.6854","91182.6691","546729.5688","464374.1565","75594.4135","0","67771.7963","0","0","56517.4427","218321.422","0","0","0","476620.8936","6246024.1194","1443961.4097","0","0","0","0","1156670.6357","621793.3747","0","143687.2343","0","351637.5836","499760.1247","196989.3562","0","0","0","0","60824.1519","283316.3922","0","0","0","1819263.3381","23414082.7942","7738982.3944","0","0","0","0","5220911.8544","3904597.2524"
"10","Hotel","CL1","1315.122315","0","0","22.9792875","0","0","0","0","0","0","0","0","0","0","0","0","0","0","0","0","0","0","0","0","0","0","0","0","0","0","0","0","0","0","0","0","0","0","0","0","0","0","0","0","0","0","0","0"
"11","Hotel","CL2","1498046.0225","0","0","1915261.887297","0","0","0","0","0","0","0","0","0","0","0","0","0","0","0","0","0","0","0","0","0","0","0","0","0","0","0","0","0","0","0","0","0","0","0","0","0","0","0","0","0","0","0","0"
"12","Hotel","CL3","2086066.976427","0","227266.137146","2707536.859061","0","384565.670359","0","0","0","0","0","0","0","0","0","0","0","0","0","0","0","0","0","0","0","0","0","0","0","0","0","0","0","0","0","0","0","0","0","0","0","0","0","0","0","0","0","0"
"13","Hotel","CL4","3116919.672845","0","1157948.423136","3978133.661416","0","1564457.0321","0","0","0","0","0","0","0","0","0","0","0","0","0","0","0","0","0","0","0","0","0","0","0","0","0","0","0","0","0","0","0","0","0","0","0","0","0","0","0","0","0","0"
"14","Hotel","CL5","4673437.512853","0","2766583.040468","6103181.567758","0","4575379.96545","0","0","0","0","0","67495.031502","0","0","0","345834.086004","0","0","0","0","0","0","0","0","0","0","0","0","0","0","0","0","0","0","0","0","0","0","0","0","0","0","0","0","0","0","0","0"
"15","Hotel","CL6b","1137366.486447","0","808434.434422","2132594.886537","0","2782201.22834","0","0","0","0","0","0","0","0","0","0","0","0","0","0","0","0","0","0","0","0","0","0","0","0","0","0","0","0","0","0","0","0","0","0","0","0","0","0","0","0","0","0"
"16","Hotel","CL6m","2067607.959301","0","1906761.804081","2961307.640531","0","3819385.728519","0","0","0","0","0","0","0","0","0","175611.166756","0","0","0","0","0","0","0","0","0","0","0","0","0","0","0","0","0","0","0","0","0","0","0","0","0","0","0","0","0","0","0","0"
"17","Hotel","CL7b","0","0","0","767333.818724","0","1268344.686943","0","0","0","0","0","0","0","0","0","0","0","0","0","0","0","0","0","0","0","0","0","0","0","0","0","0","0","0","0","0","0","0","0","0","0","0","0","0","0","0","0","0"
"18","Hotel","CL7m","1457077.911599","0","287840.309163","2576070.595211","0","7243994.223743","0","0","0","0","0","0","0","0","0","498015.136859","0","0","0","0","0","0","0","0","0","0","0","0","0","0","0","0","0","0","0","0","0","0","0","0","0","0","0","0","0","0","0","0"
"19","Hotel","CL8","644915.874345","0","0","1602600.938063","0","1357150.923319","0","0","0","0","0","0","0","0","0","687769.703388","0","0","0","0","0","0","0","697887.787588","0","0","0","0","0","0","0","0","0","0","0","0","0","0","0","276404.102258","1206229.845668","5326135.686424","0","0","0","0","0","2651341.620568"
"20","Hotel","CL9","171629.664633","0","0","220063.634124","0","0","0","0","0","0","0","0","0","0","0","337840.0787","0","121799.405663","0","0","0","0","0","457778.428652","0","0","0","0","0","0","0","0","0","0","0","0","0","0","0","755723.483292","2322366.301368","1572807.951027","0","0","0","0","450928.105282","3684040.821251"
"21","Hospital","CL1","1696069.6514","0","0","703980.0147","0","0","0","0","0","0","0","0","0","0","0","0","0","0","0","0","0","0","0","0","0","0","0","0","0","0","0","0","0","0","0","0","0","0","0","0","0","0","0","0","0","0","0","0"
"22","Hospital","CL2","6633634.2125","0","191501.5062","5597985.9975","0","86582.7222","0","0","0","0","0","0","0","0","0","185730.4502","0","0","0","0","0","0","0","0","0","0","0","0","0","0","0","0","0","0","0","0","0","0","0","0","0","0","0","0","0","0","0","0"
"23","Hospital","CL3","4987664.9502","0","778047.0504","5098010.5193","0","769821.1895","0","0","0","0","0","0","0","0","0","246118.442","0","0","0","0","0","0","0","0","0","0","0","0","0","0","0","0","0","0","0","0","0","0","0","0","0","0","0","0","0","0","0","0"
"24","Hospital","CL4","2601216.7109","0","958242.3183","3718156.144","0","1612808.8826","0","0","0","0","0","0","0","0","0","120330.5134","0","0","0","0","0","0","0","0","0","0","0","0","0","0","0","0","0","0","0","0","0","0","0","0","0","0","0","0","0","0","0","0"
"25","Hospital","CL5","2430826.6947","0","3321126.1444","4061764.751","0","4078841.3586","0","0","0","0","0","0","0","0","0","426302.4284","0","52297.0614","0","0","0","0","0","0","0","0","0","0","0","0","0","0","0","0","0","0","0","0","0","0","0","0","0","0","0","0","0","0"
"26","Hospital","CL6","1255645.9299","0","3668895.921","2968095.0867","0","7425646.0007","0","0","0","0","0","0","0","0","0","407364.5754","0","1035346.0752","0","0","0","0","0","0","0","0","0","0","0","0","0","0","0","0","0","0","0","0","0","0","0","0","0","0","0","0","0","0"
"27","Hospital","CL7","506109.7526","0","4038178.8934","2222158.8258","0","8937960.6926","0","0","0","0","0","0","0","0","0","422948.2069","0","1700120.8026","0","0","0","0","0","0","0","0","0","0","0","0","0","0","0","0","0","0","0","0","0","0","0","0","0","0","0","0","0","0"
"28","Hospital","CL8","0","88723.5543","976712.6295","485854.6028","1949175.0225","13091768.5169","0","0","0","0","0","547484.8225","0","0","0","0","356884.0731","2877340.0795","0","0","0","0","0","0","0","0","0","0","0","0","0","0","0","0","0","0","0","0","0","0","0","86130.1204","0","0","0","0","0","0"
"29","Hospital","CL9","0","0","71264.9655","0","0","235463.2108","0","0","402060.6085","0","90810.6243","1177617.9089","0","0","0","323116.6586","106076.2855","1984043.2161","0","0","0","0","1407830.3976","9692339.5274","0","0","0","0","0","0","0","0","0","0","0","0","0","0","0","0","0","146836.9617","0","0","0","0","0","479741.2237"
"30","Retail","ConvenienceStore","7012444.3403","0","0","2362756.0348","0","0","0","0","0","0","0","0","0","0","0","0","0","0","0","0","0","0","0","0","0","0","0","0","0","0","0","0","0","0","0","0","0","0","0","0","0","0","0","0","0","0","0","0"
"31","Retail","SpecialityShop","37330792.3079","0","0","16121684.1488","0","0","0","0","0","0","0","0","0","0","0","143366.8231","0","0","0","0","0","0","0","0","0","0","0","0","0","0","0","0","0","0","0","0","0","0","0","0","0","0","0","0","0","0","0","0"
"32","Retail","ConvenienceDrug","8412922.7762","0","0","3603226.6902","0","0","0","0","0","0","0","0","0","0","0","0","0","0","0","0","0","0","0","0","0","0","0","0","0","0","0","0","0","0","0","0","0","0","0","0","0","0","0","0","0","0","0","0"
"33","Retail","SmallGrocery","7209351.5116","0","134491.4435","3067150.3631","0","0","0","0","0","0","0","0","0","0","0","52664.6981","0","0","0","0","0","0","0","0","0","0","0","0","0","0","0","0","0","0","0","0","0","0","0","0","0","0","0","0","0","0","0","0"
"34","Retail","LargeGrocery","6397642.2481","0","869784.5756","2708072.3331","0","202108.9437","0","0","0","0","0","0","0","0","0","55452.0133","0","0","0","0","0","0","0","0","0","0","0","0","0","0","0","0","0","0","0","0","0","0","0","0","0","0","0","0","0","0","0","0"
"35","Retail","MediumGrocery","6821070.2277","0","985720.9061","2885472.6202","0","280468.7179","0","0","0","0","0","0","0","0","0","113082.652","0","0","0","0","0","0","0","0","0","0","0","0","0","0","0","0","0","0","0","0","0","0","0","0","0","0","0","0","0","0","0","0"
"36","Retail","SuperDrugStore","2702425.843","0","0","681173.2654","0","0","0","0","0","0","0","0","0","0","0","0","0","0","0","0","0","0","0","0","0","0","0","0","0","0","0","0","0","0","0","0","0","0","0","0","0","0","0","0","0","0","0","0"
"37","Retail","HomeCenter","10621703.6969","0","4947590.2711","5545705.8053","292920.7865","2826087.7936","0","0","0","0","0","0","0","0","0","841580.7183","0","748013.0418","0","0","0","0","0","0","0","0","0","0","0","0","0","0","0","0","0","0","0","0","0","0","0","0","0","0","0","0","0","0"
"38","Retail","HousingClothingSuper","19964742.1322","74181.1273","9284700.7881","10981412.1733","1817963.5943","4230936.0704","0","0","0","0","0","0","0","0","0","2241252.1687","0","1743533.1452","0","0","0","0","0","0","0","0","0","0","0","0","0","0","0","0","0","0","0","0","0","0","0","0","0","0","0","0","0","0"
"39","Retail","SmallGeneral","11178549.5859","0","5213215.246","5871543.3975","553363.0235","2659822.287","0","0","0","0","0","0","0","0","0","955932.8727","0","812640.4966","0","0","0","0","0","0","0","0","0","0","0","0","0","0","0","0","0","0","0","0","0","0","0","0","0","0","0","0","0","0"
"40","Retail","MediumDepartment","1530099.3623","0","3251610.6399","517618.059","288585.2267","932244.3449","0","0","0","0","0","0","0","0","0","92506.1079","0","1699566.0325","0","0","0","0","0","0","0","0","0","0","0","0","0","0","0","0","0","0","0","0","0","0","0","0","0","0","0","0","0","0"
"41","Retail","MediumGeneral","2583650.8069","0","5381674.7153","931213.8337","1042138.8515","1482557.9172","0","0","0","0","0","0","0","0","0","287535.2894","0","3379189.4822","0","0","0","0","0","0","0","0","0","0","0","0","0","0","0","0","0","0","0","0","0","0","0","0","0","0","0","0","0","0"
"42","Retail","LargeDepartment","239154.1041","0","115552.8427","0","0","99654.6552","0","0","0","0","0","0","0","0","0","0","0","1755218.4641","0","0","0","0","0","0","0","0","0","0","0","0","0","0","0","0","0","0","0","0","0","0","0","0","0","0","0","0","0","0"
"43","Retail","LargeGeneral","448614.0918","0","264085.6735","0","0","109637.6305","0","0","0","0","0","0","0","0","0","0","0","3296511.7526","0","0","0","0","0","0","0","0","0","0","0","0","0","0","0","0","0","0","0","0","0","0","0","0","0","0","0","0","0","0"
"44","School","ElementarySchool","60184496.759","117471.347","11451920.524","75525809.242","147415.352","14481475.525","0","0","0","0","0","0","0","0","0","0","0","0","0","0","0","0","0","0","0","0","0","0","0","0","0","0","0","0","0","0","0","0","0","0","0","0","0","0","0","0","0","0"
"45","School","JuniorHighSchool","37392874.724","0","7045066.833","46924495.068","0","9150319.76","0","0","0","0","0","0","0","0","0","0","0","0","0","0","0","0","0","0","0","0","0","0","0","0","0","0","0","0","0","0","0","0","0","0","0","0","0","0","0","0","0","0"
"46","School","HighSchool","32910635.865","0","6196737.611","41299712.444","0","7991278.394","0","0","0","0","0","0","0","0","0","0","0","0","0","0","0","0","0","0","0","0","0","0","0","0","0","0","0","0","0","0","0","0","0","0","0","0","0","0","0","0","0","0"
