"","Building","Segment","NoIns1","Ins1","Ins2","InsL"
"1","Office","CL1","984829.4525","567162.7712","225817.6301","0"
"2","Office","CL2","29650234.0197","17075554.407","8767458.2447","0"
"3","Office","CL3","36379425.333","20950892.1974","8922915.5604","0"
"4","Office","CL4","38606931.9119","22233712.0819","8819277.3507","0"
"5","Office","CL5","38066051.4392","45869197.5377","9003151.5939","0"
"6","Office","CL6","26956219.6414","32481965.3429","6281812.7905","0"
"7","Office","CL7","23043709.1105","27767430.6967","3881418.1224","0"
"8","Office","CL8c","0","0","54460955.6259","726391.1749"
"9","Office","CL9c","0","0","55913948.9994","451864.5359"
"10","Hotel","CL1","841.431267","484.579817","23.16954846","0"
"11","Hotel","CL2","1965601.2839","1131988.741","343978.649","0"
"12","Hotel","CL3","2881675.629","1659555.4794","908959.16","0"
"13","Hotel","CL4","5256682.7242","3027321.0416","1614739.163","0"
"14","Hotel","CL5","6961808.501","8388907.014","3334632.376","0"
"15","Hotel","CL6b","2646809.4858","3189378.1102","1081212.2057","0"
"16","Hotel","CL6m","4197796.6017","5058301.5249","1765077.5155","0"
"17","Hotel","CL7b","809804.7222","975806.3014","266922.083","0"
"18","Hotel","CL7m","4777101.012","5756357.1681","1629415.9729","0"
"19","Hotel","CL8","0","0","13751178.3655","818901.7964"
"20","Hotel","CL9","0","0","9937666.7599","240893.0288"
"21","Hospital","CL1","1391050.4277","801105.2205","227765.4154","0"
"22","Hospital","CL2","7189154.2143","4140230.1879","1471163.3193","0"
"23","Hospital","CL3","6622709.5395","3814014.9915","1541296.1931","0"
"24","Hospital","CL4","5070756.7813","2920246.2031","1094356.8196","0"
"25","Hospital","CL5","5864329.1457","7066455.8527","1559360.5451","0"
"26","Hospital","CL6","6723156.3506","8101333.7332","2075277.4268","0"
"27","Hospital","CL7","6918359.0455","8336550.9696","2720171.1225","0"
"28","Hospital","CL8","0","0","19328524.9762","1300949.1951"
"29","Hospital","CL9","0","0","15142905.7366","1107739.455"
"30","Retail","ConvenienceStore","5167775.1526","2976119.03265","1308928.87471","0"
"31","Retail","SpecialityShop","29860355.72017","17196563.38526","6982675.03581","0"
"32","Retail","ConvenienceDrug","6457658.71171","3718962.30571","1939017.07224","0"
"33","Retail","SmallGrocery","5845361.18796","3366340.47867","1338591.00224","0"
"34","Retail","LargeGrocery","4085594.87165","4923099.48424","1309091.15837","0"
"35","Retail","MediumGrocery","4426061.1105","5333357.77479","1418182.08846","0"
"36","Retail","SuperDrugStore","1299602.77053","1566007.87224","546003.23103","0"
"37","Retail","HomeCenter","10017973.49731","12071554.25645","3947882.83616","0"
"38","Retail","HousingClothingSuper","19622878.74967","23645365.55857","7487260.16261","0"
"39","Retail","SmallGeneral","10838648.16893","13060458.73202","3571537.61201","0"
"40","Retail","MediumDepartment","0","0","8052173.41605","328878.09515"
"41","Retail","MediumGeneral","0","0","14475979.66094","736903.15664"
"42","Retail","LargeDepartment","0","0","2140451.16164","87423.29124"
"43","Retail","LargeGeneral","0","0","3963353.98879","189597.48439"
"44","School","ElementarySchool","62995005.885","75908329.363","20623400.985","0"
"45","School","JuniorHighSchool","39079573.434","47090480.911","12864049.395","0"
"46","School","HighSchool","34079766.012","41065765.004","11952396.648","0"
