"","Building","Segment","Conventional","LED"
"1","Office","CL1","1243972.96005","448134.449885"
"2","Office","CL2","38829854.71714","13988242.63085"
"3","Office","CL3","46358855.71162","16700524.030602"
"4","Office","CL4","48742590.99349","17559251.618576"
"5","Office","CL5","65031058.87911","23427083.020387"
"6","Office","CL6","45985739.14223","16566110.828471"
"7","Office","CL7","38269595.05619","13786412.154063"
"8","Office","CL8c","38615809.79632","13911134.120318"
"9","Office","CL9c","39440409.09264","14208191.503226"
"10","Hotel","CL1","835.15674071","435.99170378"
"11","Hotel","CL2","2130366.8373","1112153.10355"
"12","Hotel","CL3","3373724.5831","1761245.07758"
"13","Hotel","CL4","6127425.1936","3198808.07081"
"14","Hotel","CL5","11566425.1315","6038225.303"
"15","Hotel","CL6b","4281942.6222","2235378.2552"
"16","Hotel","CL6m","6822222.5766","3561525.5232"
"17","Hotel","CL7b","1270539.3619","663282.10889"
"18","Hotel","CL7m","7528946.1072","3930468.91999"
"19","Hotel","CL8","9019031.3109","4708364.4926"
"20","Hotel","CL9","6300634.6922","3289231.7539"
"21","Hospital","CL1","1643073.2057","661721.9071"
"22","Hospital","CL2","8691290.5259","3500280.64312"
"23","Hospital","CL3","8132812.7809","3275362.50959"
"24","Hospital","CL4","6168759.5993","2484370.96297"
"25","Hospital","CL5","9838490.312","3962297.32273"
"26","Hospital","CL6","11474570.6623","4621202.96666"
"27","Hospital","CL7","12204684.9705","4915245.02927"
"28","Hospital","CL8","14006959.4975","5641082.76459"
"29","Hospital","CL9","11033830.8684","4443701.9447"
"30","Retail","ConvenienceStore","5866896.72399","3127907.68325"
"31","Retail","SpecialityShop","33539686.05996","17881521.8089"
"32","Retail","ConvenienceDrug","7519573.4615","4009024.31167"
"33","Retail","SmallGrocery","6548041.47907","3491056.72338"
"34","Retail","LargeGrocery","6403735.86237","3414120.87984"
"35","Retail","MediumGrocery","6937380.51801","3698630.95321"
"36","Retail","SuperDrugStore","2117418.90585","1128891.67386"
"37","Retail","HomeCenter","16160124.64445","8615692.48822"
"38","Retail","HousingClothingSuper","31501415.07966","16794827.46864"
"39","Retail","SmallGeneral","17049661.59515","9089944.82243"
"40","Retail","MediumDepartment","5201701.47543","2773262.04534"
"41","Retail","MediumGeneral","9441879.08713","5033892.28204"
"42","Retail","LargeDepartment","1382730.77178","737196.24005"
"43","Retail","LargeGeneral","2577530.2508","1374197.81752"
"44","School","ElementarySchool","126181509.909","44579072.2679"
"45","School","JuniorHighSchool","78333406.7","27674661.7992"
"46","School","HighSchool","68892201.179","24339147.8804"
