"","Building","Segment","Level1","Level2","Level3","Level4"
"1","Office","CL1","1507956.0904","0","0","0"
"2","Office","CL2","47069926.5894","0","0","0"
"3","Office","CL3","56196654.6366","0","0","0"
"4","Office","CL4","59086241.6712","0","0","0"
"5","Office","CL5","78831280.4631","0","0","0"
"6","Office","CL6","55744359.1112","0","0","0"
"7","Office","CL7","46390774.3928","0","0","0"
"8","Office","CL8c","46810459.2601","0","0","0"
"9","Office","CL9c","47810046.5267","0","0","0"
"10","Hotel","CL1","1368.250084","0","0","0"
"11","Hotel","CL2","3490212.779","0","0","0"
"12","Hotel","CL3","5527224.242","0","0","0"
"13","Hotel","CL4","10038653.99","0","0","0"
"14","Hotel","CL5","18949450.002","0","0","0"
"15","Hotel","CL6b","7015171.534","0","0","0"
"16","Hotel","CL6m","11176951.004","0","0","0"
"17","Hotel","CL7b","2081544.0657","0","0","0"
"18","Hotel","CL7m","12334787.213","0","0","0"
"19","Hotel","CL8","14776016.194","0","0","0"
"20","Hotel","CL9","10322425.621","0","0","0"
"21","Hospital","CL1","1734875.1151","0","0","0"
"22","Hospital","CL2","9176890.9547","0","0","0"
"23","Hospital","CL3","8587209.899","0","0","0"
"24","Hospital","CL4","6513420.9907","0","0","0"
"25","Hospital","CL5","10388187.1655","0","0","0"
"26","Hospital","CL6","12115678.7212","0","0","0"
"27","Hospital","CL7","12886586.0326","0","0","0"
"28","Hospital","CL8","14789557.3746","0","0","0"
"29","Hospital","CL9","11650313.8857","0","0","0"
"30","Retail","ConvenienceStore","7317806.9747","0","0","0"
"31","Retail","SpecialityShop","41834203.0117","0","0","0"
"32","Retail","ConvenienceDrug","9379198.1886","0","0","0"
"33","Retail","SmallGrocery","8167401.9272","0","0","0"
"34","Retail","LargeGrocery","7987408.8748","0","0","0"
"35","Retail","MediumGrocery","8653026.2815","0","0","0"
"36","Retail","SuperDrugStore","2641066.2343","0","0","0"
"37","Retail","HomeCenter","20156596.9887","0","0","0"
"38","Retail","HousingClothingSuper","39291858.345","0","0","0"
"39","Retail","SmallGeneral","21266120.4753","0","0","0"
"40","Retail","MediumDepartment","6488105.9153","0","0","0"
"41","Retail","MediumGeneral","11776898.7405","0","0","0"
"42","Retail","LargeDepartment","1724686.3827","0","0","0"
"43","Retail","LargeGeneral","3214965.2083","0","0","0"
"44","School","ElementarySchool","158299674.99","0","0","0"
"45","School","JuniorHighSchool","98272344.73","0","0","0"
"46","School","HighSchool","86427980.4","0","0","0"
