"","","","DecEle","DecHP","DecGas","DecOil","CenEle","CenHP","CenGas","CenOil"
"1","Office","CL1","1398885.6173","0","225111.1187","8581.9109","0","0","0","116153.8015"
"2","Office","CL2","42857238.5763193","269237.200175","6105072.49403571","772021.6011","0","0","0","4582043.40217"
"3","Office","CL3","49181809.4236271","0","8739475.99494183","1490728.1643","0","0","0","5757598.51503111"
"4","Office","CL4","52522219.0202395","49264.4172","8773673.46340889","453664.7477","0","955169.212633333","1697021.04152","4069569.52629833"
"5","Office","CL5","61242291.09704","4031.0578","14902655.7699911","955445.2805","1998492.29672556","2888961.501045","9272677.60549833","153769.1705"
"6","Office","CL6","41152393.257295","115803.5607","7134750.90479","340364.6721","1880980.28115","3756703.8954","10264101.673065","0"
"7","Office","CL7","33083126.5391333","252825.4839","5997721.93878333","46468.7828","2751136.76293333","2979498.154","8687242.72855","0"
"8","Office","CL8c","28279950.1511","39208.9044","4232488.1121","0","5477846.3512","4578987.5427","11676235.5616","0"
"9","Office","CL9c","20106641.3982","0","3452602.9775","0","13445898.0377","6496885.4067","11941880.8357","0"
"10","Hotel","CL1","423.0543","0","0","0","0","23.73629","873.9389384","6.38426"
"11","Hotel","CL2","249096.9112","0","0","0","0","149046.921","2533192.204","453943.313"
"12","Hotel","CL3","363332.8405","0","0","0","8539.2265","73302.405","3508378.5634","1407495.215"
"13","Hotel","CL4","1248442.15","0","0","0","64657.36","343847.942","6286833.406","1793060.8725"
"14","Hotel","CL5","884472.33","0","0","0","294771.44","235694.073","14274949.1981","2689848.439"
"15","Hotel","CL6b","326632.8116","0","0","0","48269.71","257036.507","5393780.4161","778541.2364"
"16","Hotel","CL6m","432402.911","0","0","0","110090.946","446414.837","8154214.189","1697793.207"
"17","Hotel","CL7b","82930.025","0","0","0","4982.919","57327.272","1537556.618","336165.524"
"18","Hotel","CL7m","610836.838","0","0","0","69979.066","410541.03","9618260.9123","1254323.882"
"19","Hotel","CL8","622188","0","0","0","160168.653","574648.68","11088944.84","1885825.294"
"20","Hotel","CL9","260109.733","0","0","0","209678.71","222624.065","8931901.638","387767.813"
"21","Hospital","CL1","924199.6265","0","1099828.4749","22223.2409","150937.3074","47023.401","123949.5301","12179.8705"
"22","Hospital","CL2","4360428.7531","0","4142969.5205","173180.8248","923988.8131","609196.4497","1869786.0888","511634.7704"
"23","Hospital","CL3","3349067.9507","0","2883901.1839","237972.7979","782406.8713","407005.0903","3621009.4805","500747.8993"
"24","Hospital","CL4","2152645.0098","0","1767828.7823","33785.5183","1049556.1116","435850.8124","2976543.7389","520551.9994"
"25","Hospital","CL5","1331069.5967","0","1933681.9223","41399.3551","1211257.1636","706911.122","7096522.9628","1932306.2817"
"26","Hospital","CL6","890754.7952","0","994727.4157","41245.0051","860620.1483","1372470.3889","10026857.1897","2436684.2738"
"27","Hospital","CL7","510406.3294","0","657291.5954","84616.8417","491455.0392","846567.8703","10573293.9342","4517453.6776"
"28","Hospital","CL8","325465.6","0","137850.2896","0","608432.3855","1669967.9021","13290651.2567","4259696.3064"
"29","Hospital","CL9","155046.7662","0","238696.173","0","222405.4302","300337.1509","8900550.3918","6167817.8629"
"30","Retail","ConvenienceStore","0","0","0","0","0","0","0","0"
"31","Retail","SpecialityShop","0","0","0","0","0","0","0","0"
"32","Retail","ConvenienceDrug","0","0","0","0","0","0","0","0"
"33","Retail","SmallGrocery","0","0","0","0","0","0","0","0"
"34","Retail","LargeGrocery","0","0","0","0","0","0","0","0"
"35","Retail","MediumGrocery","0","0","0","0","0","0","0","0"
"36","Retail","SuperDrugStore","0","0","0","0","0","0","0","0"
"37","Retail","HomeCenter","0","0","0","0","0","0","0","0"
"38","Retail","HousingClothingSuper","0","0","0","0","0","0","0","0"
"39","Retail","SmallGeneral","0","0","0","0","0","0","0","0"
"40","Retail","MediumDepartment","3546341.8449","0","2866854.022","0","40541.7739","674529.8271","909378.031","206327.6722"
"41","Retail","MediumGeneral","5658057.8917","0","5804705.868","0","176887.5759","1234996.2189","1855042.3128","234374.9177"
"42","Retail","LargeDepartment","1197968.6309","0","701923.0851","0","0","58163.2534","202944.2832","30436.6537"
"43","Retail","LargeGeneral","1748104.7172","0","1472805.047","0","0","132936.3569","724148.5724","7032.1638"
"44","School","ElementarySchool","72959202.74","494824.06","67985294.2","0","15449350.49","0","7500299.16","0"
"45","School","JuniorHighSchool","48118120.78","2208073.84","41665637.71","0","5781547.96","0","4279195.67","0"
"46","School","HighSchool","50459420","217314.11","26798008.8","0","6719475.63","0","5558377.21","0"
