"","Var2","Var1","Year1980","Year1990","Year2000","Year2005","Year2010","Year2011","Year2012","Year2013","Year2014","Year2015","Year2016","Year2017","Year2018","Year2019","Year2020","Year2021","Year2022","Year2023","Year2024","Year2025","Year2030","Year2050"
"1","Office","MUL","104171695.128119","159716926.22466","228991257.1494","248283053.58112","265746565.862431","267677006.232024","270832262.694427","273619627.53768","275574340.213542","278260495.790796","281938460.775268","284712448.036609","287408481.488844","290017208.07085","293921445.7047","298877494.2848","303842539.1272","308819591.2403","313807604.3757","318999877.4731","344335502.675099","343138684.354"
"2","Office","CAV","0","646838.7","10561621.1045","24317332.4799","31599369.42096","41039451.894846","41436954.05834","42309293.977","43051034.469661","44806648.914442","50419038.86529","52082289.996396","53109400.028915","58974692.42721","60297108.7412","54508642.3636","56275860.7045","56337347.9116","58986327.6624","60526483.04429","52065227.733997","0"
"3","Office","VAV","10053292.9","21998741.9","43521858.7036","51794328.7648","57139389.221609","68985255.257016","69994463.9178","70706090.31259","71527853.598353","72416664.519527","79684005.64863","80485675.86903","81349478.134926","78419179.06604","78953818.596","92546348.5055","91231776.0946","91562745.7989","89309084.6719","87855012.32707","94456049.683009","123145709.216"
"4","Office","FCU","65345092.63","87188450.16","84808749.4733","61271770.6385","36708640.102975","24986719.659008","23145252.35827","20864026.69476","18948610.893138","17453515.64023","12741043.1565","10592607.252834","9109599.549951","7729840.32843","6696553.2123","7617813.2964","6634894.0523","5894962.4139","5348300.8503","4963869.12281","5526758.706005","0"
"5","Office","CAVFCU","0","887338.8","2771786.1097","3546528.8891","4221679.976762","3890766.471627","3917752.77912","4145917.42388","4065875.643289","4087659.638867","4198166.65748","4428719.759092","4461697.266771","4485465.07168","4420729.8862","3947832.7684","4181548.1094","4202732.1406","4123647.9304","4141520.32669","3793666.089003","0"
"6","Office","VAVFCU","14793120.14","23540259.5","31069025.5405","25193190.8949","23666018.092328","22300011.690165","22258527.89071","22283765.26433","22234982.14605","21818441.291223","21234761.70601","21066805.608039","20549114.598408","20261810.61941","20048217.2374","19723983.3145","19592440.4676","19306358.7858","19218407.2579","19026297.80021","20814104.9923","48396516.113"
"7","Office","OHUFCU","12197468.9","23962867.9","37723400.6605","45292538.9655","58843023.510273","50058027.317779","50389681.71325","50071278.78444","49609855.327078","48194231.103692","40872389.28698","39744424.183168","39150303.775712","37274984.3268","36941606.9519","28207747.4071","27855548.3861","27710261.5727","27294954.8232","26864819.2347","23372981.069731","29683381.268"
"8","Hotel","MUL","11270825.738174","15396318.297522","18468365.854784","23170162.8400432","27412064.8415321","27474806.4377283","27643193.5923437","28027705.9430403","28470677.1858994","29092052.5801457","30688451.3631171","32711997.8625645","34941270.3489995","36824722.4507073","38170361.5556357","40582348.1809144","42878604.6343884","44895689.4285315","46769487.5095325","48516093.2845029","56313197.2515118","54960306.566735"
"9","Hotel","CAV","0","280331","4382566.49","4967550.42","6036963.7921","8226017.8179982","8332974.585","8546002.783","8730209.0511","9048511.2248","11900824.326002","13230369.8274","21437042.35126","22243238.195","25796577.228","39034590.784","39105899.069","38302724.051346","37536686.0012","36969990.707","35338261.53636","0"
"10","Hotel","VAV","1752462.54","3339874.77","5152069.39","4962094.97","4821051.4153","4678665.4791535","4585504.9405","4413170.291","4358603.396","4292766.966","4042121.722818","3791548.5838","3772799.6484","3787219.501","3671942.35","3955900.13","3988606.115","3979524.252318","3975227.3","4082358.791","4138727.19571","37662874.14"
"11","Hotel","FCU","16905092.01","23265152.09","26151809.75","23055735.941","21210638.82192","19115687.1031669","18626907.4329","18159968.5351","17241416.14871","16688739.8728","12231127.766784","11528531.9775","10899511.2833","10516149.716","10128031.035","3731122.172","2481321.366","2327824.460029","2219119.309","1850361.519","667711.27331","0"
"12","Hotel","CAVFCU","0","0","0","0","0","0","0","0","0","0","0","0","0","0","0","0","0","0","0","0","0","0"
"13","Hotel","VAVFCU","0","0","0","0","0","0","0","0","0","0","0","0","0","0","0","0","0","0","0","0","0","0"
"14","Hotel","OHUFCU","27088230.507","36965237.82","41558993.41","39043671.225","36130168.27738","34571938.6236167","33540600.3194","32553152.5934","31664078.15487","30622486.0669","30161605.165613","27658763.9224","18488097.44331","17196571.421","13550853.49","4769876.54","4381739.023","4099051.828489","3879301.477","3742443.216","2708600.20109","6543318.4"
"15","Hospital","MUL","11957240.5161021","16587810.24846","26196094.99","32918516.7098","38008077.085269","38628356.01631","39358847.0264","40387511.1607","41245704.930804","42073745.42742","42965640.98269","43495079.30572","43944971.3483","44278061.7558","44907692.2385","45634343.3845","46266186.8513","47099085.1189","48038425.4346","48785088.0552","52856978.05536","51592189.073"
"16","Hospital","CAV","0","0","0","536271.875","943158.22948","3866296.12599","3881944.42496","4224470.42447","4557517.539266","4891447.72687","18065111.26875","19873104.56183","21885837.15407","22411565.1135","23293611.0597","31857942.0666","35550370.1587","36091908.6794","36041218.5916","37637089.0358","47946872.79351","0"
"17","Hospital","VAV","111594","150961.5","0","225452.5768","137221.952093","702423.26725","691231.19412","705039.15395","702925.916038","695581.54042","1250814.60818","1248549.16312","1245438.61591","1376582.2809","1379291.8979","2353955.9974","2373085.8319","2392293.3937","2401974.1186","2420768.6971","3665623.24436","36587202.36"
"18","Hospital","FCU","13318247.97","19842491.97","24862541.9344","24132295.6938","21447723.50899","21128724.22021","21139153.86672","21107295.10669","20984599.512825","20429303.94996","9891536.60328","7791828.30954","5403429.00767","4751607.1945","3846608.8662","3086629.8686","2651536.7021","2105242.1593","1580899.8035","1517794.0226","1134521.41673","0"
"19","Hospital","CAVFCU","0","0","512735.579","4786494.1877","6788942.124991","6593727.6946","6750687.87378","6860921.69219","6901680.087896","7461130.47194","7087742.51586","7478639.0991","7947779.81387","8241276.7665","8572511.572","7248079.717","7404573.2012","8230224.721","8262859.1013","8325975.9668","7786500.56657","0"
"20","Hospital","VAVFCU","2186203","3227067.1","937361.5732","1670465.3432","1488645.309883","1597842.57277","1574960.43849","1370734.23532","1267882.445243","1275515.49452","1292488.93936","1408861.90517","1524965.42982","1540410.7868","1664413.3037","1701261.7904","1587899.8814","1607206.5636","1621985.0617","1640726.3791","1713626.63179","26446967.036"
"21","Hospital","OHUFCU","16934997.1","23188008.55","35333986.0625","37952822.7051","40158158.541696","36943658.88692","37042407.95074","37544028.22655","37517893.571567","38014426.22381","35559481.13088","35403676.12875","35236419.08441","34980618.1463","34889506.7568","27652996.6669","24691257.7157","23996844.8508","24581600.7565","23216008.5641","13639159.91993","14116924.158"
"22","Retail","MUL","72845547.4834647","96687869.5554","130937755.7411","145068601.3516","161252677.655211","161634093.176587","163159848.39374","164680118.36877","166630418.222662","168145495.78116","170129313.42867","171984646.47301","173119013.2007","174211267.9099","176097979.3521","178215473.1141","180354171.3311","182513565.1028","184591965.22327","186789395.8","198397848.197619","197028365.755"
"23","Retail","CAV","111753.4","1071066.23","11376012.2315","14796040.7175","18204940.006461","25094161.858444","26194115.34569","29397658.09889","31381525.434228","33388040.32741","42380030.99434","42777963.64714","42791884.955295","43089628.3941","43189311.2938","45850201.5917","45668303.9457","45677955.2546","45618121.8916","45573129.4334","41436964.1070368","0"
"24","Retail","VAV","983328.2","1562681.28","1099921.3076","654042.8291","501279.535316","955915.425569","840402.96702","728841.59804","722201.611378","814806.80397","1573688.82897","1564975.04739","1452522.755197","1440225.1146","1330558.4068","3826393.0006","3829267.882","4069152.6098","4004843.83678","3923932.2057","7516168.3202799","52424241.793"
"25","Retail","FCU","25209403.794","31861197.697","33860212.1802","32890456.4707","30999309.249798","25852292.752971","24819395.57976","21713966.32534","19772129.544927","17702661.87401","10305382.67832","10096316.71796","10232760.362013","9950595.7608","9821037.946","6971689.7855","6910791.6492","6539890.0592","6572994.12572","6162936.3087","5869131.6189867","0"
"26","Retail","CAVFCU","0","0","0","0","0","0","0","0","0","0","0","0","0","0","0","0","0","0","0","0","0","0"
"27","Retail","VAVFCU","0","0","0","0","0","0","0","0","0","0","0","0","0","0","0","0","0","0","0","0","0","0"
"28","Retail","OHUFCU","4701171.24","8274515.6","12625442.0882","11326088.3931","12074616.316963","9496359.545449","9502649.09517","9479415.61195","9471843.355812","9410701.99864","7051409.01677","6994041.228","6810820.918921","6704344.0962","6906153.8671","4446399.7094","4529009.0959","4488772.5634","4515743.07274","4885284.8212","4524658.7803341","8292163.489"
"29","School","MUL","196836037.41","240754964.19","265496644.65","280509601.36","290324858.87473","290425527.1482","292990440.1374","294816620.0242","296520993.26487","298332198.0238","300894428.5898","302746168.8756","305355765.4403","307973568.325","303872385.06","300602637.02","297275945.47","294238024.102","291295161.514","288805367.703","274271239.3393","274080221.3"
"30","School","CAV","32268578.28","37729310.91","40890392.89","26077099.77","23300818.16628","19239754.2878","18980460.8115","18641396.9389","18122486.88653","17699084.6059","10776269.0559","3954677.9012","3314792.1306","3139385.154","2811798.6","2665416.43","0","0","0","0","0","0"
"31","School","VAV","152263.91","299090.27","663911.46","135454.8","115640.98447","134557.6146","132877.7698","130674.7889","128735.44949","126549.2618","291622.3535","236654.6286","225874.8068","219876.917","209488.578","551553.05","286229.82","264886.699","250652.237","237724.519","624587.1508","29056706.1"
"32","School","FCU","8691599.22","11459230.06","13038497.59","8970874.28","8172631.23747","12277372.067","12419823.5631","12530927.7677","12538649.51106","12547530.4631","21371028.7817","18270190.8769","17799547.9258","17766283.74","17633847.432","34533600.47","24897009.57","23217247.167","22350963.618","21657396.571","30725929.4894","0"
"33","School","CAVFCU","0","0","0","0","0","0","0","0","0","0","0","0","0","0","0","0","0","0","0","0","0","0"
"34","School","VAVFCU","0","0","0","0","0","0","0","0","0","0","0","0","0","0","0","0","0","0","0","0","0","0"
"35","School","OHUFCU","16051521.2","20757404.52","22910553.53","40306969.74","41086050.67096","39922788.8736","39476397.8083","38880380.5307","38689134.91666","38294637.5376","35666651.164","44792307.4532","45304019.6999","44900885.778","43365736.58","23668263.52","33734957.5","33099551.48","31761990.268","30427875.854","11449867.9756","13934696.7"
