,ID,"菴乗園繧ｳ繝ｼ繝・,螟ｧ蟄怜錐""","蟄嶺ｸ∫岼蜷・,蟒ｺ迚ｩ蜷・",building_usage,building_usage_detailed,Area,Building,Cluster,Zoning,Plant,HVAC,TFA,HEX,VWV,NaturalVentilation,CO2control,Insulation,Lighting,HSCOP,NoBuilding,Schedule_Sampling,RegionBuilding,PlantYOLO,
2,972,13102,"莠ｬ讖・,・台ｸ∫岼""",・ｬ・･・ｯ蜈ｫ驥肴ｴｲ繝薙Ν繝・ぅ繝ｳ繧ｰ,01_Office,Office,Tokyo,Office,CL4,ZoneC,EHP,MUL,1282.6,0,0,0,0,1,2,2,1191,387,B00002,PAC
4,974,13102,"莠ｬ讖・,・台ｸ∫岼""",隘ｿ蜍俶悽蠎励ン繝ｫ,01_Office,Office,Tokyo,Office,CL3,ZoneC,GHP,MUL,568.08,0,0,0,0,2,2,3,11254,180,B00004,PAC
27,998,13102,"莠ｬ讖・,・台ｸ∫岼""",・ｹ・ｫ繝薙Ν,01_Office,Office,Tokyo,Office,CL3,ZoneC,EHP,MUL,792.45,1,0,0,0,1,1,3,599,128,B00028,
34,1005,13102,"莠ｬ讖・,・台ｸ∫岼""",・ｮ・ｳ莠ｬ讖九ン繝ｫ,01_Office,Office,Tokyo,Office,CL5,ZoneC,EHP,MUL,2228.2,1,0,0,0,1,1,3,676,394,B00035,MUL
86,1063,13102,"莠ｬ讖・,・剃ｸ∫岼""",繧ｭ繝繝ｩ繝､繝薙Ν,01_Office,Office,Tokyo,Office,CL4,ZoneC,EHP,MUL,1841.67,1,0,0,0,1,1,3,630,289,B00093,MUL
91,1068,13102,"莠ｬ讖・,・剃ｸ∫岼""",蟆乗｣ｮ繝薙Ν,01_Office,Office,Tokyo,Office,CL2,ZoneC,EHP,MUL,258.12,1,0,0,0,1,2,3,1635,232,B00098,PAC
110,1091,13102,"莠ｬ讖・,・剃ｸ∫岼""",螳晉・繝薙Ν,01_Office,Office,Tokyo,Office,CL2,ZoneC,EHP,MUL,357.96,1,0,0,0,2,2,2,1154,97,B00121,PAC
124,1106,13102,"莠ｬ讖・,・剃ｸ∫岼""",荳ｭ逕ｰ繝薙Ν,01_Office,Office,Tokyo,Office,CL1,ZoneC,EHP,MUL,83.37,1,0,0,0,2,2,3,11233,30,B00136,
126,1109,13102,"莠ｬ讖・,・剃ｸ∫岼""",莉∝､ｧ繝薙Ν,04_Retail,SpecialityShop_or_HousingClothingSuper,Tokyo,Retail,HousingClothingSuper,ZoneC,GHP,MUL,2558.1,1,0,0,0,1,2,3,30974,118,B00139,MUL
132,1116,13102,"莠ｬ讖・,・剃ｸ∫岼""",貂倶ｺ輔ン繝ｫ,01_Office,Office,Tokyo,Office,CL2,ZoneC,EHP,MUL,256.2,1,0,0,0,1,2,3,1635,248,B00146,
159,1143,13102,"莠ｬ讖・,・剃ｸ∫岼""",莠ｬ讖区侭鬟ｲ莨夐､ｨ,01_Office,Office,Tokyo,Office,CL2,ZoneC,EHP,MUL,267.96,0,0,0,0,1,2,2,1138,349,B00173,PAC
167,1151,13102,"莠ｬ讖・,・剃ｸ∫岼""",繧ｫ繧ｯ繝医ン繝ｫ螳晉伴,01_Office,Office,Tokyo,Office,CL3,ZoneC,EHP,MUL,808.3,1,0,0,0,2,1,2,99,392,B00181,PAC
202,1188,13102,"莠ｬ讖・,・謎ｸ∫岼""",譽ｮ繝薙Ν,01_Office,Office,Tokyo,Office,CL2,ZoneC,EHP,MUL,423.1,1,0,0,0,1,1,3,555,73,B00218,
249,1239,13102,"莠ｬ讖・,・謎ｸ∫岼""",逶ｸ莠帝､ｨ・托ｼ托ｼ舌ち繝ｯ繝ｼ,01_Office,Office,Tokyo,Office,CL8c,ZoneA,COM,FCU,22187.1,1,1,1,1,3,1,2,3206,163,B00269,CT
272,1264,13102,"莠ｬ讖・,・謎ｸ∫岼""",・ｭ・｡・ｯ・趣ｼ｢・ｬ・､,01_Office,Office,Tokyo,Office,CL4,ZoneC,EHP,MUL,1051.1,1,0,0,0,1,2,3,1715,218,B00294,
