,,ID,"菴乗園繧ｳ繝ｼ繝・,螟ｧ蟄怜錐""","蟄嶺ｸ∫岼蜷・,蟒ｺ迚ｩ蜷・",building_usage,building_usage_detailed,Area,Building,Cluster,Plant,HVAC,TFA,HEX,VWV,NaturalVentilation,CO2control,Insulation,Lighting,HSCOP,NoBuilding,Schedule_Sampling,RegionBuilding,PlantYOLO,,,
124,1106,13102,"莠ｬ讖・,・剃ｸ∫岼""",荳ｭ逕ｰ繝薙Ν,03_Hospital,Hospital,Tokyo,Hospital,CL1,EHP,MUL,83.37,0,0,0,0,1,1,2,18906,220,B00136,,,,
91,1068,13102,"莠ｬ讖・,・剃ｸ∫岼""",蟆乗｣ｮ繝薙Ν,03_Hospital,Hospital,Tokyo,Hospital,CL2,EHP,MUL,258.12,0,0,0,0,1,1,3,20549,396,B00098,PAC,,,
110,1091,13102,"莠ｬ讖・,・剃ｸ∫岼""",螳晉・繝薙Ν,03_Hospital,Hospital,Tokyo,Hospital,CL2,GHP,MUL,357.96,0,0,0,0,1,1,2,18912,346,B00121,PAC,,,
132,1116,13102,"莠ｬ讖・,・剃ｸ∫岼""",貂倶ｺ輔ン繝ｫ,03_Hospital,Hospital,Tokyo,Hospital,CL2,EHP,MUL,256.2,1,0,0,0,2,2,2,22193,110,B00146,,,,
159,1143,13102,"莠ｬ讖・,・剃ｸ∫岼""",莠ｬ讖区侭鬟ｲ莨夐､ｨ,03_Hospital,Hospital,Tokyo,Hospital,CL2,EHP,MUL,267.96,0,0,0,0,1,1,2,18908,219,B00173,PAC,,,
202,1188,13102,"莠ｬ讖・,・謎ｸ∫岼""",譽ｮ繝薙Ν,03_Hospital,Hospital,Tokyo,Hospital,CL2,EHP,MUL,423.1,1,0,0,0,1,1,3,20550,223,B00218,,,,
4,974,13102,"莠ｬ讖・,・台ｸ∫岼""",隘ｿ蜍俶悽蠎励ン繝ｫ,03_Hospital,Hospital,Tokyo,Hospital,CL3,EHP,MUL,568.08,0,0,0,0,1,2,2,22197,123,B00004,PAC,,,
27,998,13102,"莠ｬ讖・,・台ｸ∫岼""",・ｹ・ｫ繝薙Ν,03_Hospital,Hospital,Tokyo,Hospital,CL3,EHP,MUL,792.45,0,0,0,0,2,1,3,20559,156,B00028,,,,
167,1151,13102,"莠ｬ讖・,・剃ｸ∫岼""",繧ｫ繧ｯ繝医ン繝ｫ螳晉伴,03_Hospital,Hospital,Tokyo,Hospital,CL3,EHP,MUL,808.3,1,0,0,0,2,2,3,23840,123,B00181,PAC,,,
2,972,13102,"莠ｬ讖・,・台ｸ∫岼""",・ｬ・･・ｯ蜈ｫ驥肴ｴｲ繝薙Ν繝・ぅ繝ｳ繧ｰ,03_Hospital,Hospital,Tokyo,Hospital,CL4,EHP,MUL,1282.6,1,0,0,0,2,1,2,18937,22,B00002,PAC,,,
86,1063,13102,"莠ｬ讖・,・剃ｸ∫岼""",繧ｭ繝繝ｩ繝､繝薙Ν,03_Hospital,Hospital,Tokyo,Hospital,CL4,EHP,MUL,1841.67,1,0,0,0,1,1,3,20575,205,B00093,MUL,,,
272,1264,13102,"莠ｬ讖・,・謎ｸ∫岼""",・ｭ・｡・ｯ・趣ｼ｢・ｬ・､,03_Hospital,Hospital,Tokyo,Hospital,CL4,EHP,MUL,1051.1,0,0,0,0,1,1,2,18933,327,B00294,,,,
34,1005,13102,"莠ｬ讖・,・台ｸ∫岼""",・ｮ・ｳ莠ｬ讖九ン繝ｫ,03_Hospital,Hospital,Tokyo,Hospital,CL5,EHP,MUL,2228.2,1,0,0,0,2,2,2,22238,162,B00035,MUL,,,
126,1109,13102,"莠ｬ讖・,・剃ｸ∫岼""",莉∝､ｧ繝薙Ν,03_Hospital,Hospital,Tokyo,Hospital,CL5,EHP,MUL,2558.1,0,0,0,0,2,2,3,23876,366,B00139,MUL,,,
249,1239,13102,"莠ｬ讖・,・謎ｸ∫岼""",逶ｸ莠帝､ｨ・托ｼ托ｼ舌ち繝ｯ繝ｼ,03_Hospital,Hospital,Tokyo,Hospital,CL8,ABCH,CAV,22187.1,1,0,0,0,3,1,2,19114,230,B00269,CT,,,
,,,,,,,,,,,,,,,,,,,,,,,,,,
,,,,,,,,,,,,,EHP,GHP,ABCH,COM,,,,,,,従来手法時の業態,,提案手法での業態,規模
,,,,,,,,,,,,従来(全て病院),13,1,1,0,,,,,,1,Hospital,⇒,Office,CL1
,,,,,,,,,,,,提案(病院なし),12,2,0,1,,,,,,2,Hospital,⇒,Office,CL2
,,,,,,,,,,,,,,,,,,,,,,3,Hospital,⇒,Office,CL2
,,,,,,,,,,,,,,,,,,,,,,4,Hospital,⇒,Office,CL2
,,,,,,,,,,,,,,,,,,,,,,5,Hospital,⇒,Office,CL2
,,,,,,,,,,,,,,,,,,,,,,6,Hospital,⇒,Office,CL2
,,,,,,,,,,,,,,,,,,,,,,7,Hospital,⇒,Office,CL3
,,,,,,,,,,,,,,,,,,,,,,8,Hospital,⇒,Office,CL3
,,,,,,,,,,,,,,,,,,,,,,9,Hospital,⇒,Office,CL3
,,,,,,,,,,,,,,,,,,,,,,10,Hospital,⇒,Office,CL4
,,,,,,,,,,,,,,,,,,,,,,11,Hospital,⇒,Office,CL4
,,,,,,,,,,,,,,,,,,,,,,12,Hospital,⇒,Office,CL4
,,,,,,,,,,,,,,,,,,,,,,13,Hospital,⇒,Office,CL5
,,,,,,,,,,,,,,,,,,,,,,14,Hospital,⇒,Retail,CL5
,,,,,,,,,,,,,,,,,,,,,,15,Hospital,⇒,Office,CL8
