識別,建物名,建物分類,大分類,小分類,延べ床面積
1749,イルカルディナーレ銀座コリドー店クッチーナイタリア,3004,事務所,,7711.47
1775,銀座ベルビューホテル,2017,宿泊施設,,1003.41
1778,Ｇ・Ｏ・Ｗｅｓｔｂｌｄｇ．,3001,商業施設,,1038.96
1805,新堀ギタービル銀座,3003,事務所,,1103.66
1812,東京銀座朝日ビル,3004,事務所,,17832.079999999998
1840,交詢ビルディング,3001,商業施設,,19972.04
1843,銀座ヨシノヤ本店ビル,3004,事務所,,1169.96
1857,ギンザシックス,3004,事務所,,165208.00000000003
1872,ＳＡＫＵＲＡＭＡＲＫＳＧｉｎｚａ６１２,3004,事務所,,1484.4699999999998
1878,ヒューリック銀座ウォールビル,3003,事務所,,12613.44
1889,コートヤード・マリオット銀座東武ホテル,2017,宿泊施設,,16299.0
1890,でんぱつビル,3004,事務所,,20944.65
1896,銀座さ可井小川ビル,3001,商業施設,,644.4
1902,銀座６丁目―ＳＱＵＡＲＥ,3004,事務所,,63438.67
1903,野村不動産銀座ビル,3004,事務所,,64875.5
1945,ブランエスパ銀座,3004,事務所,,3819.15
1946,ヒューリック銀座７丁目ビル,3004,事務所,,14088.36
1959,銀座メディカルビル,3004,事務所,,5052.63
1967,電通銀座ビル,3004,事務所,,6485.5
1986,丸源第２４ビル,3004,事務所,,1364.08
1994,ソワレ・ド・銀座弥生ビル,3004,事務所,,4156.2
2039,銀座梅林ビル,3004,事務所,,1034.74
2045,銀座ライオン七丁目ビル,3001,商業施設,,2984.16
2049,ニコラス・Ｇ・ハイエックセンター,3004,事務所,,6720.15
2051,ギンザジーキューブ,3004,事務所,,5338.1900000000005
2056,イビススタイルズ東京銀座,3004,事務所,,3177.85
2063,ランディック第３銀座ビル,3003,事務所,,1504.99
2064,ＳＴＲＡＴＡＧＩＮＺＡ,3004,事務所,,12739.73
2072,ヒューリック銀座花椿通ビル,3004,事務所,,6590.4800000000005
2078,ホテルミュッセ銀座名鉄,2017,宿泊施設,,7562.49
2089,銀座菊地ビルディング,3004,事務所,,4448.43
2098,銀座ＴＨビル,3004,事務所,,7125.110000000001
2114,松慶ビル,3003,事務所,,1586.0
2118,銀座セブンビルディング,3001,商業施設,,1119.0700000000002
2134,Ｇ―７ビルディング,3004,事務所,,23109.39
2138,オーク銀座木挽町ビル,3004,事務所,,3221.91
2141,松岡銀七ビル,3004,事務所,,5454.0
2145,アーク銀座ビルディング,3003,事務所,,6351.97
2151,東都銀座ビルヂング,3004,事務所,,1831.76
2158,京都新聞銀座ビル,3004,事務所,,1793.33
2164,竜王ビル５,3004,事務所,,483.35
2166,ニッタビル,3004,事務所,,7753.79
2171,ＮＴＴ銀座ビル,3004,事務所,,7554.719999999999
2187,ＤＫビル,3004,事務所,,2097.1
2194,ギンザススムビル,3004,事務所,,5141.22
2223,かわばたビル新館,3001,商業施設,,1048.8
2231,中島商事ビル,3001,商業施設,,6639.27
2234,かわばたビル,3004,事務所,,874.65
2256,銀座カレラ弐番館ビル,3001,商業施設,,1951.2
2260,銀座グランドホテル,2017,宿泊施設,,11645.88
2276,銀座全線座ビル,3004,事務所,,4908.87
2296,ソワレ・ド銀座第二弥生ビル,3004,事務所,,2119.2
2307,丸源Ｎｏ．２１,3003,事務所,,1053.11
2311,第２３ポールスタービル銀座ゴルフビル,3001,商業施設,,2690.7300000000005
2314,東京銀座資生堂ビル,3001,商業施設,,3244.32
2316,銀座博品館,3001,商業施設,,5928.03
2326,第３ソワレ・ドビル,3001,商業施設,,3125.1
2328,銀座８８８ビル,3004,事務所,,8919.68
2329,ＫＤＸ銀座８丁目ビル,3004,事務所,,1412.28
2331,ＫＤＸ銀座８丁目ビル,3004,事務所,,5722.64
2368,銀座三井ビルディング,3004,事務所,,44788.25
2419,銀座郵便局,2021,事務所,,30514.16
2425,住友不動産汐留浜離宮ビル,3004,事務所,,65705.27
4014,国立研究開発法人国立がん研究センター中央病院,2018,医療施設,,65084.88
4018,朝日新聞東京本社（本館）,3004,事務所,,103215.0
4019,築地浜離宮ビル,3004,事務所,,15149.44
4020,東京国税局,3004,事務所,,45191.5
4025,浜離宮建設プラザ,3004,事務所,,13112.2
4026,浜離宮パークサイドプレイス,3004,事務所,,35705.75
4027,浜離宮三井ビルディング,3004,事務所,,31195.36
4487,東洋ビルディング,3003,事務所,,5349.73
4488,榮太樓ビルディング,3001,商業施設,,21852.73
4496,黒江屋国分ビル,3001,商業施設,,6006.6
4500,東京建物日本橋ビル,3001,商業施設,,26464.5
4501,（株）三洋販売,3004,事務所,,9442.29
4502,日本橋一丁目三井ビルディング,3004,事務所,,101182.18
4504,日鉄日本橋ビル,3004,事務所,,32111.0
4515,工装日本橋ビル,3004,事務所,,4268.34
4528,日本橋郵便局,2021,事務所,,19399.17
4529,日本橋ダイヤビルディング,3004,事務所,,33736.86
4691,スターツ八重洲中央ビル,3001,商業施設,,5011.8
4698,からくさホテルカラーズ東京八重洲,2017,宿泊施設,,4107.84
4741,新日本橋ビルディング,3004,事務所,,9375.5
4746,オンワードパークビルディング,3004,事務所,,15192.48
4747,ＨＳＢＣ,2027,事務所,,11689.9
4748,朝日ビルヂング,3001,商業施設,,23671.56
4749,油脂工業会館,3004,事務所,,5378.6
4756,第一三共日本橋ビル,3004,事務所,,8521.0
4762,第２三木ビル,3004,事務所,,4792.59
