ID,施設名称,契約電力[kW],施設業態（大分類）,施設業態（小分類）,Building,Segment,延床面積[㎡],立地地域,気象データ名,計算開始日,計算終了日
1,ＮＥＳＫーＡＲＴ,,事務所,,01_Office,CL1,55.19,3,Tama,2022/4/1,2023/3/31
2,（有）青木葉企画,,事務所,,01_Office,CL1,113.54,3,Tama,2022/4/1,2023/3/31
3,（有）ベストシステムサービス,,事務所,,01_Office,CL1,144.77,3,Tama,2022/4/1,2023/3/31
4,保育室ぽけっとぽっけ,,事務所,,01_Office,CL1,114.93,3,Tama,2022/4/1,2023/3/31
5,（株）ＷＡＮＤ,,事務所,,01_Office,CL1,49.13,3,Tama,2022/4/1,2023/3/31
6,モンレーヴピアノ教室多摩落合,,事務所,,01_Office,CL1,80.2,3,Tama,2022/4/1,2023/3/31
9,特定非営利活動法人ＦＩＬＯ,,事務所,,01_Office,CL2,316.16,3,Tama,2022/4/1,2023/3/31
15,,,事務所,,01_Office,CL1,36.50444444,3,Tama,2022/4/1,2023/3/31
16,京王メモリアル多摩センター,,事務所,,01_Office,CL3,762.16,3,Tama,2022/4/1,2023/3/31
20,小田急交通南多摩（株）,,事務所,,01_Office,CL2,487.48,3,Tama,2022/4/1,2023/3/31
22,Ｔｈｒｅｅ．,,事務所,,01_Office,CL3,523.44,3,Tama,2022/4/1,2023/3/31
28,中華料理喜福,,事務所,,01_Office,CL2,471.82,3,Tama,2022/4/1,2023/3/31
29,（株）インフォテック,,事務所,,01_Office,CL2,495.66,3,Tama,2022/4/1,2023/3/31
31,ＮＰＯ法人わこうど未来樹,,事務所,,01_Office,CL1,172.3,3,Tama,2022/4/1,2023/3/31
32,青木葉集会所,,事務所,,01_Office,CL1,116.28,3,Tama,2022/4/1,2023/3/31
33,市立グリーンライブセンター,,事務所,,01_Office,CL2,480.14,3,Tama,2022/4/1,2023/3/31
34,バレエフーズプレリュード,,事務所,,01_Office,CL1,191.44,3,Tama,2022/4/1,2023/3/31
36,多摩ニュータウン（株）豊ケ岡新聞センター,,商業施設,専門店・中心店,04_Retail,SpecialityShop,126.4,3,Tama,2022/4/1,2023/3/31
37,,,事務所,,01_Office,CL4,1005.55,3,Tama,2022/4/1,2023/3/31
42,東落合小学童クラブ,,事務所,,01_Office,CL2,447.8,3,Tama,2022/4/1,2023/3/31
43,４ー２ー９号棟集会所,,事務所,,01_Office,CL2,284.42,3,Tama,2022/4/1,2023/3/31
44,落合４―４集会所,,事務所,,01_Office,CL2,312.04,3,Tama,2022/4/1,2023/3/31
46,リストランテＹＡＭＡ,,飲食施設,レストラン(都市),06_Restaurant,UrbanRestaurant,187.76,3,Tama,2022/4/1,2023/3/31
47,医療法人社団浩全会深谷内科,,事務所,,01_Office,CL2,307.28,3,Tama,2022/4/1,2023/3/31
48,落合第二学童クラブ,,事務所,,01_Office,CL2,378.44,3,Tama,2022/4/1,2023/3/31
49,タウンハウス落合５,,事務所,,01_Office,CL2,293.1,3,Tama,2022/4/1,2023/3/31
50,ＳＭＢＣグリーンサービス（株）,,事務所,,01_Office,CL3,738.66,3,Tama,2022/4/1,2023/3/31
54,（株）楢原,,事務所,,01_Office,CL2,386.66,3,Tama,2022/4/1,2023/3/31
55,フローラル上之根,,事務所,,01_Office,CL1,139.9071429,3,Tama,2022/4/1,2023/3/31
56,ライティングビル,,事務所,,01_Office,CL4,1736.9495,3,Tama,2022/4/1,2023/3/31
57,セゾン・ド・大貫,,事務所,,01_Office,CL3,974.82,3,Tama,2022/4/1,2023/3/31
58,多摩センタービル,,事務所,,01_Office,CL2,257.607,3,Tama,2022/4/1,2023/3/31
59,クロダビル,,事務所,,01_Office,CL3,816.368,3,Tama,2022/4/1,2023/3/31
60,京王多摩センターＳＣ,,事務所,,01_Office,CL3,744.696129,3,Tama,2022/4/1,2023/3/31
61,おちあい横丁,,事務所,,01_Office,CL3,760.4828571,3,Tama,2022/4/1,2023/3/31
63,,,事務所,,01_Office,CL1,79.8675,3,Tama,2022/4/1,2023/3/31
64,栗栖ビル,,商業施設,衣料品・住関連スーパー,04_Retail,HousingClothingSuper,481.2,3,Tama,2022/4/1,2023/3/31
65,メゾン筒井,,事務所,,01_Office,CL1,101.0866667,3,Tama,2022/4/1,2023/3/31
66,スワローハイム,,商業施設,衣料品・住関連スーパー,04_Retail,HousingClothingSuper,270.96,3,Tama,2022/4/1,2023/3/31
67,ＧＡ多摩ｂｌｄｇ．,,事務所,,01_Office,CL6,9102.856,3,Tama,2022/4/1,2023/3/31
68,マグレブビル,,事務所,,01_Office,CL6,5714.594286,3,Tama,2022/4/1,2023/3/31
69,ココリア多摩センター,,事務所,,01_Office,CL5,2948.509767,3,Tama,2022/4/1,2023/3/31
71,小山ハイツ,,商業施設,衣料品・住関連スーパー,04_Retail,HousingClothingSuper,177.34,3,Tama,2022/4/1,2023/3/31
73,ビル,,商業施設,衣料品・住関連スーパー,04_Retail,HousingClothingSuper,304.31,3,Tama,2022/4/1,2023/3/31
74,遠藤ビル,,事務所,,01_Office,CL2,269.088,3,Tama,2022/4/1,2023/3/31
75,多摩クレイドゥル,,事務所,,01_Office,CL5,3758.0125,3,Tama,2022/4/1,2023/3/31
76,,,事務所,,01_Office,CL5,22274.71055,3,Tama,2022/4/1,2023/3/31
78,（株）ＥＮＥＯＳフロンティアＤｒ．Ｄｒｉｖｅセルフ多摩,,商業施設,衣料品・住関連スーパー,04_Retail,HousingClothingSuper,170.76,3,Tama,2022/4/1,2023/3/31
79,シューベルトホール,,商業施設,衣料品・住関連スーパー,04_Retail,HousingClothingSuper,2197.62,3,Tama,2022/4/1,2023/3/31
80,,,事務所,,01_Office,CL2,223.15,3,Tama,2022/4/1,2023/3/31
81,須藤ビル,,事務所,,01_Office,CL2,390.144,3,Tama,2022/4/1,2023/3/31
82,小林ビル,,事務所,,01_Office,CL1,196.032,3,Tama,2022/4/1,2023/3/31
83,サンライズ増田,,事務所,,01_Office,CL4,1019.4825,3,Tama,2022/4/1,2023/3/31
84,バルキープラザ,,事務所,,01_Office,CL3,854.1915789,3,Tama,2022/4/1,2023/3/31
85,,,事務所,,01_Office,CL1,61.6875,3,Tama,2022/4/1,2023/3/31
87,藤原ビル,,事務所,,01_Office,CL2,415.652381,3,Tama,2022/4/1,2023/3/31
88,パーク・タマ,,事務所,,01_Office,CL1,147.28,3,Tama,2022/4/1,2023/3/31
90,センターアベニューＡ,,事務所,,01_Office,CL1,98.55,3,Tama,2022/4/1,2023/3/31
91,ヴィルメーディオ,,事務所,,01_Office,CL2,273.66,3,Tama,2022/4/1,2023/3/31
92,青木葉ハイツ４,,事務所,,01_Office,CL1,158.25,3,Tama,2022/4/1,2023/3/31
93,ダンスルームＫＡＺＵ,,事務所,,01_Office,CL1,170.24,3,Tama,2022/4/1,2023/3/31
94,多摩ニュータウン落合４―８―１号棟,,事務所,,01_Office,CL1,167.155,3,Tama,2022/4/1,2023/3/31
95,多摩ニュータウン落合４―１６―１号棟,,事務所,,01_Office,CL3,573.895,3,Tama,2022/4/1,2023/3/31
96,（株）麻生徽章,,事務所,,01_Office,CL1,52.22,3,Tama,2022/4/1,2023/3/31
97,Ａｄｅｌｉｅ,,事務所,,01_Office,CL1,67.63,3,Tama,2022/4/1,2023/3/31
98,ハイツ峯,,事務所,,01_Office,CL1,107.76,3,Tama,2022/4/1,2023/3/31
100,椎の木プラザ,,事務所,,01_Office,CL2,465.2,3,Tama,2022/4/1,2023/3/31
101,第３椎の木ビル,,事務所,,01_Office,CL2,295.52,3,Tama,2022/4/1,2023/3/31
102,,,事務所,,01_Office,CL4,1233.925,3,Tama,2022/4/1,2023/3/31
103,ウィステリア,,事務所,,01_Office,CL3,697.5246154,3,Tama,2022/4/1,2023/3/31
105,都立埋蔵文化財調査センター,,事務所,,01_Office,CL5,3938.07,3,Tama,2022/4/1,2023/3/31
106,多摩センタートーセイビル,,事務所,,01_Office,CL7,17918.24314,3,Tama,2022/4/1,2023/3/31
108,多摩センターペペリビル,,事務所,,01_Office,CL7,10306.85538,3,Tama,2022/4/1,2023/3/31
109,ペペリ,,事務所,,01_Office,CL5,4260.225,3,Tama,2022/4/1,2023/3/31
110,（株）ベネッセコーポレーション東京ビル,,事務所,,01_Office,CL8c,29497.02,3,Tama,2022/4/1,2023/3/31
112,マグレブイーストビル,,事務所,,01_Office,CL6,8336.549375,3,Tama,2022/4/1,2023/3/31
115,丘の上プラザ,,事務所,,01_Office,CL7,10351.74,3,Tama,2022/4/1,2023/3/31
116,みずほ銀行多摩センター支店,,事務所,,01_Office,CL5,3433.266667,3,Tama,2022/4/1,2023/3/31
119,丘の上パティオ新館,,事務所,,01_Office,CL5,3639.29,3,Tama,2022/4/1,2023/3/31
121,ニューシティ多摩センタービル,,事務所,,01_Office,CL8c,33175.36895,3,Tama,2022/4/1,2023/3/31
122,クロスガーデン多摩,,事務所,,01_Office,CL8c,21437.44,3,Tama,2022/4/1,2023/3/31
123,パルテノン多摩,,事務所,,01_Office,CL7,10366.2,3,Tama,2022/4/1,2023/3/31
125,高木ビル,,事務所,,01_Office,CL2,338.7,3,Tama,2022/4/1,2023/3/31
126,多摩落合ヤード,,事務所,,01_Office,CL1,31.7,3,Tama,2022/4/1,2023/3/31
128,多摩ニュータウン落合３―１８―１号棟,,事務所,,01_Office,CL4,1970.9,3,Tama,2022/4/1,2023/3/31
129,多摩ニュータウン落合４―９―１号棟,,事務所,,01_Office,CL3,955.06,3,Tama,2022/4/1,2023/3/31
130,トムハウス,,事務所,,01_Office,CL5,2014.72,3,Tama,2022/4/1,2023/3/31
131,ＳＥＤＩＡＳＹＳＴＥＭ,,事務所,,01_Office,CL3,677.24,3,Tama,2022/4/1,2023/3/31
133,不明1,,医療施設,,03_Hospital,CL1,106.3851613,3,Tama,2022/4/1,2023/3/31
134,不明2,,医療施設,,03_Hospital,CL1,48.768,3,Tama,2022/4/1,2023/3/31
135,不明3,,医療施設,,03_Hospital,CL1,49.09333333,3,Tama,2022/4/1,2023/3/31
136,不明4,,医療施設,,03_Hospital,CL1,50.54333333,3,Tama,2022/4/1,2023/3/31
140,不明5,,医療施設,,03_Hospital,CL1,176.275,3,Tama,2022/4/1,2023/3/31
141,不明6,,医療施設,,03_Hospital,CL3,858.9046154,3,Tama,2022/4/1,2023/3/31
142,不明7,,医療施設,,03_Hospital,CL3,710.0375,3,Tama,2022/4/1,2023/3/31
143,不明8,,医療施設,,03_Hospital,CL1,83.13047619,3,Tama,2022/4/1,2023/3/31
144,不明9,,医療施設,,03_Hospital,CL1,83.13047619,3,Tama,2022/4/1,2023/3/31
145,不明10,,医療施設,,03_Hospital,CL1,83.13047619,3,Tama,2022/4/1,2023/3/31
146,不明11,,医療施設,,03_Hospital,CL1,83.13047619,3,Tama,2022/4/1,2023/3/31
147,不明12,,医療施設,,03_Hospital,CL1,83.13047619,3,Tama,2022/4/1,2023/3/31
150,不明13,,医療施設,,03_Hospital,CL3,595.4678125,3,Tama,2022/4/1,2023/3/31
151,不明14,,医療施設,,03_Hospital,CL3,595.4678125,3,Tama,2022/4/1,2023/3/31
152,不明15,,医療施設,,03_Hospital,CL3,595.4678125,3,Tama,2022/4/1,2023/3/31
153,不明16,,医療施設,,03_Hospital,CL2,400.676,3,Tama,2022/4/1,2023/3/31
154,不明17,,医療施設,,03_Hospital,CL2,492.94,3,Tama,2022/4/1,2023/3/31
155,不明18,,医療施設,,03_Hospital,CL2,491.4182946,3,Tama,2022/4/1,2023/3/31
156,不明19,,医療施設,,03_Hospital,CL2,297.4,3,Tama,2022/4/1,2023/3/31
160,不明20,,医療施設,,03_Hospital,CL1,98.016,3,Tama,2022/4/1,2023/3/31
161,不明21,,医療施設,,03_Hospital,CL1,48.54678571,3,Tama,2022/4/1,2023/3/31
162,不明22,,医療施設,,03_Hospital,CL1,48.54678571,3,Tama,2022/4/1,2023/3/31
163,不明23,,医療施設,,03_Hospital,CL1,61.01368421,3,Tama,2022/4/1,2023/3/31
164,不明24,,医療施設,,03_Hospital,CL1,61.01368421,3,Tama,2022/4/1,2023/3/31
165,不明25,,医療施設,,03_Hospital,CL1,61.01368421,3,Tama,2022/4/1,2023/3/31
168,不明26,,医療施設,,03_Hospital,CL1,85.869,3,Tama,2022/4/1,2023/3/31
169,不明27,,医療施設,,03_Hospital,CL1,116.624,3,Tama,2022/4/1,2023/3/31
170,不明28,,医療施設,,03_Hospital,CL1,88.62,3,Tama,2022/4/1,2023/3/31
171,不明29,,医療施設,,03_Hospital,CL2,341.6375,3,Tama,2022/4/1,2023/3/31
172,不明30,,医療施設,,03_Hospital,CL1,116.624,3,Tama,2022/4/1,2023/3/31
176,不明31,,医療施設,,03_Hospital,CL3,1339.84,3,Tama,2022/4/1,2023/3/31
177,不明32,,医療施設,,03_Hospital,CL7,1339.84,3,Tama,2022/4/1,2023/3/31
185,不明33,,医療施設,,03_Hospital,CL1,55.71833333,3,Tama,2022/4/1,2023/3/31
190,不明34,,医療施設,,03_Hospital,CL1,61.01368421,3,Tama,2022/4/1,2023/3/31
191,不明35,,飲食施設,カフェ・喫茶(都市),06_Restaurant,UrbanCafe,491.4182946,3,Tama,2022/4/1,2023/3/31
192,不明36,,飲食施設,カフェ・喫茶(都市),06_Restaurant,UrbanCafe,491.4182946,3,Tama,2022/4/1,2023/3/31
193,不明37,,飲食施設,カフェ・喫茶(都市),06_Restaurant,UrbanCafe,491.4182946,3,Tama,2022/4/1,2023/3/31
194,不明38,,飲食施設,カフェ・喫茶(都市),06_Restaurant,UrbanCafe,492.94,3,Tama,2022/4/1,2023/3/31
195,不明39,,飲食施設,カフェ・喫茶(都市),06_Restaurant,UrbanCafe,94.29857143,3,Tama,2022/4/1,2023/3/31
196,不明40,,飲食施設,カフェ・喫茶(都市),06_Restaurant,UrbanCafe,94.29857143,3,Tama,2022/4/1,2023/3/31
197,不明41,,飲食施設,カフェ・喫茶(都市),06_Restaurant,UrbanCafe,20.5625,3,Tama,2022/4/1,2023/3/31
198,不明42,,飲食施設,カフェ・喫茶(都市),06_Restaurant,UrbanCafe,281.3383333,3,Tama,2022/4/1,2023/3/31
199,不明43,,飲食施設,居酒屋・バー(都市),06_Restaurant,UrbanBar,94.29857143,3,Tama,2022/4/1,2023/3/31
200,不明44,,飲食施設,居酒屋・バー(都市),06_Restaurant,UrbanBar,159.265,3,Tama,2022/4/1,2023/3/31
201,不明45,,飲食施設,居酒屋・バー(都市),06_Restaurant,UrbanBar,348.7623077,3,Tama,2022/4/1,2023/3/31
202,不明46,,飲食施設,居酒屋・バー(都市),06_Restaurant,UrbanBar,133.6115,3,Tama,2022/4/1,2023/3/31
205,不明47,,飲食施設,カフェ・喫茶(都市),06_Restaurant,UrbanCafe,491.4182946,3,Tama,2022/4/1,2023/3/31
206,不明48,,飲食施設,カフェ・喫茶(都市),06_Restaurant,UrbanCafe,491.4182946,3,Tama,2022/4/1,2023/3/31
207,不明49,,飲食施設,カフェ・喫茶(都市),06_Restaurant,UrbanCafe,49.09333333,3,Tama,2022/4/1,2023/3/31
208,不明50,,飲食施設,カフェ・喫茶(都市),06_Restaurant,UrbanCafe,49.09333333,3,Tama,2022/4/1,2023/3/31
209,不明51,,飲食施設,カフェ・喫茶(都市),06_Restaurant,UrbanCafe,595.4678125,3,Tama,2022/4/1,2023/3/31
210,不明52,,飲食施設,カフェ・喫茶(都市),06_Restaurant,UrbanCafe,94.29857143,3,Tama,2022/4/1,2023/3/31
211,不明53,,飲食施設,カフェ・喫茶(都市),06_Restaurant,UrbanCafe,492.94,3,Tama,2022/4/1,2023/3/31
212,不明54,,飲食施設,カフェ・喫茶(都市),06_Restaurant,UrbanCafe,3015.942632,3,Tama,2022/4/1,2023/3/31
214,不明55,,飲食施設,中華料理店,06_Restaurant,UrbanChineseRestaurant,491.4182946,3,Tama,2022/4/1,2023/3/31
215,不明56,,飲食施設,中華料理店,06_Restaurant,UrbanChineseRestaurant,491.4182946,3,Tama,2022/4/1,2023/3/31
216,不明57,,飲食施設,中華料理店,06_Restaurant,UrbanChineseRestaurant,491.4182946,3,Tama,2022/4/1,2023/3/31
217,不明58,,飲食施設,中華料理店,06_Restaurant,UrbanChineseRestaurant,400.676,3,Tama,2022/4/1,2023/3/31
218,不明59,,飲食施設,中華料理店,06_Restaurant,UrbanChineseRestaurant,94.29857143,3,Tama,2022/4/1,2023/3/31
219,不明60,,飲食施設,中華料理店,06_Restaurant,UrbanChineseRestaurant,133.6115,3,Tama,2022/4/1,2023/3/31
220,不明61,,飲食施設,カフェ・喫茶(都市),06_Restaurant,UrbanCafe,491.4182946,3,Tama,2022/4/1,2023/3/31
221,不明62,,飲食施設,カフェ・喫茶(都市),06_Restaurant,UrbanCafe,281.3383333,3,Tama,2022/4/1,2023/3/31
222,不明63,,飲食施設,カフェ・喫茶(都市),06_Restaurant,UrbanCafe,106.3851613,3,Tama,2022/4/1,2023/3/31
223,不明64,,飲食施設,カフェ・喫茶(都市),06_Restaurant,UrbanCafe,106.3851613,3,Tama,2022/4/1,2023/3/31
224,不明65,,飲食施設,カフェ・喫茶(都市),06_Restaurant,UrbanCafe,491.4182946,3,Tama,2022/4/1,2023/3/31
225,不明66,,飲食施設,カフェ・喫茶(都市),06_Restaurant,UrbanCafe,36.50444444,3,Tama,2022/4/1,2023/3/31
226,不明67,,飲食施設,レストラン(都市),06_Restaurant,UrbanRestaurant,491.4182946,3,Tama,2022/4/1,2023/3/31
227,不明68,,飲食施設,レストラン(都市),06_Restaurant,UrbanRestaurant,281.3383333,3,Tama,2022/4/1,2023/3/31
228,不明69,,飲食施設,レストラン(都市),06_Restaurant,UrbanRestaurant,94.29857143,3,Tama,2022/4/1,2023/3/31
229,不明70,,飲食施設,レストラン(都市),06_Restaurant,UrbanRestaurant,325.8254545,3,Tama,2022/4/1,2023/3/31
231,不明71,,飲食施設,レストラン(都市),06_Restaurant,UrbanRestaurant,106.3851613,3,Tama,2022/4/1,2023/3/31
232,不明72,,飲食施設,レストラン(都市),06_Restaurant,UrbanRestaurant,491.4182946,3,Tama,2022/4/1,2023/3/31
233,不明73,,飲食施設,レストラン(都市),06_Restaurant,UrbanRestaurant,281.3383333,3,Tama,2022/4/1,2023/3/31
234,不明74,,飲食施設,レストラン(都市),06_Restaurant,UrbanRestaurant,491.4182946,3,Tama,2022/4/1,2023/3/31
235,不明75,,飲食施設,レストラン(都市),06_Restaurant,UrbanRestaurant,106.3851613,3,Tama,2022/4/1,2023/3/31
236,不明76,,飲食施設,レストラン(都市),06_Restaurant,UrbanRestaurant,94.29857143,3,Tama,2022/4/1,2023/3/31
237,不明77,,飲食施設,レストラン(都市),06_Restaurant,UrbanRestaurant,491.4182946,3,Tama,2022/4/1,2023/3/31
238,不明78,,飲食施設,レストラン(都市),06_Restaurant,UrbanRestaurant,491.4182946,3,Tama,2022/4/1,2023/3/31
239,不明79,,飲食施設,レストラン(都市),06_Restaurant,UrbanRestaurant,491.4182946,3,Tama,2022/4/1,2023/3/31
240,不明80,,飲食施設,レストラン(都市),06_Restaurant,UrbanRestaurant,491.4182946,3,Tama,2022/4/1,2023/3/31
241,不明81,,飲食施設,レストラン(都市),06_Restaurant,UrbanRestaurant,491.4182946,3,Tama,2022/4/1,2023/3/31
242,不明82,,飲食施設,レストラン(都市),06_Restaurant,UrbanRestaurant,281.3383333,3,Tama,2022/4/1,2023/3/31
243,不明83,,飲食施設,レストラン(都市),06_Restaurant,UrbanRestaurant,400.676,3,Tama,2022/4/1,2023/3/31
244,不明84,,飲食施設,レストラン(都市),06_Restaurant,UrbanRestaurant,400.676,3,Tama,2022/4/1,2023/3/31
245,不明85,,飲食施設,レストラン(都市),06_Restaurant,UrbanRestaurant,400.676,3,Tama,2022/4/1,2023/3/31
246,不明86,,飲食施設,レストラン(都市),06_Restaurant,UrbanRestaurant,1428.648571,3,Tama,2022/4/1,2023/3/31
247,不明87,,飲食施設,レストラン(都市),06_Restaurant,UrbanRestaurant,36.50444444,3,Tama,2022/4/1,2023/3/31
248,不明88,,飲食施設,レストラン(都市),06_Restaurant,UrbanRestaurant,94.29857143,3,Tama,2022/4/1,2023/3/31
250,不明89,,飲食施設,レストラン(都市),06_Restaurant,UrbanRestaurant,94.29857143,3,Tama,2022/4/1,2023/3/31
251,不明90,,飲食施設,レストラン(都市),06_Restaurant,UrbanRestaurant,63.37357143,3,Tama,2022/4/1,2023/3/31
252,不明91,,飲食施設,レストラン(都市),06_Restaurant,UrbanRestaurant,63.37357143,3,Tama,2022/4/1,2023/3/31
253,不明92,,飲食施設,レストラン(都市),06_Restaurant,UrbanRestaurant,325.8254545,3,Tama,2022/4/1,2023/3/31
254,不明93,,飲食施設,レストラン(都市),06_Restaurant,UrbanRestaurant,94.29857143,3,Tama,2022/4/1,2023/3/31
255,不明94,,飲食施設,レストラン(都市),06_Restaurant,UrbanRestaurant,94.29857143,3,Tama,2022/4/1,2023/3/31
256,不明95,,飲食施設,レストラン(都市),06_Restaurant,UrbanRestaurant,94.29857143,3,Tama,2022/4/1,2023/3/31
257,不明96,,飲食施設,レストラン(都市),06_Restaurant,UrbanRestaurant,94.29857143,3,Tama,2022/4/1,2023/3/31
258,不明97,,飲食施設,レストラン(都市),06_Restaurant,UrbanRestaurant,325.8254545,3,Tama,2022/4/1,2023/3/31
259,不明98,,飲食施設,レストラン(都市),06_Restaurant,UrbanRestaurant,85.869,3,Tama,2022/4/1,2023/3/31
260,不明99,,飲食施設,レストラン(都市),06_Restaurant,UrbanRestaurant,325.8254545,3,Tama,2022/4/1,2023/3/31
261,不明100,,飲食施設,レストラン(都市),06_Restaurant,UrbanRestaurant,85.869,3,Tama,2022/4/1,2023/3/31
262,不明101,,飲食施設,レストラン(都市),06_Restaurant,UrbanRestaurant,116.624,3,Tama,2022/4/1,2023/3/31
263,不明102,,飲食施設,レストラン(都市),06_Restaurant,UrbanRestaurant,159.265,3,Tama,2022/4/1,2023/3/31
264,不明103,,飲食施設,レストラン(都市),06_Restaurant,UrbanRestaurant,159.265,3,Tama,2022/4/1,2023/3/31
265,不明104,,飲食施設,レストラン(都市),06_Restaurant,UrbanRestaurant,159.265,3,Tama,2022/4/1,2023/3/31
266,不明105,,飲食施設,レストラン(都市),06_Restaurant,UrbanRestaurant,159.265,3,Tama,2022/4/1,2023/3/31
267,不明106,,飲食施設,レストラン(都市),06_Restaurant,UrbanRestaurant,159.265,3,Tama,2022/4/1,2023/3/31
268,不明107,,飲食施設,レストラン(都市),06_Restaurant,UrbanRestaurant,159.265,3,Tama,2022/4/1,2023/3/31
269,不明108,,飲食施設,レストラン(都市),06_Restaurant,UrbanRestaurant,159.265,3,Tama,2022/4/1,2023/3/31
270,不明109,,飲食施設,レストラン(都市),06_Restaurant,UrbanRestaurant,106.3851613,3,Tama,2022/4/1,2023/3/31
271,不明110,,飲食施設,レストラン(都市),06_Restaurant,UrbanRestaurant,348.7623077,3,Tama,2022/4/1,2023/3/31
272,不明111,,飲食施設,レストラン(都市),06_Restaurant,UrbanRestaurant,348.7623077,3,Tama,2022/4/1,2023/3/31
273,不明112,,飲食施設,レストラン(都市),06_Restaurant,UrbanRestaurant,348.7623077,3,Tama,2022/4/1,2023/3/31
274,不明113,,飲食施設,レストラン(都市),06_Restaurant,UrbanRestaurant,348.7623077,3,Tama,2022/4/1,2023/3/31
275,不明114,,飲食施設,レストラン(都市),06_Restaurant,UrbanRestaurant,133.6115,3,Tama,2022/4/1,2023/3/31
281,不明115,,飲食施設,レストラン(都市),06_Restaurant,UrbanRestaurant,27.98142857,3,Tama,2022/4/1,2023/3/31
282,不明116,,飲食施設,レストラン(都市),06_Restaurant,UrbanRestaurant,27.98142857,3,Tama,2022/4/1,2023/3/31
283,不明117,,飲食施設,焼肉店,06_Restaurant,UrbanYakiniku,491.4182946,3,Tama,2022/4/1,2023/3/31
284,不明118,,飲食施設,焼肉店,06_Restaurant,UrbanYakiniku,85.869,3,Tama,2022/4/1,2023/3/31
285,不明119,,飲食施設,レストラン(都市),06_Restaurant,UrbanRestaurant,400.676,3,Tama,2022/4/1,2023/3/31
286,不明120,,飲食施設,レストラン(都市),06_Restaurant,UrbanRestaurant,83.13047619,3,Tama,2022/4/1,2023/3/31
287,不明121,,飲食施設,レストラン(都市),06_Restaurant,UrbanRestaurant,491.4182946,3,Tama,2022/4/1,2023/3/31
288,不明122,,飲食施設,レストラン(都市),06_Restaurant,UrbanRestaurant,325.8254545,3,Tama,2022/4/1,2023/3/31
289,不明123,,飲食施設,居酒屋・バー(都市),06_Restaurant,UrbanBar,159.265,3,Tama,2022/4/1,2023/3/31
290,不明124,,飲食施設,居酒屋・バー(都市),06_Restaurant,UrbanBar,159.265,3,Tama,2022/4/1,2023/3/31
291,不明125,,飲食施設,居酒屋・バー(都市),06_Restaurant,UrbanBar,348.7623077,3,Tama,2022/4/1,2023/3/31
292,不明126,,飲食施設,居酒屋・バー(都市),06_Restaurant,UrbanBar,348.7623077,3,Tama,2022/4/1,2023/3/31
293,不明127,,飲食施設,居酒屋・バー(都市),06_Restaurant,UrbanBar,348.7623077,3,Tama,2022/4/1,2023/3/31
294,不明128,,飲食施設,居酒屋・バー(都市),06_Restaurant,UrbanBar,133.6115,3,Tama,2022/4/1,2023/3/31
295,不明129,,飲食施設,レストラン(都市),06_Restaurant,UrbanRestaurant,491.4182946,3,Tama,2022/4/1,2023/3/31
296,不明130,,飲食施設,レストラン(都市),06_Restaurant,UrbanRestaurant,281.3383333,3,Tama,2022/4/1,2023/3/31
297,不明131,,飲食施設,レストラン(都市),06_Restaurant,UrbanRestaurant,400.676,3,Tama,2022/4/1,2023/3/31
298,不明132,,飲食施設,レストラン(都市),06_Restaurant,UrbanRestaurant,595.4678125,3,Tama,2022/4/1,2023/3/31
299,不明133,,飲食施設,レストラン(都市),06_Restaurant,UrbanRestaurant,36.50444444,3,Tama,2022/4/1,2023/3/31
300,不明134,,飲食施設,レストラン(都市),06_Restaurant,UrbanRestaurant,159.265,3,Tama,2022/4/1,2023/3/31
301,不明135,,飲食施設,レストラン(都市),06_Restaurant,UrbanRestaurant,159.265,3,Tama,2022/4/1,2023/3/31
302,不明136,,飲食施設,レストラン(都市),06_Restaurant,UrbanRestaurant,491.4182946,3,Tama,2022/4/1,2023/3/31
303,不明137,,飲食施設,レストラン(都市),06_Restaurant,UrbanRestaurant,491.4182946,3,Tama,2022/4/1,2023/3/31
304,不明138,,飲食施設,レストラン(都市),06_Restaurant,UrbanRestaurant,491.4182946,3,Tama,2022/4/1,2023/3/31
305,不明139,,飲食施設,レストラン(都市),06_Restaurant,UrbanRestaurant,491.4182946,3,Tama,2022/4/1,2023/3/31
306,不明140,,飲食施設,レストラン(都市),06_Restaurant,UrbanRestaurant,491.4182946,3,Tama,2022/4/1,2023/3/31
307,不明141,,飲食施設,レストラン(都市),06_Restaurant,UrbanRestaurant,491.4182946,3,Tama,2022/4/1,2023/3/31
308,不明142,,飲食施設,レストラン(都市),06_Restaurant,UrbanRestaurant,491.4182946,3,Tama,2022/4/1,2023/3/31
309,不明143,,飲食施設,レストラン(都市),06_Restaurant,UrbanRestaurant,491.4182946,3,Tama,2022/4/1,2023/3/31
310,不明144,,飲食施設,レストラン(都市),06_Restaurant,UrbanRestaurant,281.3383333,3,Tama,2022/4/1,2023/3/31
311,不明145,,飲食施設,レストラン(都市),06_Restaurant,UrbanRestaurant,281.3383333,3,Tama,2022/4/1,2023/3/31
312,不明146,,飲食施設,レストラン(都市),06_Restaurant,UrbanRestaurant,281.3383333,3,Tama,2022/4/1,2023/3/31
313,不明147,,飲食施設,レストラン(都市),06_Restaurant,UrbanRestaurant,492.94,3,Tama,2022/4/1,2023/3/31
314,不明148,,飲食施設,レストラン(都市),06_Restaurant,UrbanRestaurant,400.676,3,Tama,2022/4/1,2023/3/31
316,不明149,,飲食施設,レストラン(都市),06_Restaurant,UrbanRestaurant,595.4678125,3,Tama,2022/4/1,2023/3/31
318,不明150,,飲食施設,レストラン(都市),06_Restaurant,UrbanRestaurant,94.29857143,3,Tama,2022/4/1,2023/3/31
319,不明151,,飲食施設,レストラン(都市),06_Restaurant,UrbanRestaurant,106.3851613,3,Tama,2022/4/1,2023/3/31
322,不明152,,飲食施設,レストラン(都市),06_Restaurant,UrbanRestaurant,85.869,3,Tama,2022/4/1,2023/3/31
323,不明153,,飲食施設,カフェ・喫茶(都市),06_Restaurant,UrbanCafe,491.4182946,3,Tama,2022/4/1,2023/3/31
324,不明154,,飲食施設,カフェ・喫茶(都市),06_Restaurant,UrbanCafe,491.4182946,3,Tama,2022/4/1,2023/3/31
325,不明155,,飲食施設,カフェ・喫茶(都市),06_Restaurant,UrbanCafe,325.8254545,3,Tama,2022/4/1,2023/3/31
326,不明156,,飲食施設,居酒屋・バー(都市),06_Restaurant,UrbanBar,1428.648571,3,Tama,2022/4/1,2023/3/31
327,不明157,,飲食施設,カフェ・喫茶(都市),06_Restaurant,UrbanCafe,85.869,3,Tama,2022/4/1,2023/3/31
328,不明158,,飲食施設,カフェ・喫茶(都市),06_Restaurant,UrbanCafe,491.4182946,3,Tama,2022/4/1,2023/3/31
329,不明159,,飲食施設,カフェ・喫茶(都市),06_Restaurant,UrbanCafe,94.29857143,3,Tama,2022/4/1,2023/3/31
330,不明160,,飲食施設,カフェ・喫茶(都市),06_Restaurant,UrbanCafe,49.25333333,3,Tama,2022/4/1,2023/3/31
331,不明161,,飲食施設,カフェ・喫茶(都市),06_Restaurant,UrbanCafe,3015.942632,3,Tama,2022/4/1,2023/3/31
332,不明162,,飲食施設,カフェ・喫茶(都市),06_Restaurant,UrbanCafe,491.4182946,3,Tama,2022/4/1,2023/3/31
333,不明163,,飲食施設,カフェ・喫茶(都市),06_Restaurant,UrbanCafe,491.4182946,3,Tama,2022/4/1,2023/3/31
334,不明164,,飲食施設,カフェ・喫茶(都市),06_Restaurant,UrbanCafe,491.4182946,3,Tama,2022/4/1,2023/3/31
335,不明165,,飲食施設,カフェ・喫茶(都市),06_Restaurant,UrbanCafe,491.4182946,3,Tama,2022/4/1,2023/3/31
336,不明166,,飲食施設,カフェ・喫茶(都市),06_Restaurant,UrbanCafe,492.94,3,Tama,2022/4/1,2023/3/31
338,不明167,,飲食施設,カフェ・喫茶(都市),06_Restaurant,UrbanCafe,1428.648571,3,Tama,2022/4/1,2023/3/31
339,不明168,,飲食施設,カフェ・喫茶(都市),06_Restaurant,UrbanCafe,106.3851613,3,Tama,2022/4/1,2023/3/31
340,不明169,,飲食施設,カフェ・喫茶(都市),06_Restaurant,UrbanCafe,106.3851613,3,Tama,2022/4/1,2023/3/31
342,不明170,,飲食施設,レストラン(都市),06_Restaurant,UrbanRestaurant,595.4678125,3,Tama,2022/4/1,2023/3/31
343,不明171,,飲食施設,レストラン(都市),06_Restaurant,UrbanRestaurant,1428.648571,3,Tama,2022/4/1,2023/3/31
344,不明172,,飲食施設,レストラン(都市),06_Restaurant,UrbanRestaurant,491.4182946,3,Tama,2022/4/1,2023/3/31
345,不明173,,飲食施設,レストラン(都市),06_Restaurant,UrbanRestaurant,106.3851613,3,Tama,2022/4/1,2023/3/31
346,不明174,,飲食施設,レストラン(都市),06_Restaurant,UrbanRestaurant,3015.942632,3,Tama,2022/4/1,2023/3/31
347,不明175,,飲食施設,レストラン(都市),06_Restaurant,UrbanRestaurant,3639.29,3,Tama,2022/4/1,2023/3/31
348,不明176,,飲食施設,レストラン(都市),06_Restaurant,UrbanRestaurant,94.29857143,3,Tama,2022/4/1,2023/3/31
349,不明177,,飲食施設,レストラン(都市),06_Restaurant,UrbanRestaurant,595.4678125,3,Tama,2022/4/1,2023/3/31
351,不明178,,飲食施設,カフェ・喫茶(都市),06_Restaurant,UrbanCafe,53.92333333,3,Tama,2022/4/1,2023/3/31
354,不明179,,飲食施設,カフェ・喫茶(都市),06_Restaurant,UrbanCafe,1339.84,3,Tama,2022/4/1,2023/3/31
355,不明180,,飲食施設,カフェ・喫茶(都市),06_Restaurant,UrbanCafe,201.11,3,Tama,2022/4/1,2023/3/31
358,不明181,,飲食施設,中華料理店,06_Restaurant,UrbanChineseRestaurant,1339.84,3,Tama,2022/4/1,2023/3/31
359,不明182,,飲食施設,中華料理店,06_Restaurant,UrbanChineseRestaurant,81.985,3,Tama,2022/4/1,2023/3/31
361,不明183,,飲食施設,カフェ・喫茶(都市),06_Restaurant,UrbanCafe,53.88,3,Tama,2022/4/1,2023/3/31
362,不明184,,飲食施設,レストラン(都市),06_Restaurant,UrbanRestaurant,1339.84,3,Tama,2022/4/1,2023/3/31
363,不明185,,飲食施設,カフェ・喫茶(都市),06_Restaurant,UrbanCafe,1339.84,3,Tama,2022/4/1,2023/3/31
364,不明186,,飲食施設,レストラン(都市),06_Restaurant,UrbanRestaurant,49.25333333,3,Tama,2022/4/1,2023/3/31
367,不明187,,飲食施設,レストラン(都市),06_Restaurant,UrbanRestaurant,1339.84,3,Tama,2022/4/1,2023/3/31
368,不明188,,飲食施設,レストラン(都市),06_Restaurant,UrbanRestaurant,53.88,3,Tama,2022/4/1,2023/3/31
369,不明189,,飲食施設,レストラン(都市),06_Restaurant,UrbanRestaurant,53.92333333,3,Tama,2022/4/1,2023/3/31
370,不明190,,飲食施設,レストラン(都市),06_Restaurant,UrbanRestaurant,53.92333333,3,Tama,2022/4/1,2023/3/31
371,不明191,,飲食施設,レストラン(都市),06_Restaurant,UrbanRestaurant,32.85,3,Tama,2022/4/1,2023/3/31
373,不明192,,飲食施設,レストラン(都市),06_Restaurant,UrbanRestaurant,49.25333333,3,Tama,2022/4/1,2023/3/31
374,不明193,,飲食施設,カフェ・喫茶(都市),06_Restaurant,UrbanCafe,201.11,3,Tama,2022/4/1,2023/3/31
375,不明194,,飲食施設,カフェ・喫茶(都市),06_Restaurant,UrbanCafe,201.11,3,Tama,2022/4/1,2023/3/31
377,不明195,,飲食施設,居酒屋・バー(都市),06_Restaurant,UrbanBar,81.985,3,Tama,2022/4/1,2023/3/31
381,不明196,,飲食施設,レストラン(都市),06_Restaurant,UrbanRestaurant,81.985,3,Tama,2022/4/1,2023/3/31
382,不明197,,飲食施設,焼肉店,06_Restaurant,UrbanYakiniku,80.23,3,Tama,2022/4/1,2023/3/31
383,不明198,,事務所,,01_Office,CL5,3015.942632,3,Tama,2022/4/1,2023/3/31
387,不明199,,事務所,,01_Office,CL2,491.4182946,3,Tama,2022/4/1,2023/3/31
389,不明200,,事務所,,01_Office,CL1,48.54678571,3,Tama,2022/4/1,2023/3/31
390,不明201,,事務所,,01_Office,CL1,83.13047619,3,Tama,2022/4/1,2023/3/31
392,不明202,,事務所,,01_Office,CL4,1339.84,3,Tama,2022/4/1,2023/3/31
402,不明203,,娯楽施設,,09_Amusement,Patinko,492.94,3,Tama,2022/4/1,2023/3/31
403,不明204,,娯楽施設,,09_Amusement,Karaoke,36.50444444,3,Tama,2022/4/1,2023/3/31
404,不明205,,娯楽施設,,09_Amusement,Fitness,48.54678571,3,Tama,2022/4/1,2023/3/31
405,不明206,,娯楽施設,,09_Amusement,Fitness,400.676,3,Tama,2022/4/1,2023/3/31
406,不明207,,娯楽施設,,09_Amusement,Fitness,3015.942632,3,Tama,2022/4/1,2023/3/31
407,不明208,,娯楽施設,,09_Amusement,Fitness,94.29857143,3,Tama,2022/4/1,2023/3/31
409,不明209,,娯楽施設,,09_Amusement,Fitness,595.4678125,3,Tama,2022/4/1,2023/3/31
410,不明210,,娯楽施設,,09_Amusement,Fitness,1428.648571,3,Tama,2022/4/1,2023/3/31
411,不明211,,娯楽施設,,09_Amusement,Fitness,297.4,3,Tama,2022/4/1,2023/3/31
413,不明212,,娯楽施設,,09_Amusement,Fitness,98.016,3,Tama,2022/4/1,2023/3/31
414,不明213,,娯楽施設,,09_Amusement,Fitness,48.54678571,3,Tama,2022/4/1,2023/3/31
415,不明214,,娯楽施設,,09_Amusement,Fitness,348.7623077,3,Tama,2022/4/1,2023/3/31
416,不明215,,娯楽施設,,09_Amusement,Karaoke,133.6115,3,Tama,2022/4/1,2023/3/31
417,不明216,,娯楽施設,,09_Amusement,Karaoke,159.265,3,Tama,2022/4/1,2023/3/31
418,不明217,,娯楽施設,,09_Amusement,Karaoke,159.265,3,Tama,2022/4/1,2023/3/31
419,不明218,,娯楽施設,,09_Amusement,Karaoke,83.13047619,3,Tama,2022/4/1,2023/3/31
420,不明219,,娯楽施設,,09_Amusement,Karaoke,133.6115,3,Tama,2022/4/1,2023/3/31
421,不明220,,娯楽施設,,09_Amusement,Karaoke,159.265,3,Tama,2022/4/1,2023/3/31
424,不明221,,娯楽施設,,09_Amusement,Patinko,94.29857143,3,Tama,2022/4/1,2023/3/31
425,不明222,,娯楽施設,,09_Amusement,Fitness,400.676,3,Tama,2022/4/1,2023/3/31
426,不明223,,娯楽施設,,09_Amusement,Karaoke,348.7623077,3,Tama,2022/4/1,2023/3/31
427,不明224,,娯楽施設,,09_Amusement,Fitness,381.2392157,3,Tama,2022/4/1,2023/3/31
428,不明225,,娯楽施設,,09_Amusement,Fitness,1428.648571,3,Tama,2022/4/1,2023/3/31
429,不明226,,娯楽施設,,09_Amusement,Fitness,3015.942632,3,Tama,2022/4/1,2023/3/31
430,不明227,,娯楽施設,,09_Amusement,Karaoke,94.29857143,3,Tama,2022/4/1,2023/3/31
431,不明228,,娯楽施設,,09_Amusement,Fitness,325.8254545,3,Tama,2022/4/1,2023/3/31
432,不明229,,娯楽施設,,09_Amusement,Patinko,83.13047619,3,Tama,2022/4/1,2023/3/31
433,不明230,,娯楽施設,,09_Amusement,Patinko,36.50444444,3,Tama,2022/4/1,2023/3/31
434,不明231,,娯楽施設,,09_Amusement,Fitness,595.4678125,3,Tama,2022/4/1,2023/3/31
435,不明232,,娯楽施設,,09_Amusement,Fitness,595.4678125,3,Tama,2022/4/1,2023/3/31
436,不明233,,娯楽施設,,09_Amusement,Patinko,1428.648571,3,Tama,2022/4/1,2023/3/31
437,不明234,,娯楽施設,,09_Amusement,Karaoke,1428.648571,3,Tama,2022/4/1,2023/3/31
438,不明235,,娯楽施設,,09_Amusement,Patinko,400.676,3,Tama,2022/4/1,2023/3/31
439,不明236,,娯楽施設,,09_Amusement,Fitness,281.3383333,3,Tama,2022/4/1,2023/3/31
441,不明237,,娯楽施設,,09_Amusement,Karaoke,348.7623077,3,Tama,2022/4/1,2023/3/31
444,不明238,,商業施設,コンビニエンスドラッグ,04_Retail,ConvenienceDrug,595.4678125,3,Tama,2022/4/1,2023/3/31
445,不明239,,商業施設,衣料品・住関連スーパー,04_Retail,HousingClothingSuper,491.4182946,3,Tama,2022/4/1,2023/3/31
446,不明240,,飲食施設,レストラン(都市),06_Restaurant,UrbanRestaurant,491.4182946,3,Tama,2022/4/1,2023/3/31
447,不明241,,商業施設,衣料品・住関連スーパー,04_Retail,HousingClothingSuper,492.94,3,Tama,2022/4/1,2023/3/31
448,不明242,,商業施設,衣料品・住関連スーパー,04_Retail,HousingClothingSuper,492.94,3,Tama,2022/4/1,2023/3/31
449,不明243,,商業施設,コンビニエンスドラッグ,04_Retail,ConvenienceDrug,381.2392157,3,Tama,2022/4/1,2023/3/31
450,不明244,,商業施設,衣料品・住関連スーパー,04_Retail,HousingClothingSuper,491.4182946,3,Tama,2022/4/1,2023/3/31
451,不明245,,飲食施設,カフェ・喫茶(都市),06_Restaurant,UrbanCafe,94.29857143,3,Tama,2022/4/1,2023/3/31
453,不明246,,商業施設,専門店・中心店,04_Retail,SpecialityShop,106.3851613,3,Tama,2022/4/1,2023/3/31
454,不明247,,商業施設,衣料品・住関連スーパー,04_Retail,HousingClothingSuper,325.8254545,3,Tama,2022/4/1,2023/3/31
455,不明248,,商業施設,衣料品・住関連スーパー,04_Retail,HousingClothingSuper,106.3851613,3,Tama,2022/4/1,2023/3/31
456,不明249,,商業施設,衣料品・住関連スーパー,04_Retail,HousingClothingSuper,106.3851613,3,Tama,2022/4/1,2023/3/31
457,不明250,,商業施設,コンビニエンスストア,04_Retail,ConvenienceStore,106.3851613,3,Tama,2022/4/1,2023/3/31
458,不明251,,飲食施設,カフェ・喫茶(都市),06_Restaurant,UrbanCafe,106.3851613,3,Tama,2022/4/1,2023/3/31
459,不明252,,商業施設,コンビニエンスドラッグ,04_Retail,ConvenienceDrug,106.3851613,3,Tama,2022/4/1,2023/3/31
460,不明253,,商業施設,衣料品・住関連スーパー,04_Retail,HousingClothingSuper,106.3851613,3,Tama,2022/4/1,2023/3/31
461,不明254,,飲食施設,カフェ・喫茶(都市),06_Restaurant,UrbanCafe,106.3851613,3,Tama,2022/4/1,2023/3/31
462,不明255,,商業施設,衣料品・住関連スーパー,04_Retail,HousingClothingSuper,106.3851613,3,Tama,2022/4/1,2023/3/31
463,不明256,,飲食施設,居酒屋・バー(都市),06_Restaurant,UrbanBar,325.8254545,3,Tama,2022/4/1,2023/3/31
464,不明257,,商業施設,衣料品・住関連スーパー,04_Retail,HousingClothingSuper,106.3851613,3,Tama,2022/4/1,2023/3/31
465,不明258,,商業施設,衣料品・住関連スーパー,04_Retail,HousingClothingSuper,106.3851613,3,Tama,2022/4/1,2023/3/31
466,不明259,,商業施設,衣料品・住関連スーパー,04_Retail,HousingClothingSuper,106.3851613,3,Tama,2022/4/1,2023/3/31
467,不明260,,商業施設,衣料品・住関連スーパー,04_Retail,HousingClothingSuper,106.3851613,3,Tama,2022/4/1,2023/3/31
468,不明261,,商業施設,衣料品・住関連スーパー,04_Retail,HousingClothingSuper,325.8254545,3,Tama,2022/4/1,2023/3/31
469,不明262,,商業施設,衣料品・住関連スーパー,04_Retail,HousingClothingSuper,325.8254545,3,Tama,2022/4/1,2023/3/31
470,不明263,,商業施設,コンビニエンスストア,04_Retail,ConvenienceStore,106.3851613,3,Tama,2022/4/1,2023/3/31
471,不明264,,飲食施設,カフェ・喫茶(都市),06_Restaurant,UrbanCafe,94.29857143,3,Tama,2022/4/1,2023/3/31
472,不明265,,商業施設,コンビニエンスストア,04_Retail,ConvenienceStore,94.29857143,3,Tama,2022/4/1,2023/3/31
473,不明266,,商業施設,衣料品・住関連スーパー,04_Retail,HousingClothingSuper,36.50444444,3,Tama,2022/4/1,2023/3/31
474,不明267,,商業施設,コンビニエンスストア,04_Retail,ConvenienceStore,94.29857143,3,Tama,2022/4/1,2023/3/31
475,不明268,,飲食施設,レストラン(都市),06_Restaurant,UrbanRestaurant,36.50444444,3,Tama,2022/4/1,2023/3/31
476,不明269,,商業施設,衣料品・住関連スーパー,04_Retail,HousingClothingSuper,94.29857143,3,Tama,2022/4/1,2023/3/31
477,不明270,,飲食施設,カフェ・喫茶(都市),06_Restaurant,UrbanCafe,36.50444444,3,Tama,2022/4/1,2023/3/31
478,不明271,,商業施設,専門店・中心店,04_Retail,SpecialityShop,94.29857143,3,Tama,2022/4/1,2023/3/31
479,不明272,,商業施設,衣料品・住関連スーパー,04_Retail,HousingClothingSuper,94.29857143,3,Tama,2022/4/1,2023/3/31
480,不明273,,商業施設,衣料品・住関連スーパー,04_Retail,HousingClothingSuper,94.29857143,3,Tama,2022/4/1,2023/3/31
481,不明274,,商業施設,衣料品・住関連スーパー,04_Retail,HousingClothingSuper,94.29857143,3,Tama,2022/4/1,2023/3/31
482,不明275,,商業施設,コンビニエンスドラッグ,04_Retail,ConvenienceDrug,48.768,3,Tama,2022/4/1,2023/3/31
485,不明276,,商業施設,コンビニエンスドラッグ,04_Retail,ConvenienceDrug,381.2392157,3,Tama,2022/4/1,2023/3/31
488,不明277,,商業施設,衣料品・住関連スーパー,04_Retail,HousingClothingSuper,26.6225,3,Tama,2022/4/1,2023/3/31
491,不明278,,商業施設,コンビニエンスストア,04_Retail,ConvenienceStore,83.13047619,3,Tama,2022/4/1,2023/3/31
492,不明279,,事務所,,01_Office,CL1,67.272,3,Tama,2022/4/1,2023/3/31
506,不明280,,商業施設,コンビニエンスドラッグ,04_Retail,ConvenienceDrug,710.0375,3,Tama,2022/4/1,2023/3/31
507,不明281,,商業施設,コンビニエンスドラッグ,04_Retail,ConvenienceDrug,381.2392157,3,Tama,2022/4/1,2023/3/31
508,不明282,,商業施設,衣料品・住関連スーパー,04_Retail,HousingClothingSuper,1137.857,3,Tama,2022/4/1,2023/3/31
509,不明283,,商業施設,SuperDrugStore,04_Retail,SuperDrugStore,1137.857,3,Tama,2022/4/1,2023/3/31
510,不明284,,商業施設,小型食料品スーパー,04_Retail,SmallGrocery,83.13047619,3,Tama,2022/4/1,2023/3/31
511,不明285,,商業施設,衣料品・住関連スーパー,04_Retail,HousingClothingSuper,83.13047619,3,Tama,2022/4/1,2023/3/31
512,不明286,,商業施設,コンビニエンスドラッグ,04_Retail,ConvenienceDrug,83.13047619,3,Tama,2022/4/1,2023/3/31
513,不明287,,商業施設,衣料品・住関連スーパー,04_Retail,HousingClothingSuper,83.13047619,3,Tama,2022/4/1,2023/3/31
515,不明288,,商業施設,小型食料品スーパー,04_Retail,SmallGrocery,595.4678125,3,Tama,2022/4/1,2023/3/31
516,不明289,,商業施設,小型食料品スーパー,04_Retail,SmallGrocery,595.4678125,3,Tama,2022/4/1,2023/3/31
517,不明290,,商業施設,小型食料品スーパー,04_Retail,SmallGrocery,595.4678125,3,Tama,2022/4/1,2023/3/31
518,不明291,,商業施設,衣料品・住関連スーパー,04_Retail,HousingClothingSuper,595.4678125,3,Tama,2022/4/1,2023/3/31
519,不明292,,商業施設,コンビニエンスドラッグ,04_Retail,ConvenienceDrug,595.4678125,3,Tama,2022/4/1,2023/3/31
520,不明293,,商業施設,衣料品・住関連スーパー,04_Retail,HousingClothingSuper,595.4678125,3,Tama,2022/4/1,2023/3/31
521,不明294,,商業施設,衣料品・住関連スーパー,04_Retail,HousingClothingSuper,1428.648571,3,Tama,2022/4/1,2023/3/31
522,不明295,,商業施設,衣料品・住関連スーパー,04_Retail,HousingClothingSuper,1428.648571,3,Tama,2022/4/1,2023/3/31
523,不明296,,商業施設,衣料品・住関連スーパー,04_Retail,HousingClothingSuper,400.676,3,Tama,2022/4/1,2023/3/31
524,不明297,,商業施設,衣料品・住関連スーパー,04_Retail,HousingClothingSuper,400.676,3,Tama,2022/4/1,2023/3/31
525,不明298,,商業施設,コンビニエンスドラッグ,04_Retail,ConvenienceDrug,400.676,3,Tama,2022/4/1,2023/3/31
526,不明299,,商業施設,衣料品・住関連スーパー,04_Retail,HousingClothingSuper,400.676,3,Tama,2022/4/1,2023/3/31
527,不明300,,商業施設,衣料品・住関連スーパー,04_Retail,HousingClothingSuper,400.676,3,Tama,2022/4/1,2023/3/31
528,不明301,,飲食施設,居酒屋・バー(都市),06_Restaurant,UrbanBar,400.676,3,Tama,2022/4/1,2023/3/31
529,不明302,,飲食施設,レストラン(都市),06_Restaurant,UrbanRestaurant,400.676,3,Tama,2022/4/1,2023/3/31
530,不明303,,商業施設,小型食料品スーパー,04_Retail,SmallGrocery,492.94,3,Tama,2022/4/1,2023/3/31
531,不明304,,商業施設,衣料品・住関連スーパー,04_Retail,HousingClothingSuper,492.94,3,Tama,2022/4/1,2023/3/31
532,不明305,,商業施設,コンビニエンスドラッグ,04_Retail,ConvenienceDrug,492.94,3,Tama,2022/4/1,2023/3/31
533,不明306,,商業施設,衣料品・住関連スーパー,04_Retail,HousingClothingSuper,492.94,3,Tama,2022/4/1,2023/3/31
534,不明307,,商業施設,衣料品・住関連スーパー,04_Retail,HousingClothingSuper,492.94,3,Tama,2022/4/1,2023/3/31
535,不明308,,商業施設,衣料品・住関連スーパー,04_Retail,HousingClothingSuper,492.94,3,Tama,2022/4/1,2023/3/31
536,不明309,,商業施設,衣料品・住関連スーパー,04_Retail,HousingClothingSuper,492.94,3,Tama,2022/4/1,2023/3/31
537,不明310,,商業施設,衣料品・住関連スーパー,04_Retail,HousingClothingSuper,492.94,3,Tama,2022/4/1,2023/3/31
538,不明311,,商業施設,衣料品・住関連スーパー,04_Retail,HousingClothingSuper,492.94,3,Tama,2022/4/1,2023/3/31
539,不明312,,商業施設,衣料品・住関連スーパー,04_Retail,HousingClothingSuper,492.94,3,Tama,2022/4/1,2023/3/31
540,不明313,,商業施設,衣料品・住関連スーパー,04_Retail,HousingClothingSuper,492.94,3,Tama,2022/4/1,2023/3/31
541,不明314,,商業施設,衣料品・住関連スーパー,04_Retail,HousingClothingSuper,492.94,3,Tama,2022/4/1,2023/3/31
542,不明315,,飲食施設,カフェ・喫茶(都市),06_Restaurant,UrbanCafe,492.94,3,Tama,2022/4/1,2023/3/31
543,不明316,,商業施設,衣料品・住関連スーパー,04_Retail,HousingClothingSuper,492.94,3,Tama,2022/4/1,2023/3/31
544,不明317,,商業施設,衣料品・住関連スーパー,04_Retail,HousingClothingSuper,492.94,3,Tama,2022/4/1,2023/3/31
545,不明318,,商業施設,衣料品・住関連スーパー,04_Retail,HousingClothingSuper,686.6533333,3,Tama,2022/4/1,2023/3/31
546,不明319,,商業施設,衣料品・住関連スーパー,04_Retail,HousingClothingSuper,492.94,3,Tama,2022/4/1,2023/3/31
547,不明320,,飲食施設,カフェ・喫茶(都市),06_Restaurant,UrbanCafe,281.3383333,3,Tama,2022/4/1,2023/3/31
551,不明321,,商業施設,衣料品・住関連スーパー,04_Retail,HousingClothingSuper,281.3383333,3,Tama,2022/4/1,2023/3/31
552,不明322,,商業施設,衣料品・住関連スーパー,04_Retail,HousingClothingSuper,491.4182946,3,Tama,2022/4/1,2023/3/31
553,不明323,,飲食施設,レストラン(都市),06_Restaurant,UrbanRestaurant,491.4182946,3,Tama,2022/4/1,2023/3/31
554,不明324,,商業施設,衣料品・住関連スーパー,04_Retail,HousingClothingSuper,491.4182946,3,Tama,2022/4/1,2023/3/31
555,不明325,,商業施設,衣料品・住関連スーパー,04_Retail,HousingClothingSuper,491.4182946,3,Tama,2022/4/1,2023/3/31
556,不明326,,商業施設,小型食料品スーパー,04_Retail,SmallGrocery,491.4182946,3,Tama,2022/4/1,2023/3/31
557,不明327,,商業施設,衣料品・住関連スーパー,04_Retail,HousingClothingSuper,491.4182946,3,Tama,2022/4/1,2023/3/31
558,不明328,,商業施設,衣料品・住関連スーパー,04_Retail,HousingClothingSuper,491.4182946,3,Tama,2022/4/1,2023/3/31
559,不明329,,商業施設,衣料品・住関連スーパー,04_Retail,HousingClothingSuper,491.4182946,3,Tama,2022/4/1,2023/3/31
560,不明330,,商業施設,衣料品・住関連スーパー,04_Retail,HousingClothingSuper,491.4182946,3,Tama,2022/4/1,2023/3/31
561,不明331,,商業施設,衣料品・住関連スーパー,04_Retail,HousingClothingSuper,491.4182946,3,Tama,2022/4/1,2023/3/31
562,不明332,,飲食施設,レストラン(都市),06_Restaurant,UrbanRestaurant,491.4182946,3,Tama,2022/4/1,2023/3/31
563,不明333,,商業施設,衣料品・住関連スーパー,04_Retail,HousingClothingSuper,491.4182946,3,Tama,2022/4/1,2023/3/31
564,不明334,,商業施設,衣料品・住関連スーパー,04_Retail,HousingClothingSuper,491.4182946,3,Tama,2022/4/1,2023/3/31
565,不明335,,飲食施設,カフェ・喫茶(都市),06_Restaurant,UrbanCafe,491.4182946,3,Tama,2022/4/1,2023/3/31
566,不明336,,商業施設,衣料品・住関連スーパー,04_Retail,HousingClothingSuper,491.4182946,3,Tama,2022/4/1,2023/3/31
567,不明337,,商業施設,衣料品・住関連スーパー,04_Retail,HousingClothingSuper,491.4182946,3,Tama,2022/4/1,2023/3/31
568,不明338,,商業施設,衣料品・住関連スーパー,04_Retail,HousingClothingSuper,491.4182946,3,Tama,2022/4/1,2023/3/31
569,不明339,,商業施設,衣料品・住関連スーパー,04_Retail,HousingClothingSuper,491.4182946,3,Tama,2022/4/1,2023/3/31
570,不明340,,商業施設,衣料品・住関連スーパー,04_Retail,HousingClothingSuper,491.4182946,3,Tama,2022/4/1,2023/3/31
571,不明341,,商業施設,衣料品・住関連スーパー,04_Retail,HousingClothingSuper,491.4182946,3,Tama,2022/4/1,2023/3/31
572,不明342,,飲食施設,レストラン(都市),06_Restaurant,UrbanRestaurant,491.4182946,3,Tama,2022/4/1,2023/3/31
573,不明343,,商業施設,衣料品・住関連スーパー,04_Retail,HousingClothingSuper,491.4182946,3,Tama,2022/4/1,2023/3/31
574,不明344,,商業施設,衣料品・住関連スーパー,04_Retail,HousingClothingSuper,491.4182946,3,Tama,2022/4/1,2023/3/31
575,不明345,,商業施設,衣料品・住関連スーパー,04_Retail,HousingClothingSuper,491.4182946,3,Tama,2022/4/1,2023/3/31
576,不明346,,商業施設,衣料品・住関連スーパー,04_Retail,HousingClothingSuper,491.4182946,3,Tama,2022/4/1,2023/3/31
577,不明347,,商業施設,コンビニエンスドラッグ,04_Retail,ConvenienceDrug,491.4182946,3,Tama,2022/4/1,2023/3/31
578,不明348,,商業施設,衣料品・住関連スーパー,04_Retail,HousingClothingSuper,491.4182946,3,Tama,2022/4/1,2023/3/31
579,不明349,,商業施設,衣料品・住関連スーパー,04_Retail,HousingClothingSuper,491.4182946,3,Tama,2022/4/1,2023/3/31
580,不明350,,商業施設,衣料品・住関連スーパー,04_Retail,HousingClothingSuper,491.4182946,3,Tama,2022/4/1,2023/3/31
581,不明351,,商業施設,衣料品・住関連スーパー,04_Retail,HousingClothingSuper,491.4182946,3,Tama,2022/4/1,2023/3/31
582,不明352,,商業施設,衣料品・住関連スーパー,04_Retail,HousingClothingSuper,491.4182946,3,Tama,2022/4/1,2023/3/31
583,不明353,,商業施設,衣料品・住関連スーパー,04_Retail,HousingClothingSuper,491.4182946,3,Tama,2022/4/1,2023/3/31
584,不明354,,商業施設,衣料品・住関連スーパー,04_Retail,HousingClothingSuper,491.4182946,3,Tama,2022/4/1,2023/3/31
585,不明355,,商業施設,衣料品・住関連スーパー,04_Retail,HousingClothingSuper,491.4182946,3,Tama,2022/4/1,2023/3/31
586,不明356,,商業施設,衣料品・住関連スーパー,04_Retail,HousingClothingSuper,491.4182946,3,Tama,2022/4/1,2023/3/31
587,不明357,,商業施設,衣料品・住関連スーパー,04_Retail,HousingClothingSuper,491.4182946,3,Tama,2022/4/1,2023/3/31
588,不明358,,商業施設,小型食料品スーパー,04_Retail,SmallGrocery,491.4182946,3,Tama,2022/4/1,2023/3/31
589,不明359,,商業施設,衣料品・住関連スーパー,04_Retail,HousingClothingSuper,491.4182946,3,Tama,2022/4/1,2023/3/31
590,不明360,,商業施設,衣料品・住関連スーパー,04_Retail,HousingClothingSuper,491.4182946,3,Tama,2022/4/1,2023/3/31
591,不明361,,商業施設,衣料品・住関連スーパー,04_Retail,HousingClothingSuper,491.4182946,3,Tama,2022/4/1,2023/3/31
592,不明362,,商業施設,衣料品・住関連スーパー,04_Retail,HousingClothingSuper,491.4182946,3,Tama,2022/4/1,2023/3/31
593,不明363,,商業施設,衣料品・住関連スーパー,04_Retail,HousingClothingSuper,491.4182946,3,Tama,2022/4/1,2023/3/31
594,不明364,,商業施設,衣料品・住関連スーパー,04_Retail,HousingClothingSuper,491.4182946,3,Tama,2022/4/1,2023/3/31
595,不明365,,商業施設,衣料品・住関連スーパー,04_Retail,HousingClothingSuper,491.4182946,3,Tama,2022/4/1,2023/3/31
596,不明366,,商業施設,衣料品・住関連スーパー,04_Retail,HousingClothingSuper,491.4182946,3,Tama,2022/4/1,2023/3/31
597,不明367,,商業施設,衣料品・住関連スーパー,04_Retail,HousingClothingSuper,491.4182946,3,Tama,2022/4/1,2023/3/31
598,不明368,,商業施設,衣料品・住関連スーパー,04_Retail,HousingClothingSuper,491.4182946,3,Tama,2022/4/1,2023/3/31
599,不明369,,商業施設,衣料品・住関連スーパー,04_Retail,HousingClothingSuper,491.4182946,3,Tama,2022/4/1,2023/3/31
600,不明370,,商業施設,衣料品・住関連スーパー,04_Retail,HousingClothingSuper,491.4182946,3,Tama,2022/4/1,2023/3/31
601,不明371,,商業施設,衣料品・住関連スーパー,04_Retail,HousingClothingSuper,491.4182946,3,Tama,2022/4/1,2023/3/31
602,不明372,,商業施設,衣料品・住関連スーパー,04_Retail,HousingClothingSuper,491.4182946,3,Tama,2022/4/1,2023/3/31
603,不明373,,商業施設,衣料品・住関連スーパー,04_Retail,HousingClothingSuper,491.4182946,3,Tama,2022/4/1,2023/3/31
604,不明374,,商業施設,衣料品・住関連スーパー,04_Retail,HousingClothingSuper,491.4182946,3,Tama,2022/4/1,2023/3/31
605,不明375,,商業施設,衣料品・住関連スーパー,04_Retail,HousingClothingSuper,491.4182946,3,Tama,2022/4/1,2023/3/31
606,不明376,,飲食施設,居酒屋・バー(都市),06_Restaurant,UrbanBar,491.4182946,3,Tama,2022/4/1,2023/3/31
607,不明377,,商業施設,衣料品・住関連スーパー,04_Retail,HousingClothingSuper,491.4182946,3,Tama,2022/4/1,2023/3/31
608,不明378,,商業施設,衣料品・住関連スーパー,04_Retail,HousingClothingSuper,491.4182946,3,Tama,2022/4/1,2023/3/31
609,不明379,,商業施設,衣料品・住関連スーパー,04_Retail,HousingClothingSuper,491.4182946,3,Tama,2022/4/1,2023/3/31
610,不明380,,商業施設,衣料品・住関連スーパー,04_Retail,HousingClothingSuper,491.4182946,3,Tama,2022/4/1,2023/3/31
611,不明381,,商業施設,衣料品・住関連スーパー,04_Retail,HousingClothingSuper,491.4182946,3,Tama,2022/4/1,2023/3/31
612,不明382,,商業施設,衣料品・住関連スーパー,04_Retail,HousingClothingSuper,491.4182946,3,Tama,2022/4/1,2023/3/31
613,不明383,,商業施設,衣料品・住関連スーパー,04_Retail,HousingClothingSuper,491.4182946,3,Tama,2022/4/1,2023/3/31
614,不明384,,商業施設,衣料品・住関連スーパー,04_Retail,HousingClothingSuper,491.4182946,3,Tama,2022/4/1,2023/3/31
615,不明385,,飲食施設,カフェ・喫茶(都市),06_Restaurant,UrbanCafe,491.4182946,3,Tama,2022/4/1,2023/3/31
616,不明386,,飲食施設,カフェ・喫茶(都市),06_Restaurant,UrbanCafe,491.4182946,3,Tama,2022/4/1,2023/3/31
617,不明387,,商業施設,小型食料品スーパー,04_Retail,SmallGrocery,491.4182946,3,Tama,2022/4/1,2023/3/31
618,不明388,,飲食施設,カフェ・喫茶(都市),06_Restaurant,UrbanCafe,491.4182946,3,Tama,2022/4/1,2023/3/31
619,不明389,,商業施設,衣料品・住関連スーパー,04_Retail,HousingClothingSuper,491.4182946,3,Tama,2022/4/1,2023/3/31
620,不明390,,商業施設,衣料品・住関連スーパー,04_Retail,HousingClothingSuper,491.4182946,3,Tama,2022/4/1,2023/3/31
621,不明391,,商業施設,衣料品・住関連スーパー,04_Retail,HousingClothingSuper,491.4182946,3,Tama,2022/4/1,2023/3/31
622,不明392,,商業施設,衣料品・住関連スーパー,04_Retail,HousingClothingSuper,491.4182946,3,Tama,2022/4/1,2023/3/31
623,不明393,,商業施設,衣料品・住関連スーパー,04_Retail,HousingClothingSuper,3015.942632,3,Tama,2022/4/1,2023/3/31
624,不明394,,商業施設,衣料品・住関連スーパー,04_Retail,HousingClothingSuper,3015.942632,3,Tama,2022/4/1,2023/3/31
625,不明395,,商業施設,衣料品・住関連スーパー,04_Retail,HousingClothingSuper,400.676,3,Tama,2022/4/1,2023/3/31
626,不明396,,商業施設,衣料品・住関連スーパー,04_Retail,HousingClothingSuper,400.676,3,Tama,2022/4/1,2023/3/31
628,不明397,,商業施設,コンビニエンスストア,04_Retail,ConvenienceStore,98.016,3,Tama,2022/4/1,2023/3/31
630,不明398,,医療施設,,03_Hospital,CL1,48.54678571,3,Tama,2022/4/1,2023/3/31
631,不明399,,商業施設,衣料品・住関連スーパー,04_Retail,HousingClothingSuper,48.54678571,3,Tama,2022/4/1,2023/3/31
632,不明400,,商業施設,衣料品・住関連スーパー,04_Retail,HousingClothingSuper,61.01368421,3,Tama,2022/4/1,2023/3/31
634,不明401,,商業施設,衣料品・住関連スーパー,04_Retail,HousingClothingSuper,133.6115,3,Tama,2022/4/1,2023/3/31
636,不明402,,商業施設,衣料品・住関連スーパー,04_Retail,HousingClothingSuper,85.869,3,Tama,2022/4/1,2023/3/31
637,不明403,,商業施設,コンビニエンスドラッグ,04_Retail,ConvenienceDrug,88.62,3,Tama,2022/4/1,2023/3/31
638,不明404,,商業施設,衣料品・住関連スーパー,04_Retail,HousingClothingSuper,88.62,3,Tama,2022/4/1,2023/3/31
639,不明405,,飲食施設,居酒屋・バー(都市),06_Restaurant,UrbanBar,159.265,3,Tama,2022/4/1,2023/3/31
640,不明406,,商業施設,コンビニエンスドラッグ,04_Retail,ConvenienceDrug,341.6375,3,Tama,2022/4/1,2023/3/31
641,不明407,,商業施設,衣料品・住関連スーパー,04_Retail,HousingClothingSuper,1339.84,3,Tama,2022/4/1,2023/3/31
642,不明408,,商業施設,衣料品・住関連スーパー,04_Retail,HousingClothingSuper,83.13047619,3,Tama,2022/4/1,2023/3/31
644,不明409,,商業施設,衣料品・住関連スーパー,04_Retail,HousingClothingSuper,1339.84,3,Tama,2022/4/1,2023/3/31
645,不明410,,商業施設,衣料品・住関連スーパー,04_Retail,HousingClothingSuper,1339.84,3,Tama,2022/4/1,2023/3/31
646,不明411,,商業施設,小型食料品スーパー,04_Retail,SmallGrocery,1339.84,3,Tama,2022/4/1,2023/3/31
647,不明412,,商業施設,衣料品・住関連スーパー,04_Retail,HousingClothingSuper,1339.84,3,Tama,2022/4/1,2023/3/31
648,不明413,,商業施設,衣料品・住関連スーパー,04_Retail,HousingClothingSuper,1339.84,3,Tama,2022/4/1,2023/3/31
649,不明414,,商業施設,衣料品・住関連スーパー,04_Retail,HousingClothingSuper,1339.84,3,Tama,2022/4/1,2023/3/31
650,不明415,,商業施設,衣料品・住関連スーパー,04_Retail,HousingClothingSuper,1339.84,3,Tama,2022/4/1,2023/3/31
651,不明416,,商業施設,衣料品・住関連スーパー,04_Retail,HousingClothingSuper,1339.84,3,Tama,2022/4/1,2023/3/31
652,不明417,,商業施設,衣料品・住関連スーパー,04_Retail,HousingClothingSuper,1339.84,3,Tama,2022/4/1,2023/3/31
653,不明418,,飲食施設,居酒屋・バー(都市),06_Restaurant,UrbanBar,1339.84,3,Tama,2022/4/1,2023/3/31
654,不明419,,商業施設,衣料品・住関連スーパー,04_Retail,HousingClothingSuper,1339.84,3,Tama,2022/4/1,2023/3/31
658,不明420,,商業施設,衣料品・住関連スーパー,04_Retail,HousingClothingSuper,201.11,3,Tama,2022/4/1,2023/3/31
659,不明421,,商業施設,衣料品・住関連スーパー,04_Retail,HousingClothingSuper,201.11,3,Tama,2022/4/1,2023/3/31
660,不明422,,商業施設,衣料品・住関連スーパー,04_Retail,HousingClothingSuper,201.11,3,Tama,2022/4/1,2023/3/31
662,不明423,,商業施設,衣料品・住関連スーパー,04_Retail,HousingClothingSuper,81.985,3,Tama,2022/4/1,2023/3/31
664,不明424,,商業施設,衣料品・住関連スーパー,04_Retail,HousingClothingSuper,80.23,3,Tama,2022/4/1,2023/3/31
665,不明425,,商業施設,コンビニエンスドラッグ,04_Retail,ConvenienceDrug,55.71833333,3,Tama,2022/4/1,2023/3/31
666,不明426,,商業施設,衣料品・住関連スーパー,04_Retail,HousingClothingSuper,55.71833333,3,Tama,2022/4/1,2023/3/31
669,不明427,,商業施設,コンビニエンスドラッグ,04_Retail,ConvenienceDrug,691.96,3,Tama,2022/4/1,2023/3/31
675,不明428,,飲食施設,居酒屋・バー(都市),06_Restaurant,UrbanBar,53.88,3,Tama,2022/4/1,2023/3/31
676,不明429,,商業施設,衣料品・住関連スーパー,04_Retail,HousingClothingSuper,83.13047619,3,Tama,2022/4/1,2023/3/31
682,不明430,,商業施設,衣料品・住関連スーパー,04_Retail,HousingClothingSuper,223.15,3,Tama,2022/4/1,2023/3/31
