,Area,Building,Cluster,Zoning,Plant,HVAC,TFA,HEX,VWV,NaturalVentilation,CO2control,Insulation,Lighting,HSCOP,NoBuilding,Schedule_Sampling,RegionBuilding
1,Tokyo,Retail,HousingClothingSuper,ZoneC,GHP,MUL,265.34,0,0,0,0,1,1,2,25561,133,1
2,Tokyo,Retail,HousingClothingSuper,ZoneC,AHP,OHUFCU,289.46,1,0,1,0,1,2,2,29213,365,2
3,Tokyo,Office,CL5,ZoneC,EHP,MUL,4170.94,1,0,0,0,1,2,3,1751,64,3
4,Tokyo,Office,CL1,ZoneC,EHP,MUL,117.84,1,0,0,0,1,2,3,11232,141,4
5,Tokyo,Retail,HousingClothingSuper,ZoneC,EHP,MUL,523.74,1,0,1,0,1,1,3,27359,187,5
6,Tokyo,Retail,SpecialityShop,ZoneC,EHP,MUL,1506.52,1,0,0,0,1,1,2,25848,81,6
7,Tokyo,Restaurant,UrbanRestaurant,ZoneC,EHP,MUL,123,0,0,0,0,1,2,3,1263,0,7
8,Tokyo,Office,CL2,ZoneC,EHP,MUL,222.71,1,0,0,0,2,1,2,73,11,8
9,Tokyo,Office,CL1,ZoneC,EHP,MUL,175.23,1,0,0,0,1,1,3,5435,174,9
10,Tokyo,Retail,HousingClothingSuper,ZoneC,EHP,MUL,523.06,0,0,0,0,2,1,3,27361,233,10
11,Tokyo,Office,CL1,ZoneC,EHP,MUL,104.71,1,0,0,0,2,2,2,8328,154,11
12,Tokyo,Office,CL1,ZoneC,EHP,MUL,79.24,1,0,0,0,2,2,3,11233,118,12
13,Tokyo,Office,CL4,ZoneC,AHP,CAV,1084.74,1,1,0,0,2,2,3,11294,167,13
14,Tokyo,School,ElementarySchool,ZoneC,EHP,MUL,3138.63,1,0,0,0,2,2,3,34684,100,14
15,Tokyo,Office,CL1,ZoneC,EHP,MUL,153.16,1,0,0,0,2,1,3,5436,266,15
16,Tokyo,Retail,HousingClothingSuper,ZoneC,EHP,MUL,4255.78,0,0,0,0,2,2,3,30969,223,16
17,Tokyo,Restaurant,UrbanRestaurant,ZoneC,EHP,MUL,101.72,0,0,0,0,1,2,3,1263,0,17
18,Tokyo,Office,CL1,ZoneC,GHP,MUL,99.82,1,0,0,0,1,2,3,11234,375,18
19,Tokyo,Office,CL2,ZoneC,EHP,MUL,257.98,1,0,0,0,2,1,3,569,383,19
20,Tokyo,Office,CL1,ZoneC,GHP,MUL,74.5,1,0,0,0,1,1,3,5437,24,20
21,Tokyo,Office,CL5,ZoneC,AHP,CAV,2974,1,0,0,0,1,1,2,2652,119,21
22,Tokyo,Office,CL1,ZoneC,EHP,MUL,104.9,1,0,0,0,2,1,2,2532,147,22
23,Tokyo,Hospital,CL6,ZoneC,ABCH,FCU,8794.41,0,0,0,0,1,2,3,23930,333,23
24,Tokyo,Office,CL1,ZoneC,EHP,MUL,28.26,1,0,0,0,2,1,3,5436,266,24
25,Tokyo,Restaurant,UrbanRestaurant,ZoneC,EHP,MUL,165.94,1,0,0,0,1,2,2,564,0,25
26,Tokyo,Office,CL2,ZoneC,EHP,MUL,483.85,0,0,0,0,1,2,3,1631,187,26
27,Tokyo,Hospital,CL2,ZoneC,EHP,MUL,403.72,1,0,0,0,1,2,2,22191,280,27
28,Tokyo,Retail,SpecialityShop,ZoneC,EHP,MUL,281.9,0,0,0,0,1,2,2,29455,329,28
29,Tokyo,Retail,SpecialityShop,ZoneC,EHP,MUL,213.88,0,0,0,0,2,1,3,27654,174,29
30,Tokyo,Retail,HousingClothingSuper,ZoneC,EHP,MUL,149.46,0,0,0,0,1,1,2,25553,138,30
31,Tokyo,Office,CL2,ZoneC,EHP,MUL,232.88,1,0,0,0,1,1,3,564,256,31
32,Tokyo,Office,CL4,ZoneC,EHP,MUL,1021.54,1,0,0,0,1,1,2,117,281,32
33,Tokyo,Retail,SpecialityShop,ZoneC,GHP,MUL,58.5,0,0,0,0,1,1,2,25853,163,33
34,Tokyo,Retail,SpecialityShop,ZoneC,EHP,MUL,209.28,0,0,0,0,1,2,3,31259,394,34
35,Tokyo,Retail,ConvenienceDrug,ZoneC,EHP,MUL,513.08,0,0,0,0,1,2,2,29093,362,35
36,Tokyo,Retail,HousingClothingSuper,ZoneC,EHP,MUL,282.92,0,0,0,0,2,2,2,29165,350,36
37,Tokyo,Office,CL1,ZoneC,EHP,MUL,72.4,1,0,0,0,1,1,3,5435,174,37
38,Tokyo,Retail,HousingClothingSuper,ZoneC,ABCH,CAV,1344.08,1,0,0,0,2,1,3,27375,236,38
39,Tokyo,Retail,HousingClothingSuper,ZoneC,COM,CAV,425.98,0,0,0,0,2,2,3,31024,350,39
40,Tokyo,Hospital,CL6,ZoneC,GHP,MUL,6071.97,0,0,0,0,2,2,2,22281,143,40
41,Tokyo,Office,CL1,ZoneC,GHP,MUL,69.25,1,0,0,0,1,1,3,5437,24,41
42,Tokyo,Retail,ConvenienceStore,ZoneC,EHP,MUL,256.14,0,0,0,0,1,1,2,25495,396,42
43,Tokyo,Restaurant,UrbanRestaurant,ZoneC,EHP,MUL,121.32,1,0,0,0,1,2,2,564,0,43
44,Tokyo,Office,CL2,ZoneC,EHP,MUL,227.24,1,0,0,0,2,2,3,1652,98,44
45,Tokyo,Office,CL1,ZoneC,EHP,MUL,145.63,1,0,0,0,1,2,3,11232,141,45
46,Tokyo,Retail,HousingClothingSuper,ZoneC,AHP,CAV,296.04,1,0,1,0,1,2,3,31001,361,46
47,Tokyo,Office,CL1,ZoneC,GHP,MUL,68.56,1,0,0,0,1,2,3,11234,375,47
48,Tokyo,Hospital,CL4,ZoneC,EHP,MUL,1163.02,1,0,0,0,2,2,3,23858,165,48
49,Tokyo,Hospital,CL1,ZoneC,EHP,MUL,193.56,0,0,0,0,1,1,2,18906,49,49
50,Tokyo,Office,CL1,ZoneC,EHP,MUL,112.53,1,0,0,0,1,1,2,2531,237,50
51,Tokyo,Office,CL1,ZoneC,EHP,MUL,66.42,1,0,0,0,2,1,2,2532,147,51
52,Tokyo,Office,CL3,ZoneC,AHP,CAV,573.59,1,0,0,0,1,1,2,2560,18,52
53,Tokyo,Hospital,CL3,ZoneC,AHP,CAV,641.56,1,0,0,0,2,2,3,23851,45,53
54,Tokyo,Office,CL1,ZoneC,EHP,MUL,68,1,0,0,0,1,2,3,11232,141,54
55,Tokyo,Retail,HousingClothingSuper,ZoneC,GHP,MUL,319.48,0,0,0,0,1,1,2,25561,133,55
56,Tokyo,Retail,SpecialityShop,ZoneC,EHP,MUL,133.54,0,0,0,0,1,1,2,25847,388,56
57,Tokyo,Retail,HousingClothingSuper,ZoneC,EHP,MUL,214.91,0,0,0,0,2,2,3,30969,223,57
58,Tokyo,Hospital,CL2,ZoneC,EHP,MUL,232.66,1,0,0,0,2,2,2,22193,291,58
59,Tokyo,Retail,ConvenienceStore,ZoneC,EHP,MUL,324.66,1,0,0,0,2,2,2,29106,274,59
60,Tokyo,Retail,HousingClothingSuper,ZoneC,ABCH,FCU,210.96,0,0,0,0,2,2,2,29187,330,60
61,Tokyo,Hospital,CL3,ZoneC,EHP,MUL,968.37,0,0,0,0,1,2,2,22197,52,61
62,Tokyo,Office,CL1,ZoneC,EHP,MUL,137.09,1,0,0,0,1,1,3,5435,174,62
63,Tokyo,Office,CL1,ZoneC,EHP,MUL,94.78,1,0,0,0,2,2,2,8328,154,63
64,Tokyo,Office,CL2,ZoneC,EHP,MUL,381.32,1,0,0,0,1,2,2,1142,130,64
65,Tokyo,Office,CL1,ZoneC,EHP,MUL,71.27,1,0,0,0,1,2,2,8327,160,65
66,Tokyo,Office,CL2,ZoneC,EHP,MUL,234.63,1,0,0,0,1,1,3,559,333,66
67,Tokyo,Office,CL1,ZoneC,EHP,MUL,191.08,1,0,0,0,1,1,2,2531,237,67
68,Tokyo,Office,CL1,ZoneC,EHP,MUL,109.23,1,0,0,0,1,2,2,8327,160,68
69,Tokyo,Office,CL1,ZoneC,EHP,MUL,174.02,1,0,0,0,1,1,3,5435,174,69
70,Tokyo,Office,CL1,ZoneC,EHP,MUL,102.7,1,0,0,0,1,2,3,11232,141,70
71,Tokyo,Retail,HousingClothingSuper,ZoneC,AHP,FCU,229.16,0,0,0,0,1,2,2,29207,150,71
72,Tokyo,Hospital,CL3,ZoneC,EHP,MUL,637.78,1,0,0,0,1,1,2,18916,25,72
73,Tokyo,Office,CL1,ZoneC,EHP,MUL,112.2,1,0,0,0,2,2,3,11233,118,73
74,Tokyo,Retail,HousingClothingSuper,ZoneC,AHP,VAV,101.46,0,0,0,0,2,2,3,31008,327,74
75,Tokyo,Retail,HousingClothingSuper,ZoneC,GHP,MUL,1301.24,1,0,0,0,2,2,3,30977,354,75
76,Tokyo,Office,CL1,ZoneC,EHP,MUL,104.92,1,0,0,0,1,1,2,2531,237,76
77,Tokyo,Office,CL5,ZoneC,EHP,MUL,2420.16,0,0,0,0,1,2,3,1739,93,77
78,Tokyo,Retail,HousingClothingSuper,ZoneC,AHP,CAV,308.86,1,0,0,0,1,2,2,29196,147,78
79,Tokyo,Office,CL1,ZoneC,EHP,MUL,146.28,1,0,0,0,1,1,2,2531,237,79
80,Tokyo,Office,CL1,ZoneC,EHP,MUL,188.66,1,0,0,0,2,1,2,2532,147,80
81,Tokyo,Office,CL1,ZoneC,EHP,MUL,191.36,1,0,0,0,1,1,3,5435,174,81
82,Tokyo,Office,CL1,ZoneC,EHP,MUL,195.27,1,0,0,0,2,2,3,11233,118,82
83,Tokyo,Retail,HousingClothingSuper,ZoneC,GHP,MUL,652.62,0,0,0,0,2,1,3,27368,378,83
84,Tokyo,Office,CL1,ZoneC,EHP,MUL,106.24,1,0,0,0,2,1,3,5436,266,84
85,Tokyo,Office,CL1,ZoneC,EHP,MUL,109.98,1,0,0,0,1,2,3,11232,141,85
86,Tokyo,Office,CL5,ZoneC,EHP,MUL,2058.86,1,0,0,0,2,2,2,1267,181,86
87,Tokyo,Hospital,CL2,ZoneC,EHP,MUL,203.6,0,0,0,0,2,2,2,22192,153,87
88,Tokyo,Restaurant,UrbanRestaurant,ZoneC,EHP,MUL,323.3,1,0,0,0,1,2,2,564,0,88
89,Tokyo,Office,CL1,ZoneC,EHP,MUL,173.98,1,0,0,0,2,1,3,5436,266,89
90,Tokyo,Retail,HousingClothingSuper,ZoneC,EHP,MUL,214.48,1,0,0,0,2,1,3,27362,35,90
91,Tokyo,Retail,ConvenienceStore,ZoneC,EHP,MUL,241.2,1,0,0,0,1,2,2,29104,137,91
92,Tokyo,Hotel,CL4,ZoneD,AHP,CAV,1534.06,0,0,0,0,1,2,2,16453,143,92
93,Tokyo,Office,CL2,ZoneC,EHP,MUL,224.98,1,0,0,0,1,1,3,561,367,93
94,Tokyo,Hospital,CL3,ZoneC,EHP,MUL,709.76,0,0,0,0,2,2,3,23839,72,94
95,Tokyo,Office,CL1,ZoneC,EHP,MUL,171.56,1,0,0,0,1,1,3,5435,174,95
96,Tokyo,Office,CL1,ZoneC,EHP,MUL,139.31,1,0,0,0,1,2,2,8327,160,96
97,Tokyo,Office,CL2,ZoneC,EHP,MUL,220.11,1,0,0,0,1,2,2,1140,219,97
98,Tokyo,Office,CL2,ZoneC,GHP,MUL,246.45,1,0,0,0,1,2,2,1158,176,98
99,Tokyo,Office,CL2,ZoneC,EHP,MUL,16831.68,0,0,0,0,1,1,2,52,18,99
100,Tokyo,Office,CL1,ZoneC,EHP,MUL,196.1,1,0,0,0,1,2,3,11232,141,100
101,Tokyo,Office,CL1,ZoneC,EHP,MUL,113.52,1,0,0,0,2,1,3,5436,266,101
102,Tokyo,Office,CL3,ZoneC,AHP,VAV,512.77,0,0,0,0,1,2,3,11265,148,102
103,Tokyo,Office,CL2,ZoneC,EHP,MUL,228.26,1,0,0,0,1,1,3,558,36,103
104,Tokyo,Retail,ConvenienceStore,ZoneC,EHP,MUL,304.04,1,0,0,0,2,2,2,29106,274,104
105,Tokyo,Office,CL2,ZoneC,EHP,MUL,6159.58,0,0,0,0,1,1,2,52,18,105
106,Tokyo,Hospital,CL1,ZoneC,EHP,MUL,161.4,0,0,0,0,2,1,2,18907,57,106
107,Tokyo,Office,CL2,ZoneC,EHP,MUL,340.91,0,0,0,0,2,1,2,68,99,107
108,Tokyo,Office,CL5,ZoneC,EHP,MUL,2760.72,0,0,0,0,1,2,3,1738,255,108
109,Tokyo,Retail,HousingClothingSuper,ZoneC,EHP,MUL,358.7,0,0,0,0,1,1,2,25553,138,109
110,Tokyo,Retail,SuperDrugStore,ZoneC,EHP,MUL,2633.44,0,0,0,0,1,2,2,29465,239,110
111,Tokyo,Hospital,CL2,ZoneC,EHP,MUL,266.94,0,0,0,0,1,2,2,22190,105,111
112,Tokyo,Restaurant,UrbanBar,ZoneC,EHP,MUL,400.34,1,0,0,0,1,1,3,794,0,112
113,Tokyo,Retail,HomeCenter,ZoneC,EHP,MUL,2395.84,0,0,0,0,1,1,2,25503,174,113
114,Tokyo,Office,CL2,ZoneC,EHP,MUL,308.42,1,0,0,0,1,2,2,1149,5,114
115,Tokyo,Office,CL5,ZoneC,EHP,MUL,2642.22,0,0,0,0,2,1,3,684,216,115
116,Tokyo,Retail,HousingClothingSuper,ZoneC,GHP,MUL,3371.83,1,0,0,0,2,2,2,29173,82,116
117,Tokyo,Hospital,CL4,ZoneC,AHP,CAV,1266.23,1,0,0,0,2,2,3,23870,341,117
118,Tokyo,Office,CL2,ZoneC,EHP,MUL,267.37,0,0,0,1,2,1,3,5441,25,118
119,Tokyo,Office,CL4,ZoneC,GHP,MUL,1082.5,0,0,0,0,1,2,2,8369,265,119
120,Tokyo,School,JuniorHighSchool,ZoneC,GHP,MUL,5817.57,0,0,0,0,1,1,2,32573,59,120
121,Tokyo,Retail,SpecialityShop,ZoneC,EHP,MUL,540.9,0,0,0,0,1,1,3,27651,199,121
122,Tokyo,Restaurant,UrbanYakiniku,ZoneC,EHP,MUL,376.26,1,0,0,0,1,1,2,334,0,122
123,Tokyo,Office,CL2,ZoneC,EHP,MUL,358.16,1,0,0,0,1,2,3,1633,317,123
124,Tokyo,Office,CL1,ZoneC,EHP,MUL,147.32,1,0,0,0,2,2,2,8328,154,124
125,Tokyo,Office,CL1,ZoneC,EHP,MUL,157.93,1,0,0,0,2,1,3,5436,266,125
126,Tokyo,Office,CL2,ZoneC,EHP,MUL,250.5,1,0,0,0,2,2,3,1648,214,126
127,Tokyo,Retail,HousingClothingSuper,ZoneC,EHP,MUL,259.72,0,0,0,0,2,2,2,29165,350,127
128,Tokyo,Office,CL1,ZoneC,EHP,MUL,68.46,1,0,0,0,2,1,2,2532,147,128
129,Tokyo,Office,CL1,ZoneC,EHP,MUL,157.25,1,0,0,0,2,1,3,5436,266,129
130,Tokyo,Hospital,CL2,ZoneC,EHP,MUL,269.52,1,0,0,0,1,2,3,23830,174,130
131,Tokyo,Office,CL1,ZoneC,EHP,MUL,99.57,1,0,0,0,1,1,2,2531,237,131
132,Tokyo,Office,CL1,ZoneC,EHP,MUL,70.66,1,0,0,0,1,1,3,5435,174,132
133,Tokyo,Office,CL2,ZoneC,EHP,MUL,345.24,0,0,0,0,1,2,2,1139,140,133
134,Tokyo,Office,CL2,ZoneC,EHP,MUL,251.71,1,0,0,0,1,1,3,563,87,134
135,Tokyo,Office,CL1,ZoneC,EHP,MUL,90.6,1,0,0,0,1,1,2,2531,237,135
136,Tokyo,Retail,SpecialityShop,ZoneC,GHP,MUL,135.42,0,0,0,0,2,2,3,31267,197,136
137,Tokyo,Office,CL1,ZoneC,EHP,MUL,115.68,1,0,0,0,2,1,3,5436,266,137
138,Tokyo,Office,CL1,ZoneC,EHP,MUL,140.9,1,0,0,0,2,1,2,2532,147,138
139,Tokyo,Retail,HousingClothingSuper,ZoneC,AHP+TESICE,CAV,277.26,1,0,0,0,1,2,3,31028,226,139
140,Tokyo,Office,CL1,ZoneC,GHP,MUL,106.58,1,0,0,0,1,1,3,5437,24,140
141,Tokyo,Office,CL2,ZoneC,EHP,MUL,220.54,1,0,0,0,1,2,3,1634,180,141
142,Tokyo,Office,CL1,ZoneC,EHP,MUL,77.77,1,0,0,0,1,1,2,2531,237,142
143,Tokyo,Office,CL3,ZoneC,EHP,MUL,801.7,1,0,0,0,1,1,3,597,62,143
144,Tokyo,Office,CL2,ZoneC,EHP,MUL,291.41,1,0,0,0,2,2,3,1652,98,144
145,Tokyo,Office,CL1,ZoneC,EHP,MUL,169.72,1,0,0,0,1,2,3,11232,141,145
146,Tokyo,Office,CL1,ZoneC,EHP,MUL,189.4,1,0,0,0,2,1,2,2532,147,146
147,Tokyo,Office,CL1,ZoneC,EHP,MUL,162.72,1,0,0,0,1,2,3,11232,141,147
148,Tokyo,Office,CL1,ZoneC,EHP,MUL,134.82,1,0,0,0,1,2,3,11232,141,148
149,Tokyo,Office,CL2,ZoneC,GHP,MUL,378.54,1,0,0,0,1,1,2,75,177,149
150,Tokyo,Office,CL1,ZoneC,EHP,MUL,117.52,1,0,0,0,2,2,3,11233,118,150
151,Tokyo,Office,CL2,ZoneC,EHP,MUL,226.48,0,0,0,0,1,1,2,55,172,151
152,Tokyo,Retail,HomeCenter,ZoneC,EHP,MUL,2066.04,1,0,0,0,1,2,3,30916,15,152
153,Tokyo,Office,CL1,ZoneC,EHP,MUL,90.13,1,0,0,0,2,1,3,5436,266,153
154,Tokyo,Office,CL2,ZoneC,EHP,MUL,312.78,1,0,0,0,1,1,3,564,256,154
155,Tokyo,School,ElementarySchool,ZoneC,EHP,MUL,1444.82,1,0,0,0,2,1,2,32524,182,155
156,Tokyo,Office,CL4,ZoneC,EHP,MUL,1131.9,1,0,0,0,2,2,3,1734,306,156
157,Tokyo,Office,CL2,ZoneC,EHP,MUL,300.22,1,0,0,0,1,2,2,1149,5,157
158,Tokyo,Retail,HousingClothingSuper,ZoneC,EHP,MUL,276.22,1,0,1,0,2,1,3,27363,187,158
159,Tokyo,Office,CL1,ZoneC,EHP,MUL,161.16,1,0,0,0,1,2,2,8327,160,159
160,Tokyo,Retail,HousingClothingSuper,ZoneC,GHP,MUL,1625.3,1,0,1,0,1,1,3,27367,59,160
161,Tokyo,Office,CL2,ZoneC,EHP,MUL,223.71,0,0,0,0,1,1,3,552,91,161
162,Tokyo,Retail,HousingClothingSuper,ZoneC,EHP,MUL,388.86,1,0,0,0,1,2,2,29162,66,162
163,Tokyo,Office,CL1,ZoneC,EHP,MUL,174.38,1,0,0,0,2,1,3,5436,266,163
164,Tokyo,Retail,HousingClothingSuper,ZoneC,EHP,MUL,170.02,0,0,0,0,2,2,2,29165,350,164
165,Tokyo,Office,CL1,ZoneC,EHP,MUL,189.88,1,0,0,0,1,2,3,11232,141,165
166,Tokyo,Office,CL2,ZoneC,EHP,MUL,268.9,1,0,1,0,2,1,2,2538,129,166
167,Tokyo,Retail,SpecialityShop,ZoneC,EHP,MUL,282.52,0,0,0,0,2,2,3,31262,351,167
168,Tokyo,Office,CL1,ZoneC,EHP,MUL,184.75,1,0,0,0,2,1,2,2532,147,168
169,Tokyo,Office,CL1,ZoneC,EHP,MUL,66.04,1,0,0,0,2,1,3,5436,266,169
170,Tokyo,Office,CL1,ZoneC,EHP,MUL,38.64,1,0,0,0,1,1,2,2531,237,170
171,Tokyo,Retail,SpecialityShop,ZoneC,EHP,MUL,169.08,0,0,0,0,2,1,2,25850,246,171
172,Tokyo,Office,CL1,ZoneC,EHP,MUL,79.61,1,0,0,0,1,1,3,5435,174,172
173,Tokyo,Office,CL1,ZoneC,GHP,MUL,113.44,1,0,0,0,1,2,2,8329,4,173
174,Tokyo,Office,CL2,ZoneC,EHP,MUL,299.36,0,0,0,0,2,1,2,68,99,174
175,Tokyo,Office,CL2,ZoneC,GHP,MUL,253.71,1,0,0,0,1,2,2,1159,272,175
176,Tokyo,Office,CL1,ZoneC,EHP,MUL,167.96,1,0,0,0,2,2,3,11233,118,176
177,Tokyo,Office,CL1,ZoneC,EHP,MUL,153.43,1,0,0,0,1,1,3,5435,174,177
178,Tokyo,Office,CL2,ZoneC,EHP,MUL,320.14,0,0,0,0,1,1,2,52,18,178
179,Tokyo,Office,CL1,ZoneC,EHP,MUL,91.98,1,0,0,0,1,1,3,5435,174,179
180,Tokyo,Restaurant,UrbanRestaurant,ZoneC,EHP,MUL,112.1,0,0,0,0,1,2,2,563,0,180
181,Tokyo,Office,CL1,ZoneC,EHP,MUL,144.95,1,0,0,0,1,2,3,11232,141,181
182,Tokyo,Office,CL3,ZoneC,EHP,MUL,548.64,1,0,0,0,1,1,2,88,286,182
183,Tokyo,Office,CL2,ZoneC,EHP,MUL,242.44,1,0,0,0,2,1,3,571,161,183
184,Tokyo,Office,CL1,ZoneC,EHP,MUL,110.69,1,0,0,0,1,2,2,8327,160,184
185,Tokyo,Office,CL1,ZoneC,EHP,MUL,175.9,1,0,0,0,1,2,2,8327,160,185
186,Tokyo,Office,CL3,ZoneC,EHP,MUL,529.64,1,0,0,0,1,2,3,1679,211,186
187,Tokyo,Office,CL2,ZoneC,EHP,MUL,222.23,1,0,0,0,1,1,3,565,124,187
188,Tokyo,Office,CL2,ZoneC,EHP,MUL,261,0,0,0,0,2,2,2,1151,89,188
189,Tokyo,Office,CL1,ZoneC,EHP,MUL,120.77,1,0,0,0,1,1,2,2531,237,189
190,Tokyo,Office,CL2,ZoneC,EHP,MUL,210.82,1,0,0,0,1,2,3,1637,69,190
191,Tokyo,Office,CL2,ZoneC,EHP,MUL,260.69,1,0,0,0,2,1,3,571,161,191
192,Tokyo,Office,CL1,ZoneC,EHP,MUL,158.74,1,0,0,0,1,2,3,11232,141,192
193,Tokyo,Office,CL4,ZoneC,EHP,MUL,1342.3,1,0,0,0,1,1,2,114,107,193
194,Tokyo,Office,CL1,ZoneC,EHP,MUL,90,1,0,0,0,2,2,2,8328,154,194
195,Tokyo,Retail,SpecialityShop,ZoneC,GHP,MUL,146.68,1,0,0,0,1,2,2,29462,24,195
196,Tokyo,Office,CL2,ZoneC,EHP,MUL,270.81,0,0,0,0,2,2,2,1151,89,196
197,Tokyo,Hospital,CL3,ZoneC,AHP,CAV,727.64,0,0,0,0,1,1,2,18927,143,197
198,Tokyo,Hospital,CL5,ZoneC,EHP,MUL,4384.44,1,0,0,0,2,1,2,18956,119,198
199,Tokyo,Office,CL2,ZoneC,EHP,MUL,313.31,0,0,0,0,1,2,2,1137,301,199
200,Tokyo,Hospital,CL3,ZoneC,EHP,MUL,761.8,0,0,0,0,1,1,3,20556,73,200
201,Tokyo,Office,CL1,ZoneC,EHP,MUL,65.71,1,0,0,0,1,2,2,8327,160,201
202,Tokyo,Retail,ConvenienceStore,ZoneC,EHP,MUL,443.44,0,0,0,0,1,2,2,29103,155,202
203,Tokyo,Office,CL1,ZoneC,EHP,MUL,167.46,1,0,0,0,1,2,3,11232,141,203
204,Tokyo,Office,CL4,ZoneC,EHP,MUL,1105.32,1,0,0,0,1,1,2,122,260,204
205,Tokyo,Retail,HousingClothingSuper,ZoneC,EHP,MUL,434.18,0,0,0,0,1,2,3,30965,99,205
206,Tokyo,Office,CL1,ZoneC,EHP,MUL,195.92,1,0,0,0,2,2,3,11233,118,206
207,Tokyo,Retail,HousingClothingSuper,ZoneC,EHP,MUL,452.58,1,0,0,0,2,2,2,29166,68,207
208,Tokyo,Retail,ConvenienceDrug,ZoneC,EHP,MUL,374.42,0,0,0,0,1,1,2,25485,308,208
209,Tokyo,Retail,HousingClothingSuper,ZoneC,GHP,MUL,530.66,0,0,0,0,2,2,3,30976,156,209
210,Tokyo,School,ElementarySchool,ZoneC,EHP,MUL,3484.44,1,0,0,0,2,2,3,34684,100,210
211,Tokyo,Office,CL1,ZoneC,GHP,MUL,153.71,1,0,0,0,1,1,3,5437,24,211
212,Tokyo,Office,CL1,ZoneC,EHP,MUL,146.81,1,0,0,0,2,2,3,11233,118,212
213,Tokyo,Hotel,CL3,ZoneD,EHP,MUL,509.2,0,0,0,0,2,2,2,16435,132,213
214,Tokyo,Office,CL5,ZoneC,EHP,MUL,3051.9,0,0,0,0,2,1,3,682,251,214
215,Tokyo,Office,CL5,ZoneC,EHP,MUL,2064.14,1,0,0,0,2,2,3,1778,171,215
216,Tokyo,Retail,SpecialityShop,ZoneC,EHP,MUL,5210.46,0,0,0,0,1,2,3,31259,394,216
217,Tokyo,Office,CL5,ZoneC,COM,CAV,2112.08,1,0,0,0,1,1,2,2689,397,217
218,Tokyo,Office,CL1,ZoneC,EHP,MUL,154.58,1,0,0,0,1,1,2,2531,237,218
219,Tokyo,Restaurant,UrbanBar,ZoneC,EHP,MUL,130.94,1,0,0,0,1,1,3,794,0,219
220,Tokyo,Retail,HousingClothingSuper,ZoneC,GHP,MUL,932.8,1,0,0,0,1,2,3,30974,115,220
221,Tokyo,Office,CL1,ZoneC,EHP,MUL,85.48,1,0,0,0,1,2,3,11232,141,221
222,Tokyo,Office,CL2,ZoneC,EHP,MUL,206.8,1,0,0,0,1,1,3,553,208,222
223,Tokyo,Office,CL4,ZoneC,EHP,MUL,1488.08,0,0,0,0,2,2,3,1722,66,223
224,Tokyo,Office,CL1,ZoneC,EHP,MUL,146.44,1,0,0,0,2,1,3,5436,266,224
225,Tokyo,Hospital,CL2,ZoneC,EHP,MUL,325.02,1,0,0,0,2,2,2,22193,291,225
226,Tokyo,Office,CL2,ZoneC,GHP,MUL,211.74,0,0,0,0,1,2,3,11240,227,226
227,Tokyo,Office,CL1,ZoneC,GHP,MUL,61.42,1,0,0,0,1,2,3,11234,375,227
228,Tokyo,Office,CL2,ZoneC,GHP,MUL,234.35,0,0,0,0,1,2,2,8335,87,228
229,Tokyo,Office,CL2,ZoneC,EHP,MUL,201.92,1,0,0,0,2,2,2,1156,20,229
230,Tokyo,Hospital,CL2,ZoneC,EHP,MUL,228.8,1,0,0,0,1,2,2,22191,280,230
231,Tokyo,Office,CL1,ZoneC,EHP,MUL,123.83,1,0,0,0,1,2,3,11232,141,231
232,Tokyo,Office,CL1,ZoneC,EHP,MUL,134.86,1,0,0,0,1,2,2,8327,160,232
233,Tokyo,Office,CL1,ZoneC,EHP,MUL,87.64,1,0,0,0,2,2,2,8328,154,233
234,Tokyo,Office,CL1,ZoneC,EHP,MUL,185.42,1,0,0,0,1,2,2,8327,160,234
235,Tokyo,Office,CL1,ZoneC,EHP,MUL,179.95,1,0,0,0,1,2,2,8327,160,235
236,Tokyo,Office,CL1,ZoneC,GHP,MUL,52.29,1,0,0,0,1,1,3,5437,24,236
237,Tokyo,Office,CL1,ZoneC,EHP,MUL,32.9,1,0,0,0,1,1,2,2531,237,237
238,Tokyo,Office,CL5,ZoneC,AHP,OHUFCU,4275.4,1,0,1,0,1,1,3,5586,278,238
239,Tokyo,Office,CL1,ZoneC,EHP,MUL,191.94,1,0,0,0,1,1,2,2531,237,239
240,Tokyo,Hospital,CL4,ZoneC,EHP,MUL,1368.86,0,0,0,0,2,2,2,22218,302,240
241,Tokyo,Hospital,CL5,ZoneC,AHP,CAV,3798.94,1,0,0,0,2,2,3,23900,161,241
242,Tokyo,Office,CL1,ZoneC,GHP,MUL,15.84,1,0,0,0,1,2,3,11234,375,242
243,Tokyo,Office,CL2,ZoneC,GHP,MUL,217.08,1,0,0,0,1,2,3,1654,174,243
244,Tokyo,Office,CL1,ZoneC,GHP,MUL,93.18,1,0,0,0,1,2,3,11234,375,244
245,Tokyo,Office,CL1,ZoneC,EHP,MUL,163.45,1,0,0,0,2,1,2,2532,147,245
246,Tokyo,Office,CL1,ZoneC,EHP,MUL,171.62,1,0,0,0,1,1,2,2531,237,246
247,Tokyo,Office,CL1,ZoneC,EHP,MUL,145.24,1,0,0,0,1,1,2,2531,237,247
248,Tokyo,Restaurant,UrbanRestaurant,ZoneC,EHP,MUL,119.26,1,0,0,0,1,1,2,214,0,248
249,Tokyo,Office,CL1,ZoneC,EHP,MUL,164.86,1,0,0,0,1,1,2,2531,237,249
250,Tokyo,Office,CL2,ZoneC,GHP,MUL,415.34,1,0,0,0,1,1,3,575,194,250
251,Tokyo,Office,CL1,ZoneC,GHP,MUL,74.62,1,0,0,0,1,1,2,2533,207,251
252,Tokyo,Office,CL1,ZoneC,EHP,MUL,112.99,1,0,0,0,2,2,3,11233,118,252
253,Tokyo,Office,CL1,ZoneC,GHP,MUL,139.86,1,0,0,0,1,1,2,2533,207,253
254,Tokyo,Retail,HousingClothingSuper,ZoneC,GHP,MUL,356.3,0,0,0,0,1,1,2,25561,133,254
255,Tokyo,Hospital,CL4,ZoneC,EHP,MUL,1035.22,1,0,0,0,1,2,3,23855,73,255
256,Tokyo,Office,CL1,ZoneC,EHP,MUL,173.43,1,0,0,0,2,2,3,11233,118,256
257,Tokyo,Hospital,CL6,ZoneC,GHP,MUL,5843.2,1,0,0,0,1,1,2,18998,350,257
258,Tokyo,Office,CL1,ZoneC,EHP,MUL,143.76,1,0,0,0,2,1,3,5436,266,258
259,Tokyo,Office,CL1,ZoneC,EHP,MUL,188.42,1,0,0,0,1,2,3,11232,141,259
260,Tokyo,Office,CL1,ZoneC,EHP,MUL,135.3,1,0,0,0,1,1,2,2531,237,260
261,Tokyo,Office,CL1,ZoneC,GHP,MUL,140.27,1,0,0,0,1,1,2,2533,207,261
262,Tokyo,Office,CL2,ZoneC,EHP,MUL,457.28,1,0,0,0,1,1,2,60,77,262
263,Tokyo,Retail,HousingClothingSuper,ZoneC,EHP,MUL,944.92,0,0,0,0,2,2,3,30969,223,263
264,Tokyo,Retail,HousingClothingSuper,ZoneC,EHP,MUL,1633.4,0,0,0,0,2,2,2,29165,350,264
265,Tokyo,Office,CL1,ZoneC,EHP,MUL,154.38,1,0,0,0,2,1,3,5436,266,265
266,Tokyo,Retail,HousingClothingSuper,ZoneC,ABCH,OHUFCU,1084.44,1,0,1,0,2,2,2,29194,161,266
267,Tokyo,Office,CL1,ZoneC,GHP,MUL,181.79,1,0,0,0,1,2,2,8329,4,267
268,Tokyo,Office,CL2,ZoneC,GHP,MUL,211.88,1,0,0,0,1,2,2,1158,176,268
269,Tokyo,Office,CL1,ZoneC,GHP,MUL,107.2,1,0,0,0,1,1,3,5437,24,269
270,Tokyo,Office,CL1,ZoneC,EHP,MUL,86.68,1,0,0,0,1,1,2,2531,237,270
271,Tokyo,Retail,HousingClothingSuper,ZoneC,EHP,MUL,404.94,0,0,0,0,1,1,2,25553,138,271
272,Tokyo,Office,CL3,ZoneC,EHP,MUL,940.23,1,0,0,0,1,2,3,1675,228,272
273,Tokyo,Restaurant,UrbanRestaurant,ZoneC,EHP,MUL,259.12,0,0,0,0,1,1,3,913,0,273
274,Tokyo,Retail,HousingClothingSuper,ZoneC,GHP,MUL,23.4,1,0,0,0,1,2,3,30974,115,274
275,Tokyo,Office,CL1,ZoneC,EHP,MUL,122.38,1,0,0,0,1,2,2,8327,160,275
276,Tokyo,Hospital,CL1,ZoneC,EHP,MUL,159.16,0,0,0,0,1,2,2,22188,9,276
277,Tokyo,Retail,HousingClothingSuper,ZoneC,EHP,MUL,2136.64,0,0,0,0,2,2,3,30969,223,277
278,Tokyo,Office,CL4,ZoneC,AHP,FCU,1879,1,0,0,0,1,2,3,11299,37,278
279,Tokyo,Office,CL1,ZoneC,EHP,MUL,168.02,1,0,0,0,2,2,2,8328,154,279
280,Tokyo,Office,CL3,ZoneC,EHP,MUL,634.52,0,0,0,0,1,2,3,1660,39,280
281,Tokyo,Office,CL1,ZoneC,EHP,MUL,102.84,1,0,0,0,1,1,2,2531,237,281
282,Tokyo,Restaurant,UrbanRestaurant,ZoneC,EHP,MUL,209.7,0,0,0,0,1,2,3,1263,0,282
283,Tokyo,School,JuniorHighSchool,ZoneC,ABCH,OHUFCU,6972.52,1,0,0,0,1,1,3,33310,150,283
284,Tokyo,Office,CL1,ZoneC,GHP,MUL,83.31,1,0,0,0,1,2,2,8329,4,284
285,Tokyo,Retail,ConvenienceStore,ZoneC,EHP,MUL,339.66,1,0,0,0,1,1,3,27300,324,285
286,Tokyo,Retail,SpecialityShop,ZoneC,GHP,MUL,210.96,1,0,0,0,1,2,2,29462,24,286
287,Tokyo,Office,CL1,ZoneC,GHP,MUL,192.69,1,0,0,0,1,1,3,5437,24,287
288,Tokyo,Restaurant,UrbanRestaurant,ZoneC,EHP,MUL,591.1,1,0,0,0,1,1,3,914,0,288
289,Tokyo,Retail,SpecialityShop,ZoneC,EHP,MUL,1820.26,0,0,0,0,1,2,3,31259,394,289
290,Tokyo,Office,CL2,ZoneC,EHP,MUL,216.88,1,0,0,0,2,1,2,73,11,290
291,Tokyo,Office,CL1,ZoneC,EHP,MUL,147.65,1,0,0,0,2,1,3,5436,266,291
292,Tokyo,Office,CL1,ZoneC,EHP,MUL,99.85,1,0,0,0,2,2,2,8328,154,292
293,Tokyo,Retail,HousingClothingSuper,ZoneC,GHP,MUL,905.72,0,0,0,0,1,2,3,30973,256,293
294,Tokyo,Hospital,CL2,ZoneC,EHP,MUL,211.18,0,0,0,0,2,2,2,22192,153,294
295,Tokyo,Office,CL1,ZoneC,EHP,MUL,39.11,1,0,0,0,1,1,2,2531,237,295
296,Tokyo,Restaurant,UrbanBar,ZoneC,EHP,MUL,178.68,1,0,0,0,1,1,3,794,0,296
297,Tokyo,Retail,HousingClothingSuper,ZoneC,GHP,MUL,465.42,1,0,0,0,2,2,3,30977,354,297
298,Tokyo,Office,CL1,ZoneC,EHP,MUL,124.75,1,0,0,0,1,2,3,11232,141,298
299,Tokyo,Office,CL2,ZoneC,GHP,MUL,217.74,1,0,0,0,1,1,3,575,194,299
300,Tokyo,Office,CL1,ZoneC,EHP,MUL,194.96,1,0,0,0,1,1,3,5435,174,300
301,Tokyo,Office,CL1,ZoneC,EHP,MUL,105.12,1,0,0,0,2,1,3,5436,266,301
302,Tokyo,Retail,HousingClothingSuper,ZoneC,EHP,MUL,30.02,0,0,0,0,2,2,2,29165,350,302
303,Tokyo,Office,CL2,ZoneC,EHP,MUL,318.4,0,0,0,0,2,2,2,1152,166,303
304,Tokyo,Hospital,CL2,ZoneC,GHP,MUL,425.54,0,0,0,0,1,1,3,20553,368,304
305,Tokyo,School,ElementarySchool,ZoneC,EHP,MUL,2615.94,1,0,0,0,1,2,3,34682,144,305
306,Tokyo,Retail,HousingClothingSuper,ZoneC,GHP,MUL,234.66,0,0,0,0,1,1,2,25561,133,306
307,Tokyo,Office,CL2,ZoneC,EHP,MUL,211.04,1,0,0,0,1,2,3,1634,180,307
308,Tokyo,Office,CL2,ZoneC,GHP,MUL,322.02,1,0,0,0,1,1,3,574,150,308
309,Tokyo,Office,CL2,ZoneC,EHP,MUL,281.82,1,0,0,0,1,1,3,554,3,309
310,Tokyo,Office,CL1,ZoneC,EHP,MUL,188.89,1,0,0,0,1,1,2,2531,237,310
311,Tokyo,Office,CL1,ZoneC,EHP,MUL,188.56,1,0,0,0,1,2,2,8327,160,311
312,Tokyo,Office,CL1,ZoneC,GHP,MUL,183.07,1,0,0,0,1,1,3,5437,24,312
313,Tokyo,Office,CL1,ZoneC,EHP,MUL,119.65,1,0,0,0,2,2,3,11233,118,313
314,Tokyo,Retail,SpecialityShop,ZoneC,EHP,MUL,52.82,1,0,0,0,1,1,2,25848,81,314
315,Tokyo,Retail,ConvenienceStore,ZoneC,EHP,MUL,315.06,0,0,0,0,1,1,2,25495,396,315
316,Tokyo,Office,CL2,ZoneC,EHP,MUL,273.98,1,0,0,0,1,2,3,1634,180,316
317,Tokyo,Hospital,CL1,ZoneC,EHP,MUL,153.52,0,0,0,0,1,2,3,23827,35,317
318,Tokyo,Office,CL2,ZoneC,EHP,MUL,363.78,1,0,0,0,1,2,3,1633,317,318
319,Tokyo,Retail,SpecialityShop,ZoneC,EHP,MUL,82.52,0,0,0,0,1,2,3,31259,394,319
320,Tokyo,Office,CL1,ZoneC,EHP,MUL,167.15,1,0,0,0,2,1,2,2532,147,320
321,Tokyo,Office,CL2,ZoneC,GHP,MUL,224,1,0,0,0,2,2,2,8337,154,321
322,Tokyo,Office,CL1,ZoneC,EHP,MUL,153.51,1,0,0,0,2,2,2,8328,154,322
323,Tokyo,Office,CL1,ZoneC,EHP,MUL,172.92,1,0,0,0,1,1,2,2531,237,323
324,Tokyo,Retail,SpecialityShop,ZoneC,GHP,MUL,497.14,0,0,0,0,1,1,3,27657,313,324
325,Tokyo,Office,CL2,ZoneC,EHP,MUL,275.11,0,0,0,0,1,2,3,1631,187,325
326,Tokyo,Office,CL1,ZoneC,EHP,MUL,76.01,1,0,0,0,1,2,3,11232,141,326
327,Tokyo,Office,CL1,ZoneC,EHP,MUL,68.82,1,0,0,0,2,1,2,2532,147,327
328,Tokyo,Retail,SpecialityShop,ZoneC,EHP,MUL,221.58,0,0,0,0,1,2,3,31259,394,328
329,Tokyo,Office,CL2,ZoneC,EHP,MUL,254.46,1,0,0,0,2,2,3,1648,214,329
330,Tokyo,Office,CL2,ZoneC,EHP,MUL,228.77,0,0,0,0,2,2,2,1151,89,330
331,Tokyo,Office,CL1,ZoneC,EHP,MUL,187.24,1,0,0,0,2,1,2,2532,147,331
332,Tokyo,Office,CL1,ZoneC,EHP,MUL,189.24,1,0,0,0,1,2,3,11232,141,332
333,Tokyo,Retail,HousingClothingSuper,ZoneC,EHP,MUL,341.96,0,0,0,0,2,1,3,27361,233,333
334,Tokyo,Office,CL1,ZoneC,EHP,MUL,146,1,0,0,0,1,1,3,5435,174,334
335,Tokyo,Office,CL2,ZoneC,EHP,MUL,262.44,0,0,0,0,1,2,3,1631,187,335
336,Tokyo,Office,CL1,ZoneC,EHP,MUL,86.72,1,0,0,0,2,1,3,5436,266,336
337,Tokyo,Office,CL1,ZoneC,EHP,MUL,96.42,1,0,0,0,2,2,3,11233,118,337
338,Tokyo,Office,CL1,ZoneC,EHP,MUL,151.16,1,0,0,0,1,2,3,11232,141,338
339,Tokyo,Office,CL1,ZoneC,EHP,MUL,105.36,1,0,0,0,1,2,2,8327,160,339
340,Tokyo,Restaurant,UrbanRestaurant,ZoneC,EHP,MUL,335.12,1,0,0,0,1,2,2,564,0,340
341,Tokyo,Retail,SpecialityShop,ZoneC,GHP,MUL,128.86,0,0,0,0,1,2,2,29461,26,341
342,Tokyo,Office,CL1,ZoneC,GHP,MUL,88.23,1,0,0,0,1,1,2,2533,207,342
343,Tokyo,Retail,HousingClothingSuper,ZoneC,ABCH,FCU,704.12,1,0,0,0,1,2,2,29186,4,343
344,Tokyo,Retail,SpecialityShop,ZoneC,GHP,MUL,224.1,0,0,0,0,1,2,3,31265,46,344
345,Tokyo,Hospital,CL3,ZoneC,EHP,MUL,919.82,0,0,0,0,1,1,3,20556,73,345
346,Tokyo,Office,CL1,ZoneC,EHP,MUL,69.75,1,0,0,0,2,1,2,2532,147,346
347,Tokyo,Office,CL1,ZoneC,EHP,MUL,98.5,1,0,0,0,2,1,3,5436,266,347
348,Tokyo,Retail,HousingClothingSuper,ZoneC,GHP,MUL,8198.98,0,0,0,0,2,2,2,29172,118,348
349,Tokyo,Office,CL1,ZoneC,EHP,MUL,151.38,1,0,0,0,2,1,2,2532,147,349
350,Tokyo,Retail,HousingClothingSuper,ZoneC,EHP,MUL,370.3,0,0,0,0,2,2,2,29165,350,350
351,Tokyo,Office,CL4,ZoneC,AHP,CAV,1122.1,0,0,0,0,2,2,3,11292,27,351
352,Tokyo,Office,CL2,ZoneC,EHP,MUL,1260.78,0,0,0,0,1,1,2,52,18,352
353,Tokyo,Office,CL3,ZoneC,EHP,MUL,924.72,1,0,0,0,1,1,3,593,216,353
354,Tokyo,Office,CL1,ZoneC,EHP,MUL,134.07,1,0,0,0,2,2,3,11233,118,354
355,Tokyo,Office,CL2,ZoneC,EHP,MUL,294.38,1,0,0,0,2,1,2,71,312,355
356,Tokyo,Office,CL1,ZoneC,EHP,MUL,177.69,1,0,0,0,1,1,3,5435,174,356
357,Tokyo,Office,CL1,ZoneC,EHP,MUL,103.01,1,0,0,0,2,2,2,8328,154,357
358,Tokyo,Office,CL2,ZoneC,EHP,MUL,327.34,1,0,0,0,1,2,2,1149,5,358
359,Tokyo,Office,CL1,ZoneC,EHP,MUL,106.64,1,0,0,0,1,1,2,2531,237,359
360,Tokyo,School,ElementarySchool,ZoneC,EHP,MUL,1313.36,1,0,0,0,1,2,3,34682,144,360
361,Tokyo,Office,CL1,ZoneC,EHP,MUL,97.72,1,0,0,0,1,1,3,5435,174,361
362,Tokyo,Retail,SpecialityShop,ZoneC,GHP,MUL,221.78,1,0,0,0,2,1,2,25856,351,362
363,Tokyo,Restaurant,UrbanRestaurant,ZoneC,EHP,MUL,679.14,1,0,0,0,1,2,2,564,0,363
364,Tokyo,Office,CL1,ZoneC,EHP,MUL,80.98,1,0,0,0,1,1,2,2531,237,364
365,Tokyo,Retail,HousingClothingSuper,ZoneC,EHP,MUL,207.6,1,0,1,0,1,1,2,25555,301,365
366,Tokyo,Office,CL1,ZoneC,EHP,MUL,99.39,1,0,0,0,2,1,3,5436,266,366
367,Tokyo,Retail,SpecialityShop,ZoneC,GHP,MUL,658.96,1,0,0,0,1,2,3,31266,125,367
368,Tokyo,Retail,HousingClothingSuper,ZoneC,GHP,MUL,250.4,0,0,0,0,1,1,3,27365,32,368
369,Tokyo,Office,CL1,ZoneC,EHP,MUL,172.32,1,0,0,0,1,2,3,11232,141,369
370,Tokyo,Hospital,CL2,ZoneC,EHP,MUL,450.56,0,0,0,0,1,1,2,18908,69,370
371,Tokyo,Hospital,CL2,ZoneC,GHP,MUL,375.14,1,0,0,0,1,2,2,22195,9,371
372,Tokyo,Office,CL1,ZoneC,GHP,MUL,105.99,1,0,0,0,1,2,3,11234,375,372
373,Tokyo,Hospital,CL1,ZoneC,EHP,MUL,87.78,0,0,0,0,2,1,2,18907,57,373
374,Tokyo,Office,CL3,ZoneC,EHP,MUL,585.22,0,0,0,0,1,2,3,1659,84,374
375,Tokyo,Retail,ConvenienceDrug,ZoneC,EHP,MUL,106.86,0,0,0,0,1,2,2,29093,362,375
376,Tokyo,Office,CL1,ZoneC,GHP,MUL,152.08,1,0,0,0,1,2,2,8329,4,376
377,Tokyo,Office,CL1,ZoneC,GHP,MUL,111.69,1,0,0,0,1,2,3,11234,375,377
378,Tokyo,Hospital,CL2,ZoneC,EHP,MUL,254.4,1,0,0,0,1,1,2,18909,395,378
379,Tokyo,Retail,HousingClothingSuper,ZoneC,EHP,MUL,1024.02,0,0,0,0,1,2,3,30965,99,379
380,Tokyo,Office,CL1,ZoneC,EHP,MUL,172.41,1,0,0,0,2,2,2,8328,154,380
381,Tokyo,Office,CL2,ZoneC,EHP,MUL,251.42,1,0,0,0,2,1,3,569,383,381
382,Tokyo,Office,CL2,ZoneC,EHP,MUL,244.31,1,0,0,0,1,1,2,59,124,382
383,Tokyo,Office,CL1,ZoneC,EHP,MUL,38.74,1,0,0,0,2,2,3,11233,118,383
384,Tokyo,Office,CL1,ZoneC,EHP,MUL,131.38,1,0,0,0,2,1,3,5436,266,384
385,Tokyo,Hospital,CL4,ZoneC,EHP,MUL,1981.12,0,0,0,0,1,1,3,20574,30,385
386,Tokyo,Retail,HousingClothingSuper,ZoneC,AHP,OHUFCU,156.28,1,0,0,0,2,1,2,25607,294,386
387,Tokyo,Retail,HousingClothingSuper,ZoneC,AHP,CAV,282.45,1,0,1,0,2,2,2,29200,234,387
388,Tokyo,Office,CL2,ZoneC,EHP,MUL,213.68,1,0,0,0,2,2,3,1653,15,388
389,Tokyo,Office,CL2,ZoneC,EHP,MUL,437.6,1,0,0,0,1,2,2,1145,327,389
390,Tokyo,Office,CL2,ZoneC,GHP,MUL,447.68,1,0,0,0,2,1,2,2541,312,390
391,Tokyo,Office,CL1,ZoneC,EHP,MUL,173.76,1,0,0,0,2,1,3,5436,266,391
392,Tokyo,Office,CL2,ZoneC,EHP,MUL,277.95,0,0,0,0,1,1,2,53,136,392
393,Tokyo,Office,CL1,ZoneC,EHP,MUL,127.67,1,0,0,0,2,1,2,2532,147,393
394,Tokyo,Office,CL2,ZoneC,EHP,MUL,229.76,0,0,0,0,1,2,2,1137,301,394
395,Tokyo,Office,CL1,ZoneC,GHP,MUL,115.16,1,0,0,0,1,2,3,11234,375,395
396,Tokyo,Office,CL1,ZoneC,EHP,MUL,137.55,1,0,0,0,1,1,3,5435,174,396
397,Tokyo,Office,CL1,ZoneC,EHP,MUL,117.02,1,0,0,0,1,1,3,5435,174,397
398,Tokyo,Office,CL2,ZoneC,EHP,MUL,212.74,1,0,0,0,2,1,3,573,243,398
399,Tokyo,Office,CL1,ZoneC,EHP,MUL,73.65,1,0,0,0,1,1,3,5435,174,399
400,Tokyo,Office,CL1,ZoneC,EHP,MUL,170.34,1,0,0,0,2,2,3,11233,118,400
401,Tokyo,Office,CL5,ZoneC,EHP,MUL,4398.2,1,0,0,0,2,1,2,183,324,401
402,Tokyo,Office,CL1,ZoneC,EHP,MUL,187.84,1,0,0,0,2,1,3,5436,266,402
403,Tokyo,Hospital,CL1,ZoneC,EHP,MUL,156.52,0,0,0,0,2,2,2,22189,346,403
404,Tokyo,Hospital,CL1,ZoneC,EHP,MUL,130.88,0,0,0,0,1,2,2,22188,9,404
405,Tokyo,Office,CL1,ZoneC,EHP,MUL,121.3,1,0,0,0,2,1,3,5436,266,405
406,Tokyo,Office,CL1,ZoneC,EHP,MUL,197.23,1,0,0,0,1,2,3,11232,141,406
407,Tokyo,Office,CL2,ZoneC,EHP,MUL,339.78,1,0,0,0,2,1,2,72,167,407
408,Tokyo,Office,CL2,ZoneC,EHP,MUL,254.65,1,0,0,0,2,2,3,1651,58,408
409,Tokyo,Office,CL1,ZoneC,EHP,MUL,160.26,1,0,0,0,1,2,2,8327,160,409
410,Tokyo,Retail,HousingClothingSuper,ZoneC,ABCH,OHUFCU,420.18,1,0,0,0,1,1,2,25582,128,410
411,Tokyo,Office,CL2,ZoneC,EHP,MUL,285.81,1,0,0,0,1,1,3,554,3,411
412,Tokyo,Office,CL1,ZoneC,EHP,MUL,138.22,1,0,0,0,2,2,2,8328,154,412
413,Tokyo,Office,CL1,ZoneC,EHP,MUL,139.67,1,0,0,0,1,2,2,8327,160,413
414,Tokyo,Office,CL1,ZoneC,EHP,MUL,125.89,1,0,0,0,1,2,3,11232,141,414
415,Tokyo,Hospital,CL1,ZoneC,EHP,MUL,182.69,0,0,0,0,2,1,3,20548,258,415
416,Tokyo,Office,CL1,ZoneC,EHP,MUL,103.35,1,0,0,0,1,1,2,2531,237,416
417,Tokyo,Office,CL1,ZoneC,EHP,MUL,136.46,1,0,0,0,2,2,2,8328,154,417
418,Tokyo,Retail,HousingClothingSuper,ZoneC,GHP,MUL,380.98,1,0,0,0,1,2,3,30974,115,418
419,Tokyo,Office,CL1,ZoneC,EHP,MUL,146.48,1,0,0,0,1,1,3,5435,174,419
420,Tokyo,Office,CL2,ZoneC,EHP,MUL,233.39,1,0,0,0,1,1,3,558,36,420
421,Tokyo,Office,CL1,ZoneC,EHP,MUL,82.94,1,0,0,0,1,2,3,11232,141,421
422,Tokyo,Retail,HousingClothingSuper,ZoneC,EHP,MUL,309.32,0,0,0,0,1,2,3,30965,99,422
423,Tokyo,Office,CL1,ZoneC,EHP,MUL,105.21,1,0,0,0,1,1,2,2531,237,423
424,Tokyo,Office,CL4,ZoneC,EHP,MUL,1781.84,1,0,0,0,1,2,2,1209,60,424
425,Tokyo,School,ElementarySchool,ZoneC,EHP,MUL,4094.04,0,0,0,0,2,2,3,34683,21,425
426,Tokyo,Office,CL4,ZoneC,EHP,MUL,1226.67,1,0,0,0,2,1,3,654,347,426
427,Tokyo,Office,CL1,ZoneC,EHP,MUL,142.36,1,0,0,0,1,2,2,8327,160,427
428,Tokyo,Office,CL2,ZoneC,GHP,MUL,318.01,1,0,0,0,2,2,3,11242,158,428
429,Tokyo,Office,CL1,ZoneC,EHP,MUL,196.58,1,0,0,0,1,1,2,2531,237,429
430,Tokyo,Office,CL1,ZoneC,EHP,MUL,177.49,1,0,0,0,2,2,2,8328,154,430
431,Tokyo,Office,CL1,ZoneC,EHP,MUL,143.15,1,0,0,0,2,2,2,8328,154,431
432,Tokyo,Hospital,CL3,ZoneC,EHP,MUL,504.08,0,0,0,0,1,2,2,22197,52,432
433,Tokyo,Office,CL1,ZoneC,GHP,MUL,58.39,1,0,0,0,1,1,2,2533,207,433
434,Tokyo,Retail,HousingClothingSuper,ZoneC,GHP,MUL,525.32,0,0,0,0,2,2,2,29172,118,434
435,Tokyo,Retail,HousingClothingSuper,ZoneC,EHP,MUL,107.9,0,0,0,0,2,2,3,30969,223,435
436,Tokyo,Office,CL1,ZoneC,EHP,MUL,103.86,1,0,0,0,1,1,3,5435,174,436
437,Tokyo,Retail,ConvenienceStore,ZoneC,EHP,MUL,234.92,0,0,0,0,1,2,3,30907,353,437
438,Tokyo,Office,CL2,ZoneC,GHP,MUL,475.72,1,0,0,0,1,2,3,1655,356,438
439,Tokyo,Retail,HousingClothingSuper,ZoneC,GHP,MUL,443.44,0,0,0,0,1,2,3,30973,256,439
440,Tokyo,Retail,HousingClothingSuper,ZoneC,ABCH,OHUFCU,473.08,0,0,0,0,2,1,2,25584,315,440
441,Tokyo,Retail,HousingClothingSuper,ZoneC,AHP,CAV,283.62,0,0,0,0,2,2,3,31002,120,441
442,Tokyo,Retail,SpecialityShop,ZoneC,EHP,MUL,4015.76,0,0,0,0,1,2,2,29455,329,442
443,Tokyo,Office,CL1,ZoneC,EHP,MUL,165.21,1,0,0,0,2,2,3,11233,118,443
444,Tokyo,Office,CL1,ZoneC,EHP,MUL,197.78,1,0,0,0,2,1,2,2532,147,444
445,Tokyo,Office,CL1,ZoneC,EHP,MUL,157.97,1,0,0,0,1,1,2,2531,237,445
446,Tokyo,Retail,HousingClothingSuper,ZoneC,EHP,MUL,305.26,1,0,0,0,1,1,2,25554,398,446
447,Tokyo,Office,CL1,ZoneC,GHP,MUL,180.19,1,0,0,0,1,1,3,5437,24,447
448,Tokyo,Office,CL2,ZoneC,EHP,MUL,251.4,1,0,0,0,1,1,3,562,62,448
449,Tokyo,Office,CL4,ZoneC,EHP,MUL,1822.26,1,0,1,1,1,2,2,8364,118,449
450,Tokyo,Retail,ConvenienceDrug,ZoneC,EHP,MUL,250.28,1,0,0,0,1,2,3,30898,278,450
451,Tokyo,Office,CL1,ZoneC,EHP,MUL,123.17,1,0,0,0,1,1,2,2531,237,451
452,Tokyo,Office,CL1,ZoneC,EHP,MUL,35.22,1,0,0,0,2,1,2,2532,147,452
453,Tokyo,Restaurant,UrbanRestaurant,ZoneC,EHP,MUL,135.3,1,0,0,0,1,2,2,564,0,453
454,Tokyo,Office,CL1,ZoneC,EHP,MUL,143.82,1,0,0,0,1,2,3,11232,141,454
455,Tokyo,Office,CL1,ZoneC,EHP,MUL,195.06,1,0,0,0,1,2,2,8327,160,455
456,Tokyo,Retail,HousingClothingSuper,ZoneC,AHP,FCU,406.9,0,0,0,0,2,2,2,29209,131,456
457,Tokyo,Retail,SpecialityShop,ZoneC,EHP,MUL,418.58,1,0,0,0,1,2,3,31260,210,457
458,Tokyo,Hospital,CL2,ZoneC,EHP,MUL,446.8,0,0,0,0,1,1,2,18908,69,458
459,Tokyo,Retail,HousingClothingSuper,ZoneC,EHP,MUL,622.06,0,0,0,0,1,1,3,27357,368,459
460,Tokyo,Office,CL1,ZoneC,GHP,MUL,122.45,1,0,0,0,1,2,3,11234,375,460
461,Tokyo,Office,CL2,ZoneC,GHP,MUL,258.56,1,0,0,0,1,1,2,74,49,461
462,Tokyo,Hotel,CL3,ZoneD,EHP,MUL,524.26,1,0,0,0,1,2,3,17645,94,462
463,Tokyo,Retail,SpecialityShop,ZoneC,EHP,MUL,180.24,0,0,0,0,2,2,3,31262,351,463
464,Tokyo,Office,CL1,ZoneC,EHP,MUL,138.94,1,0,0,0,1,2,3,11232,141,464
465,Tokyo,Retail,SpecialityShop,ZoneC,EHP,MUL,201.82,0,0,0,0,2,2,2,29458,169,465
466,Tokyo,Hospital,CL2,ZoneC,EHP,MUL,436.1,1,0,0,0,2,2,3,23832,348,466
467,Tokyo,Office,CL1,ZoneC,GHP,MUL,178.55,1,0,0,0,1,1,3,5437,24,467
468,Tokyo,Office,CL1,ZoneC,GHP,MUL,58.43,1,0,0,0,1,1,3,5437,24,468
469,Tokyo,Retail,SpecialityShop,ZoneC,GHP,MUL,702.88,1,0,0,0,2,2,2,29464,358,469
470,Tokyo,Office,CL2,ZoneC,EHP,MUL,211.38,1,0,0,0,1,2,2,1147,306,470
471,Tokyo,Restaurant,UrbanRestaurant,ZoneC,EHP,MUL,257.88,1,0,0,0,1,2,3,1264,0,471
472,Tokyo,Office,CL1,ZoneC,EHP,MUL,173.04,1,0,0,0,1,2,3,11232,141,472
473,Tokyo,Office,CL1,ZoneC,EHP,MUL,127.15,1,0,0,0,2,1,3,5436,266,473
474,Tokyo,Office,CL2,ZoneC,EHP,MUL,225.28,0,0,0,0,2,1,2,68,99,474
475,Tokyo,Office,CL1,ZoneC,EHP,MUL,141.68,1,0,0,0,1,2,2,8327,160,475
476,Tokyo,Office,CL1,ZoneC,EHP,MUL,168.17,1,0,0,0,1,1,2,2531,237,476
477,Tokyo,Office,CL1,ZoneC,EHP,MUL,108.78,1,0,0,0,1,1,3,5435,174,477
478,Tokyo,Office,CL3,ZoneC,EHP,MUL,860.88,1,0,0,0,2,2,3,1687,48,478
479,Tokyo,Office,CL1,ZoneC,EHP,MUL,135.54,1,0,0,0,1,1,3,5435,174,479
480,Tokyo,Retail,ConvenienceStore,ZoneC,EHP,MUL,216,0,0,0,0,2,1,3,27301,278,480
481,Tokyo,Office,CL3,ZoneC,EHP,MUL,938.22,1,0,0,0,2,1,3,607,4,481
482,Tokyo,Restaurant,UrbanRestaurant,ZoneC,EHP,MUL,202.36,1,0,0,0,1,1,2,214,0,482
483,Tokyo,Office,CL2,ZoneC,EHP,MUL,235.02,1,0,0,0,2,1,2,73,11,483
484,Tokyo,Office,CL3,ZoneC,EHP,MUL,555.82,0,0,0,0,2,2,3,1682,132,484
485,Tokyo,Office,CL2,ZoneC,GHP,MUL,416.2,1,0,0,0,1,2,3,1655,356,485
486,Tokyo,Restaurant,UrbanRestaurant,ZoneC,EHP,MUL,382.4,1,0,0,0,1,1,3,914,0,486
487,Tokyo,Retail,HousingClothingSuper,ZoneC,EHP,MUL,525.34,0,0,0,0,1,2,3,30965,99,487
488,Tokyo,Hospital,CL5,ZoneC,ABCH,OHUFCU,4525.8,1,0,0,0,2,2,2,22257,369,488
489,Tokyo,Retail,HousingClothingSuper,ZoneC,EHP,MUL,314.54,0,0,0,0,2,2,2,29165,350,489
490,Tokyo,Office,CL2,ZoneC,EHP,MUL,241.3,1,0,0,0,2,2,2,1153,226,490
491,Tokyo,Amusement,Fitness,ZoneC,EHP,MUL,133.82,1,1,0,0,1,1,3,1113,0,491
492,Tokyo,Office,CL1,ZoneC,EHP,MUL,168.26,1,0,0,0,1,1,3,5435,174,492
493,Tokyo,Office,CL2,ZoneC,EHP,MUL,250.8,1,0,0,0,2,2,2,1156,20,493
494,Tokyo,Hotel,CL2,ZoneD,EHP,MUL,407.48,0,0,0,0,2,2,2,16428,89,494
495,Tokyo,Retail,SpecialityShop,ZoneC,EHP,MUL,70.88,0,0,0,0,1,2,2,29455,329,495
496,Tokyo,Office,CL2,ZoneC,EHP,MUL,255.39,1,0,0,0,1,1,2,58,367,496
497,Tokyo,Office,CL4,ZoneC,EHP,MUL,1799.66,1,0,0,0,1,1,3,633,350,497
498,Tokyo,Office,CL3,ZoneC,EHP,MUL,554.64,0,0,0,0,2,1,3,602,128,498
499,Tokyo,Office,CL1,ZoneC,EHP,MUL,106.4,1,0,0,0,1,2,3,11232,141,499
500,Tokyo,Office,CL1,ZoneC,EHP,MUL,148.32,1,0,0,0,1,2,2,8327,160,500
501,Tokyo,Office,CL1,ZoneC,EHP,MUL,108.49,1,0,0,0,1,2,3,11232,141,501
502,Tokyo,Office,CL2,ZoneC,EHP,MUL,233.8,0,0,0,0,1,2,2,1136,166,502
503,Tokyo,Office,CL2,ZoneC,EHP,MUL,331.42,1,0,0,0,1,1,3,564,256,503
504,Tokyo,Office,CL2,ZoneC,EHP,MUL,380.35,1,0,0,0,2,2,3,1648,214,504
505,Tokyo,Office,CL1,ZoneC,EHP,MUL,144.57,1,0,0,0,1,2,3,11232,141,505
506,Tokyo,Office,CL1,ZoneC,EHP,MUL,149.42,1,0,0,0,1,1,2,2531,237,506
507,Tokyo,Office,CL1,ZoneC,EHP,MUL,58.02,1,0,0,0,1,2,2,8327,160,507
508,Tokyo,Office,CL2,ZoneC,EHP,MUL,224.29,0,0,0,0,2,2,2,1152,166,508
509,Tokyo,Office,CL1,ZoneC,EHP,MUL,174.39,1,0,0,0,1,2,3,11232,141,509
510,Tokyo,Retail,HousingClothingSuper,ZoneC,ABCH,VAV,870.2,1,0,0,0,1,1,2,25574,29,510
511,Tokyo,Office,CL2,ZoneC,EHP,MUL,5096.74,0,0,0,0,1,1,2,52,18,511
512,Tokyo,Office,CL1,ZoneC,EHP,MUL,172.09,1,0,0,0,1,1,3,5435,174,512
513,Tokyo,Office,CL1,ZoneC,EHP,MUL,77.15,1,0,0,0,2,2,3,11233,118,513
514,Tokyo,Office,CL3,ZoneC,EHP,MUL,792.54,1,0,0,0,1,2,2,1179,328,514
515,Tokyo,Office,CL2,ZoneC,EHP,MUL,268.09,1,0,0,0,1,2,2,1149,5,515
516,Tokyo,Office,CL1,ZoneC,EHP,MUL,145.35,1,0,0,0,1,1,3,5435,174,516
517,Tokyo,Office,CL2,ZoneC,EHP,MUL,224.52,1,0,0,0,1,1,2,59,124,517
518,Tokyo,Retail,HousingClothingSuper,ZoneC,COM,CAV,478.32,0,0,0,0,2,2,3,31024,350,518
519,Tokyo,Office,CL1,ZoneC,GHP,MUL,199.16,1,0,0,0,1,1,2,2533,207,519
520,Tokyo,Hospital,CL5,ZoneC,AHP,CAV,3691.58,0,0,0,0,1,1,3,20617,326,520
521,Tokyo,Office,CL1,ZoneC,EHP,MUL,89.71,1,0,0,0,2,1,3,5436,266,521
522,Tokyo,Retail,SpecialityShop,ZoneC,EHP,MUL,1051.04,0,0,0,0,1,2,3,31259,394,522
523,Tokyo,Office,CL1,ZoneC,EHP,MUL,162.63,1,0,0,0,1,2,3,11232,141,523
524,Tokyo,Office,CL1,ZoneC,EHP,MUL,145.32,1,0,0,0,2,1,3,5436,266,524
525,Tokyo,Retail,HousingClothingSuper,ZoneC,EHP,MUL,584.76,0,0,0,0,1,1,3,27357,368,525
526,Tokyo,Office,CL1,ZoneC,GHP,MUL,97.84,1,0,0,0,1,1,2,2533,207,526
527,Tokyo,Office,CL1,ZoneC,EHP,MUL,161.48,1,0,0,0,1,1,3,5435,174,527
528,Tokyo,Office,CL1,ZoneC,EHP,MUL,107.66,1,0,0,0,1,2,3,11232,141,528
529,Tokyo,Retail,SpecialityShop,ZoneC,EHP,MUL,200.06,0,0,0,0,1,2,2,29455,329,529
530,Tokyo,Retail,HousingClothingSuper,ZoneC,EHP,MUL,352.96,1,0,1,0,2,1,3,27363,187,530
531,Tokyo,Office,CL1,ZoneC,EHP,MUL,116.18,1,0,0,0,1,1,3,5435,174,531
532,Tokyo,Office,CL2,ZoneC,GHP,MUL,404.3,1,0,0,0,1,2,3,1655,356,532
533,Tokyo,Office,CL1,ZoneC,GHP,MUL,163.28,1,0,0,0,1,2,3,11234,375,533
534,Tokyo,School,ElementarySchool,ZoneC,EHP,MUL,6255.33,0,0,0,0,1,2,3,34681,174,534
535,Tokyo,Office,CL4,ZoneC,EHP,MUL,1512.34,0,0,0,0,1,1,3,618,146,535
536,Tokyo,Retail,HousingClothingSuper,ZoneC,EHP,MUL,351.68,0,0,0,0,1,2,3,30965,99,536
537,Tokyo,Office,CL3,ZoneC,AHP,CAV,521.38,1,0,0,0,1,1,2,2560,18,537
538,Tokyo,Office,CL1,ZoneC,EHP,MUL,98.84,1,0,0,0,1,2,3,11232,141,538
539,Tokyo,Office,CL2,ZoneC,EHP,MUL,203.8,0,0,0,0,1,1,3,549,220,539
540,Tokyo,Office,CL2,ZoneC,EHP,MUL,243.68,1,0,0,0,1,1,2,57,249,540
541,Tokyo,Hospital,CL3,ZoneC,EHP,MUL,806.36,0,0,0,0,2,1,2,18918,190,541
542,Tokyo,Office,CL2,ZoneC,EHP,MUL,230.39,1,0,0,0,1,2,3,1640,208,542
543,Tokyo,Retail,HousingClothingSuper,ZoneC,EHP,MUL,375.46,1,0,0,0,1,1,3,27358,238,543
544,Tokyo,Office,CL1,ZoneC,EHP,MUL,147.97,1,0,0,0,2,1,2,2532,147,544
545,Tokyo,Office,CL1,ZoneC,EHP,MUL,150.48,1,0,0,0,1,2,3,11232,141,545
546,Tokyo,Office,CL1,ZoneC,EHP,MUL,133.52,1,0,0,0,1,1,3,5435,174,546
547,Tokyo,Office,CL2,ZoneC,EHP,MUL,263.29,1,0,0,0,2,1,2,70,93,547
548,Tokyo,Office,CL4,ZoneC,EHP,MUL,1447.32,1,0,0,0,1,2,2,1202,398,548
549,Tokyo,Office,CL1,ZoneC,EHP,MUL,187,1,0,0,0,2,1,2,2532,147,549
550,Tokyo,Retail,HousingClothingSuper,ZoneC,EHP,MUL,602.12,0,0,0,0,1,2,3,30965,99,550
551,Tokyo,Office,CL2,ZoneC,EHP,MUL,270.62,1,0,0,0,1,2,2,1140,219,551
552,Tokyo,Office,CL1,ZoneC,EHP,MUL,166.58,1,0,0,0,1,1,3,5435,174,552
553,Tokyo,Office,CL2,ZoneC,EHP,MUL,285.22,1,0,0,0,1,1,2,56,48,553
554,Tokyo,Office,CL1,ZoneC,EHP,MUL,112.61,1,0,0,0,2,2,2,8328,154,554
555,Tokyo,Office,CL2,ZoneC,EHP,MUL,277.44,1,0,0,0,2,2,2,1154,20,555
556,Tokyo,Office,CL1,ZoneC,EHP,MUL,179.24,1,0,0,0,2,1,2,2532,147,556
557,Tokyo,Office,CL2,ZoneC,EHP,MUL,368.94,0,0,0,0,1,2,2,1139,140,557
558,Tokyo,Retail,HousingClothingSuper,ZoneC,ABCH,FCU,219.88,1,0,0,0,2,2,3,30992,99,558
559,Tokyo,Retail,SpecialityShop,ZoneC,EHP,MUL,233.92,1,0,0,0,2,1,2,25851,254,559
560,Tokyo,Office,CL1,ZoneC,EHP,MUL,161.09,1,0,0,0,1,1,3,5435,174,560
561,Tokyo,Office,CL1,ZoneC,EHP,MUL,197.89,1,0,0,0,1,2,2,8327,160,561
562,Tokyo,Office,CL2,ZoneC,EHP,MUL,202.16,1,0,0,0,2,2,2,1154,20,562
563,Tokyo,Hotel,CL4,ZoneD,EHP,MUL,1183.8,1,0,0,0,1,2,3,17655,268,563
564,Tokyo,Retail,HousingClothingSuper,ZoneC,EHP,MUL,1554.96,0,0,0,0,2,2,2,29165,350,564
565,Tokyo,Retail,HousingClothingSuper,ZoneC,AHP+TESICE,CAV,285.22,0,0,0,0,1,1,2,25615,32,565
566,Tokyo,Retail,ConvenienceStore,ZoneC,EHP,MUL,326.92,0,0,0,0,1,2,2,29103,155,566
567,Tokyo,Office,CL1,ZoneC,EHP,MUL,82.02,1,0,0,0,1,2,3,11232,141,567
568,Tokyo,Retail,SpecialityShop,ZoneC,EHP,MUL,166.58,0,0,0,0,1,2,2,29455,329,568
569,Tokyo,Office,CL1,ZoneC,GHP,MUL,102.81,1,0,0,0,1,2,2,8329,4,569
570,Tokyo,Office,CL1,ZoneC,EHP,MUL,120.67,1,0,0,0,2,1,2,2532,147,570
571,Tokyo,Retail,HousingClothingSuper,ZoneC,EHP,MUL,342.38,1,0,0,0,2,1,2,25558,51,571
572,Tokyo,Office,CL5,ZoneC,ABCH,OHUFCU,4114.46,1,0,1,1,1,1,3,5550,383,572
573,Tokyo,Office,CL1,ZoneC,EHP,MUL,129.21,1,0,0,0,2,2,2,8328,154,573
574,Tokyo,Office,CL1,ZoneC,EHP,MUL,192.78,1,0,0,0,1,2,2,8327,160,574
575,Tokyo,Retail,HousingClothingSuper,ZoneC,EHP,MUL,906.56,1,0,0,0,1,1,2,25554,398,575
576,Tokyo,Office,CL3,ZoneC,EHP,MUL,820.16,1,0,0,0,1,2,2,1170,28,576
577,Tokyo,Office,CL1,ZoneC,EHP,MUL,130.74,1,0,0,0,1,2,3,11232,141,577
578,Tokyo,Office,CL1,ZoneC,EHP,MUL,155.74,1,0,0,0,1,2,3,11232,141,578
579,Tokyo,Office,CL2,ZoneC,EHP,MUL,264.25,1,0,0,0,1,2,3,1645,28,579
580,Tokyo,Office,CL2,ZoneC,EHP,MUL,239.67,1,0,0,0,2,2,2,1156,20,580
581,Tokyo,Office,CL1,ZoneC,EHP,MUL,136.97,1,0,0,0,2,2,3,11233,118,581
582,Tokyo,Office,CL1,ZoneC,EHP,MUL,72.27,1,0,0,0,1,2,3,11232,141,582
583,Tokyo,Office,CL1,ZoneC,EHP,MUL,160.33,1,0,0,0,2,2,2,8328,154,583
584,Tokyo,Office,CL2,ZoneC,EHP,MUL,367.24,1,0,0,0,1,2,3,1644,382,584
585,Tokyo,Office,CL2,ZoneC,AHP,CAV,203.43,1,0,0,0,2,1,3,5448,195,585
586,Tokyo,Office,CL1,ZoneC,EHP,MUL,106.63,1,0,0,0,2,1,2,2532,147,586
587,Tokyo,Office,CL2,ZoneC,EHP,MUL,210.48,1,0,0,0,2,1,3,571,161,587
588,Tokyo,Retail,HousingClothingSuper,ZoneC,GHP,MUL,348,0,0,0,0,1,2,3,30973,256,588
589,Tokyo,Office,CL4,ZoneC,AHP,VAV,1440.84,0,0,0,0,1,1,2,2594,331,589
590,Tokyo,Office,CL2,ZoneC,EHP,MUL,266.14,1,0,0,0,1,1,2,62,352,590
591,Tokyo,Office,CL2,ZoneC,EHP,MUL,418.72,0,0,0,0,2,1,2,68,99,591
592,Tokyo,Office,CL4,ZoneC,EHP,MUL,1012.2,1,0,0,0,2,2,3,1729,237,592
593,Tokyo,School,ElementarySchool,ZoneC,EHP,MUL,3917.01,1,0,0,0,2,2,3,34684,100,593
594,Tokyo,Office,CL1,ZoneC,GHP,MUL,76.05,1,0,0,0,1,2,2,8329,4,594
595,Tokyo,Retail,HousingClothingSuper,ZoneC,EHP,MUL,304.28,1,0,0,0,2,2,2,29166,68,595
596,Tokyo,Retail,SpecialityShop,ZoneC,EHP,MUL,171.52,1,0,0,0,1,2,3,31260,210,596
597,Tokyo,Office,CL1,ZoneC,EHP,MUL,132.71,1,0,0,0,2,1,3,5436,266,597
598,Tokyo,Office,CL1,ZoneC,EHP,MUL,195.74,1,0,0,0,2,1,2,2532,147,598
599,Tokyo,Retail,HousingClothingSuper,ZoneC,EHP,MUL,115.72,1,0,0,0,1,2,3,30966,123,599
600,Tokyo,Office,CL2,ZoneC,GHP,MUL,206.99,1,0,0,0,2,1,2,2541,312,600
601,Tokyo,Retail,ConvenienceStore,ZoneC,EHP,MUL,294.68,0,0,0,0,1,2,3,30907,353,601
602,Tokyo,Office,CL1,ZoneC,EHP,MUL,143.93,1,0,0,0,1,2,2,8327,160,602
603,Tokyo,Retail,HousingClothingSuper,ZoneC,ABCH,FCU,145.04,0,0,0,0,2,1,3,27383,234,603
604,Tokyo,Office,CL2,ZoneC,EHP,MUL,7078.24,0,0,0,0,1,1,2,52,18,604
605,Tokyo,Office,CL1,ZoneC,EHP,MUL,63.04,1,0,0,0,2,1,3,5436,266,605
606,Tokyo,Office,CL1,ZoneC,EHP,MUL,118.86,1,0,0,0,1,1,2,2531,237,606
607,Tokyo,Restaurant,UrbanCafe,ZoneC,EHP,MUL,173.62,0,0,0,0,1,1,2,153,0,607
608,Tokyo,Office,CL1,ZoneC,EHP,MUL,143.85,1,0,0,0,1,1,2,2531,237,608
609,Tokyo,Office,CL1,ZoneC,EHP,MUL,127.53,1,0,0,0,1,1,3,5435,174,609
610,Tokyo,Office,CL2,ZoneC,EHP,MUL,418.42,0,0,0,0,2,1,2,68,99,610
611,Tokyo,Office,CL2,ZoneC,EHP,MUL,413.86,1,0,0,0,1,2,2,1142,130,611
612,Tokyo,Retail,HousingClothingSuper,ZoneC,AHP,OHUFCU,305.22,0,0,0,0,2,2,2,29214,373,612
613,Tokyo,Office,CL2,ZoneC,EHP,MUL,217.96,1,0,0,0,1,1,3,557,66,613
614,Tokyo,Office,CL1,ZoneC,EHP,MUL,194.96,1,0,0,0,2,1,3,5436,266,614
615,Tokyo,Office,CL1,ZoneC,EHP,MUL,121.17,1,0,0,0,1,2,2,8327,160,615
616,Tokyo,Retail,HousingClothingSuper,ZoneC,AHP,CAV,2108.96,0,0,0,0,1,2,3,30999,362,616
617,Tokyo,Office,CL1,ZoneC,EHP,MUL,94.09,1,0,0,0,1,2,2,8327,160,617
618,Tokyo,Office,CL2,ZoneC,GHP,MUL,206.61,1,0,0,0,1,2,2,1159,272,618
619,Tokyo,Office,CL2,ZoneC,AHP,CAV,259.78,1,0,0,0,1,1,2,2543,106,619
620,Tokyo,Office,CL2,ZoneC,AHP,CAV,253.96,0,0,0,0,1,1,3,5446,165,620
621,Tokyo,Office,CL1,ZoneC,EHP,MUL,140.91,1,0,0,0,1,2,3,11232,141,621
622,Tokyo,Hospital,CL2,ZoneC,EHP,MUL,229.68,0,0,0,0,1,2,3,23829,234,622
623,Tokyo,Office,CL2,ZoneC,EHP,MUL,414.04,1,0,0,0,2,2,2,1154,20,623
624,Tokyo,Restaurant,UrbanBar,ZoneC,EHP,MUL,147.14,1,0,0,0,1,1,3,794,0,624
625,Tokyo,Retail,SpecialityShop,ZoneC,EHP,MUL,363.42,1,0,0,0,1,2,3,31260,210,625
626,Tokyo,Retail,HousingClothingSuper,ZoneC,GHP,MUL,272.96,0,0,0,0,2,2,2,29172,118,626
627,Tokyo,Office,CL1,ZoneC,EHP,MUL,178.66,1,0,0,0,1,2,3,11232,141,627
628,Tokyo,Office,CL1,ZoneC,EHP,MUL,174.94,1,0,0,0,1,1,3,5435,174,628
629,Tokyo,Office,CL4,ZoneC,EHP,MUL,1475.82,1,0,0,0,1,2,2,1207,162,629
630,Tokyo,Office,CL1,ZoneC,GHP,MUL,194.42,1,0,0,0,1,2,3,11234,375,630
631,Tokyo,Retail,HousingClothingSuper,ZoneC,EHP,MUL,290.86,1,0,0,0,2,1,3,27362,35,631
632,Tokyo,Office,CL4,ZoneC,EHP,MUL,1762.56,1,0,0,0,1,1,2,122,260,632
633,Tokyo,Retail,HousingClothingSuper,ZoneC,EHP,MUL,672.8,1,0,0,0,2,2,3,30970,324,633
634,Tokyo,Office,CL2,ZoneC,EHP,MUL,208.71,1,0,0,0,1,2,3,1639,385,634
635,Tokyo,Amusement,Fitness,ZoneC,EHP,MUL,261.2,1,1,0,0,1,2,2,763,0,635
636,Tokyo,Office,CL5,ZoneC,EHP,MUL,3279.36,1,0,0,0,2,1,3,692,121,636
637,Tokyo,Office,CL2,ZoneC,EHP,MUL,211.48,0,0,0,1,2,1,2,2537,32,637
638,Tokyo,Office,CL2,ZoneC,EHP,MUL,12814.84,0,0,0,0,1,1,2,52,18,638
639,Tokyo,Office,CL4,ZoneC,EHP,MUL,1548,1,0,0,0,1,1,3,628,288,639
640,Tokyo,Retail,HousingClothingSuper,ZoneC,AHP,VAV,1893.22,1,0,0,0,1,1,3,27398,168,640
641,Tokyo,Office,CL8c,ZoneA,EHP,MUL,25815.68,1,0,0,0,3,1,3,5976,345,641
642,Tokyo,Office,CL2,ZoneC,EHP,MUL,6319.92,0,0,0,0,1,1,2,52,18,642
643,Tokyo,Office,CL1,ZoneC,EHP,MUL,134.26,1,0,0,0,1,1,3,5435,174,643
644,Tokyo,Office,CL1,ZoneC,EHP,MUL,84.66,1,0,0,0,1,1,3,5435,174,644
645,Tokyo,Office,CL1,ZoneC,EHP,MUL,159.59,1,0,0,0,1,2,2,8327,160,645
646,Tokyo,Office,CL1,ZoneC,EHP,MUL,53.96,1,0,0,0,2,2,3,11233,118,646
647,Tokyo,Retail,SpecialityShop,ZoneC,EHP,MUL,188.92,1,0,0,0,1,2,2,29456,100,647
648,Tokyo,Office,CL1,ZoneC,EHP,MUL,131.06,1,0,0,0,2,1,2,2532,147,648
649,Tokyo,Office,CL2,ZoneC,EHP,MUL,228.87,0,0,0,0,2,1,3,567,376,649
650,Tokyo,Office,CL2,ZoneC,EHP,MUL,266.17,1,0,0,0,1,1,3,563,87,650
651,Tokyo,Retail,HousingClothingSuper,ZoneC,GHP,MUL,63.82,0,0,0,0,1,1,2,25561,133,651
652,Tokyo,Office,CL1,ZoneC,EHP,MUL,174.04,1,0,0,0,2,2,3,11233,118,652
653,Tokyo,Office,CL1,ZoneC,EHP,MUL,95.04,1,0,0,0,2,2,3,11233,118,653
654,Tokyo,Office,CL2,ZoneC,EHP,MUL,244.6,1,0,0,0,1,2,2,1150,106,654
655,Tokyo,Office,CL2,ZoneC,EHP,MUL,5288.5,0,0,0,0,1,1,2,52,18,655
656,Tokyo,Retail,ConvenienceStore,ZoneC,EHP,MUL,457.84,1,0,0,0,1,2,3,30908,282,656
657,Tokyo,Restaurant,UrbanRestaurant,ZoneC,EHP,MUL,731.52,1,0,0,0,1,2,2,564,0,657
658,Tokyo,Retail,HousingClothingSuper,ZoneC,EHP,MUL,1896.98,1,0,0,0,2,2,2,29166,68,658
659,Tokyo,Restaurant,UrbanRestaurant,ZoneC,EHP,MUL,95,0,0,0,0,1,1,2,213,0,659
660,Tokyo,Office,CL1,ZoneC,EHP,MUL,144.04,1,0,0,0,2,2,2,8328,154,660
661,Tokyo,Retail,HousingClothingSuper,ZoneC,EHP,MUL,423.44,0,0,0,0,2,1,2,25557,373,661
662,Tokyo,Office,CL1,ZoneC,EHP,MUL,183.13,1,0,0,0,2,2,3,11233,118,662
663,Tokyo,Office,CL1,ZoneC,EHP,MUL,129.89,1,0,0,0,1,2,3,11232,141,663
664,Tokyo,Retail,HousingClothingSuper,ZoneC,EHP,MUL,363.42,0,0,0,0,1,2,2,29161,306,664
665,Tokyo,Retail,HousingClothingSuper,ZoneC,GHP,MUL,336.54,0,0,0,0,2,2,3,30976,156,665
666,Tokyo,Office,CL1,ZoneC,GHP,MUL,44.04,1,0,0,0,1,1,3,5437,24,666
667,Tokyo,Restaurant,UrbanRestaurant,ZoneC,EHP,MUL,268.9,1,0,0,0,1,2,3,1264,0,667
668,Tokyo,Office,CL2,ZoneC,EHP,MUL,278.22,1,0,0,0,1,2,2,1145,327,668
669,Tokyo,Retail,HousingClothingSuper,ZoneC,AHP,OHUFCU,463.5,1,0,0,0,2,2,3,31019,286,669
670,Tokyo,Office,CL2,ZoneC,EHP,MUL,239.65,0,0,0,0,2,1,3,566,211,670
671,Tokyo,Office,CL1,ZoneC,EHP,MUL,132.67,1,0,0,0,1,2,3,11232,141,671
672,Tokyo,Office,CL1,ZoneC,EHP,MUL,64.76,1,0,0,0,1,1,2,2531,237,672
673,Tokyo,Office,CL1,ZoneC,EHP,MUL,128.81,1,0,0,0,2,2,2,8328,154,673
674,Tokyo,Restaurant,UrbanRestaurant,ZoneC,EHP,MUL,558.12,1,0,0,0,1,2,3,1264,0,674
675,Tokyo,Hospital,CL1,ZoneC,EHP,MUL,162.57,0,0,0,0,1,2,3,23827,35,675
676,Tokyo,Office,CL5,ZoneC,AHP+TESICE,VAV,3189.74,1,0,0,0,1,2,3,11401,224,676
677,Tokyo,Office,CL1,ZoneC,EHP,MUL,96.04,1,0,0,0,2,2,2,8328,154,677
678,Tokyo,Office,CL5,ZoneC,EHP,MUL,2834.92,1,0,0,0,2,2,3,1777,177,678
679,Tokyo,Office,CL1,ZoneC,EHP,MUL,127.74,1,0,0,0,1,1,2,2531,237,679
680,Tokyo,Office,CL2,ZoneC,EHP,MUL,275.86,0,0,0,0,2,2,3,1647,120,680
681,Tokyo,Office,CL5,ZoneC,ABCH,VAV,2685.08,0,0,0,1,1,1,2,2633,131,681
682,Tokyo,Hospital,CL7,ZoneC,ABCH,CAVFCU,14560.8,0,0,0,0,1,1,3,20709,395,682
683,Tokyo,Office,CL2,ZoneC,GHP,MUL,231.84,0,0,0,0,1,2,2,8335,87,683
684,Tokyo,Office,CL1,ZoneC,EHP,MUL,104.67,1,0,0,0,1,1,2,2531,237,684
685,Tokyo,Office,CL2,ZoneC,EHP,MUL,5352.72,0,0,0,0,1,1,2,52,18,685
686,Tokyo,Office,CL5,ZoneC,EHP,MUL,2999.4,1,0,0,0,2,2,2,1267,181,686
687,Tokyo,Office,CL3,ZoneC,GHP,MUL,758.06,1,0,0,0,1,1,3,612,246,687
688,Tokyo,Office,CL5,ZoneC,EHP,MUL,4515.2,0,0,0,0,2,1,3,684,216,688
689,Tokyo,Restaurant,UrbanYakiniku,ZoneC,EHP,MUL,468.86,1,0,0,0,1,2,3,1384,0,689
690,Tokyo,Office,CL1,ZoneC,EHP,MUL,65.17,1,0,0,0,1,1,3,5435,174,690
691,Tokyo,Hospital,CL2,ZoneC,EHP,MUL,431.08,0,0,0,0,2,1,3,20551,177,691
692,Tokyo,Retail,HousingClothingSuper,ZoneC,AHP,CAV,1084.38,1,0,0,0,1,2,2,29196,147,692
693,Tokyo,Retail,HousingClothingSuper,ZoneC,ABCH,OHUFCU,143.76,1,0,1,0,2,2,2,29194,161,693
694,Tokyo,Office,CL2,ZoneC,GHP,MUL,255.45,1,0,0,0,2,2,2,8337,154,694
695,Tokyo,Restaurant,UrbanRestaurant,ZoneC,EHP,MUL,227.5,1,0,0,0,1,1,2,214,0,695
696,Tokyo,Retail,HousingClothingSuper,ZoneC,EHP,MUL,982.88,1,0,1,0,1,1,2,25555,301,696
697,Tokyo,Retail,HousingClothingSuper,ZoneC,AHP,FCU,454.1,1,0,0,0,1,2,2,29208,382,697
698,Tokyo,Retail,HousingClothingSuper,ZoneC,AHP,CAV,600.34,0,0,0,0,1,2,3,30999,362,698
699,Tokyo,Retail,ConvenienceDrug,ZoneC,EHP,MUL,273.12,1,0,0,0,1,2,3,30898,278,699
700,Tokyo,Restaurant,UrbanRestaurant,ZoneC,EHP,MUL,358.84,1,0,0,0,1,1,3,914,0,700
701,Tokyo,Restaurant,UrbanRestaurant,ZoneC,EHP,MUL,939.26,0,0,0,0,1,1,2,213,0,701
702,Tokyo,Office,CL1,ZoneC,EHP,MUL,120.08,1,0,0,0,1,2,2,8327,160,702
703,Tokyo,Office,CL2,ZoneC,EHP,MUL,663.06,0,0,0,0,1,1,2,52,18,703
704,Tokyo,Retail,HousingClothingSuper,ZoneC,COM,CAV,1820.43,0,0,0,0,2,1,2,25612,156,704
705,Tokyo,Hospital,CL2,ZoneC,EHP,MUL,392.1,1,0,0,0,2,1,2,18911,32,705
706,Tokyo,Retail,HousingClothingSuper,ZoneC,EHP,MUL,1257.82,1,0,0,0,1,2,3,30966,123,706
707,Tokyo,Retail,SpecialityShop,ZoneC,EHP,MUL,407.8,1,0,0,0,2,2,3,31263,94,707
708,Tokyo,Restaurant,UrbanRestaurant,ZoneC,EHP,MUL,334.96,1,0,0,0,1,2,2,564,0,708
709,Tokyo,Retail,HousingClothingSuper,ZoneC,AHP,CAV,209.58,0,0,0,0,1,1,2,25587,36,709
710,Tokyo,Hospital,CL1,ZoneC,EHP,MUL,181.72,0,0,0,0,1,2,2,22188,9,710
711,Tokyo,Office,CL1,ZoneC,EHP,MUL,77.93,1,0,0,0,2,1,3,5436,266,711
712,Tokyo,Office,CL1,ZoneC,EHP,MUL,174.33,1,0,0,0,1,2,3,11232,141,712
713,Tokyo,Office,CL1,ZoneC,EHP,MUL,70.9,1,0,0,0,2,1,3,5436,266,713
714,Tokyo,Retail,HousingClothingSuper,ZoneC,EHP,MUL,358.12,1,0,1,0,2,2,2,29167,67,714
715,Tokyo,Office,CL5,ZoneC,ABCH,VAV,3638.4,1,0,0,0,2,2,2,8432,190,715
716,Tokyo,Retail,HousingClothingSuper,ZoneC,GHP,MUL,546.78,0,0,0,0,2,1,2,25564,284,716
717,Tokyo,Hospital,CL1,ZoneC,EHP,MUL,125.32,0,0,0,0,1,1,3,20547,36,717
718,Tokyo,Office,CL1,ZoneC,EHP,MUL,194.41,1,0,0,0,2,1,3,5436,266,718
719,Tokyo,Retail,SpecialityShop,ZoneC,EHP,MUL,192.9,0,0,0,0,1,2,3,31259,394,719
720,Tokyo,Office,CL4,ZoneC,EHP,MUL,1591.65,0,0,0,0,2,2,3,1724,310,720
721,Tokyo,Restaurant,UrbanRestaurant,ZoneC,EHP,MUL,224.54,1,0,0,0,1,1,2,214,0,721
722,Tokyo,Office,CL2,ZoneC,EHP,MUL,293,1,0,0,0,2,1,3,571,161,722
723,Tokyo,Office,CL1,ZoneC,EHP,MUL,77.93,1,0,0,0,1,2,2,8327,160,723
724,Tokyo,Retail,SpecialityShop,ZoneC,EHP,MUL,226.28,0,0,0,0,2,2,3,31262,351,724
725,Tokyo,Office,CL1,ZoneC,GHP,MUL,108,1,0,0,0,1,2,2,8329,4,725
726,Tokyo,Office,CL1,ZoneC,EHP,MUL,66.75,1,0,0,0,2,2,3,11233,118,726
727,Tokyo,Office,CL2,ZoneC,EHP,MUL,238.14,0,0,0,0,2,2,2,1152,166,727
728,Tokyo,Retail,HousingClothingSuper,ZoneC,COM,CAV,395.38,0,0,0,0,1,2,2,29217,39,728
729,Tokyo,Office,CL1,ZoneC,EHP,MUL,98.88,1,0,0,0,2,1,3,5436,266,729
730,Tokyo,Retail,SpecialityShop,ZoneC,EHP,MUL,227.06,0,0,0,0,1,2,3,31259,394,730
731,Tokyo,Restaurant,UrbanRestaurant,ZoneC,EHP,MUL,128.6,1,0,0,0,1,2,2,564,0,731
732,Tokyo,Restaurant,UrbanRestaurant,ZoneC,EHP,MUL,128.7,1,0,0,0,1,2,3,1264,0,732
733,Tokyo,Office,CL3,ZoneC,EHP,MUL,827.34,1,0,0,0,2,1,3,603,337,733
734,Tokyo,Retail,HousingClothingSuper,ZoneC,EHP,MUL,322.92,0,0,0,0,1,1,3,27357,368,734
735,Tokyo,Retail,HousingClothingSuper,ZoneC,EHP,MUL,615.76,0,0,0,0,1,2,2,29161,306,735
736,Tokyo,Restaurant,UrbanRestaurant,ZoneC,EHP,MUL,864.03,1,0,0,0,1,1,2,214,0,736
737,Tokyo,Office,CL1,ZoneC,EHP,MUL,156.27,1,0,0,0,1,1,2,2531,237,737
738,Tokyo,Retail,SpecialityShop,ZoneC,EHP,MUL,151.54,0,0,0,0,1,2,2,29455,329,738
739,Tokyo,Office,CL1,ZoneC,EHP,MUL,178.31,1,0,0,0,1,2,3,11232,141,739
740,Tokyo,Office,CL2,ZoneC,GHP,MUL,211.58,0,0,0,0,1,2,2,8335,87,740
741,Tokyo,Office,CL3,ZoneC,EHP,MUL,663.88,1,0,0,0,2,2,2,1185,218,741
742,Tokyo,Office,CL3,ZoneC,EHP,MUL,553.5,1,0,0,0,2,2,2,1188,69,742
743,Tokyo,Hospital,CL2,ZoneC,EHP,MUL,426.56,0,0,0,0,1,2,2,22190,105,743
744,Tokyo,Retail,SpecialityShop,ZoneC,GHP,MUL,234.56,1,0,0,0,1,2,3,31266,125,744
745,Tokyo,Hospital,CL2,ZoneC,EHP,MUL,273.06,1,0,0,0,1,1,2,18909,395,745
746,Tokyo,Office,CL1,ZoneC,EHP,MUL,80.51,1,0,0,0,1,2,2,8327,160,746
747,Tokyo,Retail,ConvenienceStore,ZoneC,EHP,MUL,400.38,1,0,0,0,1,2,2,29104,137,747
748,Tokyo,Office,CL1,ZoneC,EHP,MUL,152.65,1,0,0,0,1,1,2,2531,237,748
749,Tokyo,Retail,HousingClothingSuper,ZoneC,EHP,MUL,266.94,1,0,0,0,2,2,3,30970,324,749
750,Tokyo,Restaurant,UrbanRestaurant,ZoneC,EHP,MUL,385.14,0,0,0,0,1,1,2,213,0,750
751,Tokyo,Hospital,CL3,ZoneC,EHP,MUL,925.56,1,0,0,0,1,2,3,23837,383,751
752,Tokyo,Office,CL3,ZoneC,EHP,MUL,925.72,1,0,0,0,1,2,2,1175,133,752
753,Tokyo,Office,CL1,ZoneC,EHP,MUL,138.27,1,0,0,0,1,1,3,5435,174,753
754,Tokyo,Retail,SpecialityShop,ZoneC,EHP,MUL,686.92,1,0,0,0,1,1,3,27652,85,754
755,Tokyo,Office,CL2,ZoneC,EHP,MUL,291.84,1,0,0,0,1,2,2,1140,219,755
756,Tokyo,Office,CL2,ZoneC,EHP,MUL,395,1,0,0,0,1,2,3,1633,317,756
757,Tokyo,Office,CL1,ZoneC,EHP,MUL,134.95,1,0,0,0,1,2,3,11232,141,757
758,Tokyo,Retail,SpecialityShop,ZoneC,EHP,MUL,170.44,0,0,0,0,1,2,2,29455,329,758
759,Tokyo,Office,CL1,ZoneC,EHP,MUL,172.66,1,0,0,0,1,2,3,11232,141,759
760,Tokyo,Retail,SpecialityShop,ZoneC,EHP,MUL,233.18,0,0,0,0,1,1,3,27651,199,760
761,Tokyo,Office,CL1,ZoneC,EHP,MUL,114.54,1,0,0,0,1,1,3,5435,174,761
762,Tokyo,Retail,SpecialityShop,ZoneC,EHP,MUL,160.08,0,0,0,0,2,1,2,25850,246,762
763,Tokyo,Retail,HousingClothingSuper,ZoneC,EHP,MUL,227,1,0,0,0,1,1,2,25554,398,763
764,Tokyo,Office,CL2,ZoneC,EHP,MUL,243.06,1,0,0,0,2,1,3,569,383,764
765,Tokyo,Retail,SpecialityShop,ZoneC,EHP,MUL,157.44,0,0,0,0,1,2,2,29455,329,765
766,Tokyo,Office,CL3,ZoneC,EHP,MUL,571.76,1,0,0,0,1,2,2,1166,231,766
767,Tokyo,Office,CL1,ZoneC,EHP,MUL,68.14,1,0,0,0,2,2,3,11233,118,767
768,Tokyo,Retail,HousingClothingSuper,ZoneC,EHP,MUL,79.76,1,0,1,1,1,2,3,30968,62,768
769,Tokyo,Office,CL1,ZoneC,EHP,MUL,49.83,1,0,0,0,1,1,3,5435,174,769
770,Tokyo,Retail,HousingClothingSuper,ZoneC,EHP,MUL,767.58,0,0,0,0,1,2,2,29161,306,770
771,Tokyo,Office,CL1,ZoneC,EHP,MUL,104.77,1,0,0,0,1,1,2,2531,237,771
772,Tokyo,Retail,SpecialityShop,ZoneC,EHP,MUL,193.88,0,0,0,0,1,1,2,25847,388,772
773,Tokyo,Retail,SpecialityShop,ZoneC,EHP,MUL,237.16,1,0,0,0,1,2,2,29456,100,773
774,Tokyo,Office,CL2,ZoneC,EHP,MUL,214.79,1,0,0,0,1,2,3,1642,240,774
775,Tokyo,Restaurant,UrbanRestaurant,ZoneC,EHP,MUL,138,1,0,0,0,1,2,2,564,0,775
776,Tokyo,Office,CL2,ZoneC,EHP,MUL,235.37,1,0,0,0,1,1,3,554,3,776
777,Tokyo,Office,CL2,ZoneC,EHP,MUL,231.98,1,0,0,0,1,2,3,1642,240,777
778,Tokyo,Retail,HousingClothingSuper,ZoneC,ABCH,CAV,328.48,1,0,0,0,1,2,2,29176,140,778
779,Tokyo,Office,CL1,ZoneC,EHP,MUL,80.56,1,0,0,0,2,2,2,8328,154,779
780,Tokyo,Office,CL1,ZoneC,EHP,MUL,199.2,1,0,0,0,2,1,2,2532,147,780
781,Tokyo,Hospital,CL2,ZoneC,GHP,MUL,420.36,0,0,0,0,2,2,2,22196,336,781
782,Tokyo,Office,CL2,ZoneC,EHP,MUL,202.2,0,0,0,0,1,2,2,1136,166,782
783,Tokyo,Retail,SpecialityShop,ZoneC,EHP,MUL,86.98,1,0,0,0,1,1,3,27652,85,783
784,Tokyo,Restaurant,UrbanRestaurant,ZoneC,EHP,MUL,192.4,1,0,0,0,1,2,2,564,0,784
785,Tokyo,Office,CL3,ZoneC,EHP,MUL,590.12,0,0,0,0,1,1,3,580,113,785
786,Tokyo,Office,CL2,ZoneC,GHP,MUL,252.36,1,0,0,0,1,2,2,1159,272,786
787,Tokyo,Retail,HousingClothingSuper,ZoneC,ABCH,CAV,314.52,1,0,0,0,1,2,3,30980,35,787
788,Tokyo,Retail,SpecialityShop,ZoneC,EHP,MUL,172.34,0,0,0,0,2,2,2,29458,169,788
789,Tokyo,Restaurant,UrbanRestaurant,ZoneC,EHP,MUL,152.08,1,0,0,0,1,1,2,214,0,789
790,Tokyo,Retail,HousingClothingSuper,ZoneC,EHP,MUL,268.8,0,0,0,0,2,2,2,29165,350,790
791,Tokyo,Retail,SpecialityShop,ZoneC,EHP,MUL,280.64,0,0,0,0,1,1,2,25847,388,791
792,Tokyo,Retail,HousingClothingSuper,ZoneC,EHP,MUL,499.7,0,0,0,0,2,2,3,30969,223,792
793,Tokyo,Office,CL3,ZoneC,GHP,MUL,870.9,1,0,0,0,1,2,2,1190,74,793
794,Tokyo,Retail,SpecialityShop,ZoneC,EHP,MUL,567.88,0,0,0,0,1,2,3,31259,394,794
795,Tokyo,Restaurant,UrbanRestaurant,ZoneC,EHP,MUL,463.17,0,0,0,0,1,2,3,1263,0,795
796,Tokyo,Office,CL2,ZoneC,EHP,MUL,448.2,1,0,0,0,1,2,3,1641,325,796
797,Tokyo,Retail,HousingClothingSuper,ZoneC,ABCH,CAV,709.92,1,0,0,0,1,1,3,27372,282,797
798,Tokyo,Office,CL1,ZoneC,EHP,MUL,120.14,1,0,0,0,1,1,2,2531,237,798
799,Tokyo,Office,CL2,ZoneC,EHP,MUL,401.38,1,0,0,0,2,2,3,1652,98,799
800,Tokyo,Retail,HousingClothingSuper,ZoneC,EHP,MUL,317.36,0,0,0,0,2,1,3,27361,233,800
801,Tokyo,Office,CL1,ZoneC,EHP,MUL,147.28,1,0,0,0,2,1,3,5436,266,801
802,Tokyo,Office,CL2,ZoneC,EHP,MUL,487.14,0,0,0,0,1,2,2,1136,166,802
803,Tokyo,Hospital,CL3,ZoneC,EHP,MUL,770.74,0,0,0,0,2,1,3,20559,91,803
804,Tokyo,Office,CL5,ZoneC,EHP,MUL,2043.36,1,0,0,0,1,2,2,1244,370,804
805,Tokyo,Office,CL2,ZoneC,EHP,MUL,244.54,0,0,0,0,1,1,2,52,18,805
806,Tokyo,Hospital,CL1,ZoneC,EHP,MUL,173.8,0,0,0,0,1,1,3,20547,36,806
807,Tokyo,Retail,SpecialityShop,ZoneC,EHP,MUL,322.92,1,0,0,0,1,2,2,29456,100,807
808,Tokyo,Hospital,CL3,ZoneC,EHP,MUL,536.76,0,0,0,0,1,2,3,23836,308,808
809,Tokyo,Hospital,CL1,ZoneC,EHP,MUL,164.83,0,0,0,0,2,1,3,20548,258,809
810,Tokyo,Hotel,CL3,ZoneD,AHP,FCU,593.64,1,0,0,0,1,2,3,17651,279,810
811,Tokyo,Office,CL2,ZoneC,EHP,MUL,221.14,1,0,0,0,1,2,3,1636,315,811
812,Tokyo,Office,CL1,ZoneC,EHP,MUL,114.14,1,0,0,0,1,1,2,2531,237,812
813,Tokyo,Office,CL1,ZoneC,EHP,MUL,135.42,1,0,0,0,2,1,3,5436,266,813
814,Tokyo,Office,CL2,ZoneC,EHP,MUL,217.04,1,0,0,0,1,2,2,1145,327,814
815,Tokyo,Retail,SpecialityShop,ZoneC,EHP,MUL,138.14,1,0,0,0,2,2,2,29459,308,815
816,Tokyo,Retail,HousingClothingSuper,ZoneC,EHP,MUL,209.46,1,0,0,0,2,2,2,29166,68,816
817,Tokyo,Retail,HousingClothingSuper,ZoneC,GHP,MUL,703.04,1,0,0,0,1,2,3,30974,115,817
818,Tokyo,Retail,ConvenienceDrug,ZoneC,EHP,MUL,494.52,0,0,0,0,1,1,3,27289,85,818
819,Tokyo,Retail,HousingClothingSuper,ZoneC,EHP,MUL,620.08,0,0,0,0,1,1,3,27357,368,819
820,Tokyo,Retail,HousingClothingSuper,ZoneC,GHP,MUL,164.82,1,0,0,0,1,2,2,29170,215,820
821,Tokyo,Hospital,CL1,ZoneC,EHP,MUL,118.2,0,0,0,0,2,1,2,18907,57,821
822,Tokyo,Office,CL4,ZoneC,EHP,MUL,1720.12,0,0,0,0,1,2,3,1696,126,822
823,Tokyo,Office,CL1,ZoneC,EHP,MUL,179.79,1,0,0,0,1,1,3,5435,174,823
824,Tokyo,Office,CL5,ZoneC,EHP,MUL,2277.99,1,0,0,0,1,2,3,1758,99,824
825,Tokyo,Hospital,CL2,ZoneC,EHP,MUL,202.34,1,0,0,0,1,1,2,18909,395,825
826,Tokyo,Office,CL4,ZoneC,EHP,MUL,1326.12,1,0,0,0,2,1,3,653,86,826
827,Tokyo,Hospital,CL3,ZoneC,EHP,MUL,883.22,1,0,0,0,1,2,3,23837,383,827
828,Tokyo,Retail,HousingClothingSuper,ZoneC,EHP,MUL,247.83,0,0,0,0,1,2,3,30965,99,828
829,Tokyo,School,ElementarySchool,ZoneC,EHP,MUL,3757.96,0,0,0,0,2,2,2,33963,346,829
830,Tokyo,School,JuniorHighSchool,ZoneC,EHP,MUL,6398.84,1,0,0,0,2,1,3,33292,202,830
831,Tokyo,Office,CL1,ZoneC,EHP,MUL,198.62,1,0,0,0,2,1,3,5436,266,831
832,Tokyo,Retail,HousingClothingSuper,ZoneC,ABCH,OHUFCU,295.88,0,0,0,0,1,2,2,29189,217,832
833,Tokyo,Office,CL1,ZoneC,EHP,MUL,137.4,1,0,0,0,2,1,2,2532,147,833
834,Tokyo,Hospital,CL1,ZoneC,EHP,MUL,125.54,0,0,0,0,1,2,2,22188,9,834
835,Tokyo,Office,CL1,ZoneC,EHP,MUL,190.76,1,0,0,0,1,1,3,5435,174,835
836,Tokyo,Hospital,CL1,ZoneC,EHP,MUL,180.72,0,0,0,0,1,1,2,18906,49,836
837,Tokyo,Restaurant,UrbanBar,ZoneC,EHP,MUL,543.04,1,0,0,0,1,1,3,794,0,837
838,Tokyo,Office,CL3,ZoneC,EHP,MUL,905.48,1,0,0,0,1,2,2,1166,231,838
839,Tokyo,Retail,SpecialityShop,ZoneC,GHP,MUL,161,1,0,0,0,1,2,2,29462,24,839
840,Tokyo,Hospital,CL4,ZoneC,AHP,CAV,1638.92,1,0,0,0,1,2,2,22229,392,840
841,Tokyo,Hospital,CL2,ZoneC,EHP,MUL,303.07,1,0,0,0,1,1,3,20550,249,841
842,Tokyo,Retail,HousingClothingSuper,ZoneC,AHP,VAV,549.62,1,0,1,0,2,1,3,27402,50,842
843,Tokyo,Hospital,CL3,ZoneC,EHP,MUL,733.02,1,0,0,0,1,2,3,23837,383,843
844,Tokyo,Hospital,CL2,ZoneC,EHP,MUL,416.96,0,0,0,0,1,1,2,18908,69,844
845,Tokyo,Office,CL2,ZoneC,EHP,MUL,329.67,0,0,0,0,1,2,2,1139,140,845
846,Tokyo,Retail,HousingClothingSuper,ZoneC,GHP,MUL,306.24,0,0,0,0,2,2,2,29172,118,846
847,Tokyo,Office,CL1,ZoneC,EHP,MUL,35.7,1,0,0,0,1,1,3,5435,174,847
848,Tokyo,Office,CL2,ZoneC,EHP,MUL,310.14,1,0,0,0,1,1,3,561,367,848
849,Tokyo,Office,CL2,ZoneC,EHP,MUL,337.59,1,0,0,0,2,2,3,1648,214,849
850,Tokyo,Office,CL2,ZoneC,EHP,MUL,261.45,0,0,0,0,1,1,2,53,136,850
851,Tokyo,Hotel,CL2,ZoneD,EHP,MUL,290.32,0,0,0,0,2,2,2,16428,89,851
852,Tokyo,Restaurant,UrbanRestaurant,ZoneC,EHP,MUL,347.98,1,0,0,0,1,2,3,1264,0,852
853,Tokyo,Hotel,CL3,ZoneD,EHP,MUL,835.52,1,0,0,0,1,2,3,17645,94,853
854,Tokyo,Office,CL4,ZoneC,EHP,MUL,1346.28,0,0,0,0,1,1,2,110,201,854
855,Tokyo,Office,CL2,ZoneC,EHP,MUL,7677.42,0,0,0,0,1,1,2,52,18,855
856,Tokyo,Office,CL2,ZoneC,EHP,MUL,216.67,1,0,0,0,2,2,3,1651,58,856
857,Tokyo,Office,CL1,ZoneC,EHP,MUL,117.57,1,0,0,0,2,2,3,11233,118,857
858,Tokyo,Retail,SpecialityShop,ZoneC,EHP,MUL,272.5,0,0,0,0,1,2,2,29455,329,858
859,Tokyo,Retail,SpecialityShop,ZoneC,GHP,MUL,140.06,0,0,0,0,1,2,2,29461,26,859
860,Tokyo,Retail,ConvenienceDrug,ZoneC,EHP,MUL,151.68,0,0,0,0,2,2,3,30900,144,860
861,Tokyo,Retail,HousingClothingSuper,ZoneC,GHP,MUL,734.96,1,0,0,0,2,1,3,27369,230,861
862,Tokyo,Retail,HousingClothingSuper,ZoneC,EHP,MUL,819.08,0,0,0,0,1,1,2,25553,138,862
863,Tokyo,Office,CL2,ZoneC,EHP,MUL,249.86,1,0,0,0,1,1,3,563,87,863
864,Tokyo,Restaurant,UrbanRestaurant,ZoneC,EHP,MUL,453.1,1,0,0,0,1,2,2,564,0,864
865,Tokyo,Hospital,CL2,ZoneC,EHP,MUL,217.24,1,0,0,0,2,2,2,22193,291,865
866,Tokyo,Hospital,CL3,ZoneC,EHP,MUL,562.53,1,0,0,0,1,2,2,22198,213,866
867,Tokyo,Retail,ConvenienceStore,ZoneC,EHP,MUL,297.52,0,0,0,0,1,1,2,25495,396,867
868,Tokyo,Office,CL4,ZoneC,ABCH,CAV,1457.13,1,0,0,0,2,2,3,11282,97,868
869,Tokyo,Office,CL2,ZoneC,EHP,MUL,225.22,1,0,0,0,1,2,2,1142,130,869
870,Tokyo,Retail,HousingClothingSuper,ZoneC,EHP,MUL,181.24,1,0,0,0,2,2,3,30970,324,870
871,Tokyo,Retail,SpecialityShop,ZoneC,EHP,MUL,196.38,0,0,0,0,1,1,2,25847,388,871
872,Tokyo,Office,CL1,ZoneC,EHP,MUL,145.83,1,0,0,0,1,1,2,2531,237,872
873,Tokyo,Retail,SpecialityShop,ZoneC,EHP,MUL,139.32,1,0,0,0,1,2,2,29456,100,873
874,Tokyo,Office,CL1,ZoneC,EHP,MUL,46.06,1,0,0,0,2,1,3,5436,266,874
875,Tokyo,Retail,HousingClothingSuper,ZoneC,EHP,MUL,503.04,0,0,0,0,2,2,2,29165,350,875
876,Tokyo,Retail,SpecialityShop,ZoneC,GHP,MUL,114.52,0,0,0,0,1,1,3,27657,313,876
877,Tokyo,Office,CL2,ZoneC,EHP,MUL,405.72,1,0,0,0,1,1,3,561,367,877
878,Tokyo,Office,CL1,ZoneC,EHP,MUL,153.4,1,0,0,0,2,1,3,5436,266,878
879,Tokyo,Retail,HousingClothingSuper,ZoneC,AHP+TESICE,CAV,375.84,1,0,0,0,1,1,3,27420,178,879
880,Tokyo,Restaurant,UrbanYakiniku,ZoneC,EHP,MUL,165.46,1,0,0,0,1,1,2,334,0,880
881,Tokyo,Retail,SpecialityShop,ZoneC,EHP,MUL,157.12,1,0,0,0,1,2,2,29456,100,881
882,Tokyo,Retail,HousingClothingSuper,ZoneC,EHP,MUL,163.64,0,0,0,0,1,1,2,25553,138,882
883,Tokyo,Office,CL2,ZoneC,EHP,MUL,337.76,0,0,0,0,2,2,2,1152,166,883
884,Tokyo,Office,CL1,ZoneC,EHP,MUL,119.93,1,0,0,0,1,1,3,5435,174,884
885,Tokyo,Retail,HousingClothingSuper,ZoneC,ABCH,VAV,304.72,1,0,0,0,1,2,3,30986,121,885
886,Tokyo,Hospital,CL3,ZoneC,EHP,MUL,840.44,1,0,0,0,1,2,2,22198,213,886
887,Tokyo,Retail,HousingClothingSuper,ZoneC,EHP,MUL,4422.18,1,0,0,0,1,2,2,29162,66,887
888,Tokyo,Retail,HousingClothingSuper,ZoneC,EHP,MUL,394.38,1,0,0,0,2,2,3,30970,324,888
889,Tokyo,Office,CL4,ZoneC,EHP,MUL,1203.72,1,0,0,0,2,1,3,648,306,889
890,Tokyo,Restaurant,UrbanCafe,ZoneC,EHP,MUL,115.48,0,0,0,0,1,2,2,503,0,890
891,Tokyo,Office,CL1,ZoneC,EHP,MUL,68.03,1,0,0,0,2,1,3,5436,266,891
892,Tokyo,Office,CL1,ZoneC,EHP,MUL,162.76,1,0,0,0,1,2,2,8327,160,892
893,Tokyo,Office,CL1,ZoneC,EHP,MUL,65.26,1,0,0,0,1,2,3,11232,141,893
894,Tokyo,Office,CL5,ZoneC,EHP,MUL,2858.12,0,0,0,0,1,2,2,1231,388,894
895,Tokyo,Office,CL3,ZoneC,EHP,MUL,545.04,1,0,0,0,1,2,2,1172,54,895
896,Tokyo,Retail,HousingClothingSuper,ZoneC,ABCH,OHUFCU,270.62,1,0,0,0,1,2,2,29190,313,896
897,Tokyo,Office,CL1,ZoneC,EHP,MUL,106.06,1,0,0,0,1,1,3,5435,174,897
898,Tokyo,Restaurant,UrbanRestaurant,ZoneC,EHP,MUL,90.26,1,0,0,0,1,1,2,214,0,898
899,Tokyo,Retail,HousingClothingSuper,ZoneC,EHP,MUL,2912.42,0,0,0,0,2,1,3,27361,233,899
900,Tokyo,Office,CL1,ZoneC,EHP,MUL,152.44,1,0,0,0,1,1,3,5435,174,900
901,Tokyo,Office,CL1,ZoneC,EHP,MUL,154.54,1,0,0,0,2,2,2,8328,154,901
902,Tokyo,Office,CL3,ZoneC,EHP,MUL,986.04,1,0,1,0,1,1,3,5450,316,902
903,Tokyo,Restaurant,UrbanRestaurant,ZoneC,EHP,MUL,538.74,1,0,0,0,1,2,3,1264,0,903
904,Tokyo,Office,CL2,ZoneC,EHP,MUL,248.37,1,0,0,0,1,2,3,1638,336,904
905,Tokyo,Office,CL1,ZoneC,EHP,MUL,113.58,1,0,0,0,2,2,2,8328,154,905
906,Tokyo,Hospital,CL3,ZoneC,EHP,MUL,647.1,1,0,0,0,1,2,3,23837,383,906
907,Tokyo,Office,CL1,ZoneC,EHP,MUL,56,1,0,0,0,1,1,3,5435,174,907
908,Tokyo,Amusement,Fitness,ZoneC,EHP,MUL,1509,1,1,0,0,1,1,2,413,0,908
909,Tokyo,Office,CL1,ZoneC,EHP,MUL,161.71,1,0,0,0,1,1,3,5435,174,909
910,Tokyo,Retail,HousingClothingSuper,ZoneC,EHP,MUL,240.5,0,0,0,0,2,2,2,29165,350,910
911,Tokyo,Retail,SpecialityShop,ZoneC,EHP,MUL,110.52,1,0,0,0,1,2,2,29456,100,911
912,Tokyo,Office,CL4,ZoneC,ABCH,OHUFCU,1429.6,0,0,0,0,1,1,3,5489,368,912
913,Tokyo,Office,CL1,ZoneC,EHP,MUL,103.91,1,0,0,0,1,1,2,2531,237,913
914,Tokyo,Restaurant,UrbanRestaurant,ZoneC,EHP,MUL,686.3,1,0,0,0,1,2,3,1264,0,914
915,Tokyo,Office,CL3,ZoneC,AHP,CAV,619.56,1,0,0,0,1,2,3,11261,237,915
916,Tokyo,Office,CL5,ZoneC,EHP,MUL,2377.1,0,0,0,0,1,1,3,657,113,916
917,Tokyo,Retail,HousingClothingSuper,ZoneC,EHP,MUL,198.6,0,0,0,0,1,2,3,30965,99,917
918,Tokyo,Retail,HousingClothingSuper,ZoneC,GHP,MUL,968.36,0,0,0,0,1,2,3,30973,256,918
919,Tokyo,Office,CL2,ZoneC,EHP,MUL,274.58,1,0,0,0,2,1,2,69,302,919
920,Tokyo,Office,CL3,ZoneC,EHP,MUL,907.22,0,0,0,0,1,2,3,1657,355,920
921,Tokyo,Office,CL3,ZoneC,EHP,MUL,615.06,1,0,0,0,2,2,2,1185,218,921
922,Tokyo,Office,CL1,ZoneC,EHP,MUL,123.98,1,0,0,0,1,1,3,5435,174,922
923,Tokyo,Office,CL1,ZoneC,EHP,MUL,128.62,1,0,0,0,1,1,2,2531,237,923
924,Tokyo,Hospital,CL3,ZoneC,EHP,MUL,667.88,0,0,0,0,1,2,3,23836,308,924
925,Tokyo,Restaurant,UrbanChineseRestaurant,ZoneC,EHP,MUL,208.76,0,0,0,0,1,1,3,973,0,925
926,Tokyo,Retail,HousingClothingSuper,ZoneC,EHP,MUL,404.02,1,0,0,0,2,2,3,30970,324,926
927,Tokyo,Office,CL2,ZoneC,EHP,MUL,415.2,0,0,0,0,1,1,2,54,145,927
928,Tokyo,Office,CL1,ZoneC,EHP,MUL,66.31,1,0,0,0,1,1,2,2531,237,928
929,Tokyo,Amusement,Fitness,ZoneC,EHP,MUL,9682.52,1,1,0,0,1,1,3,1113,0,929
930,Tokyo,Retail,HousingClothingSuper,ZoneC,COM,CAV,96.18,1,0,0,0,2,2,3,31025,115,930
931,Tokyo,Retail,HousingClothingSuper,ZoneC,ABCH,VAV,1479.98,1,0,0,0,2,2,2,29184,292,931
932,Tokyo,Office,CL1,ZoneC,EHP,MUL,86.13,1,0,0,0,2,1,2,2532,147,932
933,Tokyo,Retail,HousingClothingSuper,ZoneC,EHP,MUL,230.58,1,0,1,0,1,2,2,29163,366,933
934,Tokyo,Retail,ConvenienceStore,ZoneC,EHP,MUL,299.08,0,0,0,0,1,2,2,29103,155,934
935,Tokyo,Retail,SpecialityShop,ZoneC,EHP,MUL,50.4,1,0,0,0,2,2,2,29459,308,935
936,Tokyo,Office,CL1,ZoneC,EHP,MUL,68.67,1,0,0,0,1,2,3,11232,141,936
937,Tokyo,Retail,SuperDrugStore,ZoneC,EHP,MUL,1736.96,1,0,0,0,2,1,3,27664,306,937
938,Tokyo,Retail,ConvenienceDrug,ZoneC,EHP,MUL,279.68,0,0,0,0,1,2,2,29093,362,938
939,Tokyo,Retail,HousingClothingSuper,ZoneC,EHP,MUL,165.2,0,0,0,0,2,2,3,30969,223,939
940,Tokyo,Office,CL2,ZoneC,EHP,MUL,10706.91,0,0,0,0,1,1,2,52,18,940
941,Tokyo,Retail,HousingClothingSuper,ZoneC,EHP,MUL,163.58,0,0,0,0,1,2,3,30965,99,941
942,Tokyo,Hospital,CL2,ZoneC,EHP,MUL,291.59,0,0,0,0,1,2,3,23829,234,942
943,Tokyo,Office,CL2,ZoneC,EHP,MUL,412.5,1,0,0,0,1,2,2,1146,36,943
944,Tokyo,Office,CL2,ZoneC,EHP,MUL,10436.25,0,0,0,0,1,1,2,52,18,944
945,Tokyo,Retail,SpecialityShop,ZoneC,EHP,MUL,118.28,1,0,0,0,1,1,3,27652,85,945
946,Tokyo,Retail,ConvenienceDrug,ZoneC,EHP,MUL,439.76,1,0,0,0,1,2,3,30898,278,946
947,Tokyo,Restaurant,UrbanRestaurant,ZoneC,EHP,MUL,315.14,1,0,0,0,1,1,2,214,0,947
948,Tokyo,Office,CL2,ZoneC,EHP,MUL,222.6,0,0,0,0,1,2,3,1631,187,948
949,Tokyo,Office,CL1,ZoneC,EHP,MUL,119.08,1,0,0,0,2,1,2,2532,147,949
950,Tokyo,Office,CL1,ZoneC,EHP,MUL,110.88,1,0,0,0,1,1,3,5435,174,950
951,Tokyo,Retail,HousingClothingSuper,ZoneC,EHP,MUL,367.44,0,0,0,0,1,2,2,29161,306,951
952,Tokyo,Office,CL1,ZoneC,GHP,MUL,173.7,1,0,0,0,1,1,3,5437,24,952
953,Tokyo,Office,CL1,ZoneC,EHP,MUL,74.67,1,0,0,0,1,1,3,5435,174,953
954,Tokyo,Retail,ConvenienceStore,ZoneC,EHP,MUL,336.08,0,0,0,0,1,2,2,29103,155,954
955,Tokyo,Hospital,CL3,ZoneC,GHP,MUL,542.31,0,0,0,0,1,2,3,23842,363,955
956,Tokyo,Office,CL1,ZoneC,EHP,MUL,108.67,1,0,0,0,1,1,3,5435,174,956
957,Tokyo,Office,CL2,ZoneC,EHP,MUL,389.08,0,0,0,0,2,1,2,67,208,957
958,Tokyo,Office,CL1,ZoneC,EHP,MUL,103.29,1,0,0,0,1,2,3,11232,141,958
959,Tokyo,Office,CL2,ZoneC,EHP,MUL,232.47,1,0,0,0,1,1,2,62,352,959
960,Tokyo,Retail,ConvenienceDrug,ZoneC,EHP,MUL,197.94,0,0,0,0,2,2,2,29096,251,960
961,Tokyo,Office,CL2,ZoneC,EHP,MUL,210.09,1,0,0,0,1,2,3,1633,317,961
962,Tokyo,Office,CL1,ZoneC,GHP,MUL,64.52,1,0,0,0,1,2,2,8329,4,962
963,Tokyo,Retail,HousingClothingSuper,ZoneC,COM,CAV,909.58,0,0,0,0,1,2,3,31021,123,963
964,Tokyo,Restaurant,UrbanChineseRestaurant,ZoneC,EHP,MUL,341.16,1,0,0,0,1,2,3,1324,0,964
965,Tokyo,Office,CL2,ZoneC,EHP,MUL,202.75,1,0,0,0,1,1,3,555,135,965
966,Tokyo,Restaurant,UrbanRestaurant,ZoneC,EHP,MUL,438.4,0,0,0,0,1,1,3,913,0,966
967,Tokyo,Restaurant,UrbanRestaurant,ZoneC,EHP,MUL,514.28,1,0,0,0,1,2,2,564,0,967
968,Tokyo,Retail,HousingClothingSuper,ZoneC,AHP,OHUFCU,191.92,0,0,0,0,2,1,2,25606,183,968
969,Tokyo,Office,CL1,ZoneC,EHP,MUL,152.83,1,0,0,0,1,1,3,5435,174,969
970,Tokyo,Restaurant,UrbanCafe,ZoneC,EHP,MUL,60.28,0,0,0,0,1,2,3,1203,0,970
971,Tokyo,Restaurant,UrbanRestaurant,ZoneC,EHP,MUL,73.78,1,0,0,0,1,1,2,214,0,971
972,Tokyo,Office,CL1,ZoneC,GHP,MUL,77.86,1,0,0,0,1,1,3,5437,24,972
973,Tokyo,Restaurant,UrbanRestaurant,ZoneC,EHP,MUL,450.26,1,0,0,0,1,1,3,914,0,973
974,Tokyo,Retail,HousingClothingSuper,ZoneC,COM,CAV,462.26,1,0,0,0,1,2,3,31022,92,974
975,Tokyo,Hospital,CL5,ZoneC,EHP,MUL,3391.2,1,0,1,0,2,2,2,22239,264,975
976,Tokyo,Office,CL2,ZoneC,EHP,MUL,302.08,0,0,0,0,1,2,3,1629,21,976
977,Tokyo,Office,CL2,ZoneC,GHP,MUL,283,0,0,0,0,1,2,3,11240,227,977
978,Tokyo,Retail,SpecialityShop,ZoneC,EHP,MUL,378.72,1,0,0,0,2,1,3,27655,54,978
979,Tokyo,Retail,HousingClothingSuper,ZoneC,EHP,MUL,1442.92,1,0,0,0,1,1,3,27358,238,979
980,Tokyo,Office,CL2,ZoneC,EHP,MUL,212.75,1,0,0,0,2,2,3,1648,214,980
981,Tokyo,Retail,HousingClothingSuper,ZoneC,EHP,MUL,327.42,1,0,0,0,1,2,2,29162,66,981
982,Tokyo,Office,CL3,ZoneC,GHP,MUL,632.8,1,0,0,0,1,1,3,612,246,982
983,Tokyo,Retail,SpecialityShop,ZoneC,GHP,MUL,109.64,0,0,0,0,1,2,2,29461,26,983
984,Tokyo,Office,CL2,ZoneC,EHP,MUL,2290.28,0,0,0,0,1,1,2,52,18,984
985,Tokyo,Retail,HousingClothingSuper,ZoneC,GHP,MUL,454.86,0,0,0,0,2,2,3,30976,156,985
986,Tokyo,Retail,HousingClothingSuper,ZoneC,AHP,FCU,1129.1,1,0,0,0,1,2,3,31012,237,986
987,Tokyo,Retail,SpecialityShop,ZoneC,EHP,MUL,158.74,0,0,0,0,1,2,2,29455,329,987
988,Tokyo,Office,CL4,ZoneC,EHP,MUL,1357.16,1,0,0,0,1,1,2,117,281,988
989,Tokyo,Retail,SpecialityShop,ZoneC,EHP,MUL,5865.5,0,0,0,0,1,1,2,25847,388,989
990,Tokyo,Retail,HousingClothingSuper,ZoneC,GHP,MUL,1737.12,0,0,0,0,2,2,3,30976,156,990
991,Tokyo,Retail,SuperDrugStore,ZoneC,GHP,MUL,2189.86,0,0,0,0,2,2,2,29470,12,991
992,Tokyo,Office,CL2,ZoneC,EHP,MUL,19009.41,0,0,0,0,1,1,2,52,18,992
993,Tokyo,Office,CL5,ZoneC,EHP,MUL,2038.3,1,0,0,0,1,2,3,1749,49,993
994,Tokyo,Office,CL2,ZoneC,EHP,MUL,7629.25,0,0,0,0,1,1,2,52,18,994
995,Tokyo,Office,CL1,ZoneC,EHP,MUL,195.69,1,0,0,0,1,1,3,5435,174,995
996,Tokyo,Retail,SpecialityShop,ZoneC,EHP,MUL,234.4,0,0,0,0,2,2,3,31262,351,996
997,Tokyo,Retail,SpecialityShop,ZoneC,GHP,MUL,119.98,0,0,0,0,1,2,3,31265,46,997
998,Tokyo,Retail,SpecialityShop,ZoneC,EHP,MUL,837.44,0,0,0,0,1,2,2,29455,329,998
999,Tokyo,Office,CL1,ZoneC,EHP,MUL,101.44,1,0,0,0,2,1,2,2532,147,999
1000,Tokyo,Office,CL2,ZoneC,EHP,MUL,294.84,1,0,0,0,2,1,3,568,374,1000
1001,Tokyo,Retail,SpecialityShop,ZoneC,GHP,MUL,117.2,0,0,0,0,1,2,2,29461,26,1001
1002,Tokyo,Office,CL2,ZoneC,EHP,MUL,468.96,1,0,0,0,1,2,3,1643,167,1002
1003,Tokyo,Retail,SpecialityShop,ZoneC,EHP,MUL,385.14,0,0,0,0,2,2,3,31262,351,1003
1004,Tokyo,Office,CL1,ZoneC,GHP,MUL,191.56,1,0,0,0,1,2,2,8329,4,1004
1005,Tokyo,Retail,ConvenienceStore,ZoneC,EHP,MUL,340.7,1,0,0,0,1,2,2,29104,137,1005
1006,Tokyo,Retail,SpecialityShop,ZoneC,EHP,MUL,28.9,0,0,0,0,1,2,2,29455,329,1006
1007,Tokyo,Retail,HousingClothingSuper,ZoneC,ABCH,CAV,648.6,0,0,0,0,2,2,2,29178,239,1007
1008,Tokyo,Office,CL4,ZoneC,EHP,MUL,1099.58,1,0,0,0,1,1,3,624,12,1008
1009,Tokyo,Office,CL1,ZoneC,EHP,MUL,30.36,1,0,0,0,1,1,3,5435,174,1009
1010,Tokyo,Retail,HousingClothingSuper,ZoneC,EHP,MUL,304.72,0,0,0,0,2,2,3,30969,223,1010
1011,Tokyo,Office,CL1,ZoneC,EHP,MUL,156.71,1,0,0,0,1,2,2,8327,160,1011
1012,Tokyo,Office,CL1,ZoneC,GHP,MUL,151.16,1,0,0,0,1,2,3,11234,375,1012
1013,Tokyo,Office,CL2,ZoneC,EHP,MUL,211.4,1,0,0,0,2,2,3,1650,241,1013
1014,Tokyo,Office,CL2,ZoneC,GHP,MUL,251.02,0,0,0,0,1,1,2,2539,78,1014
1015,Tokyo,Office,CL1,ZoneC,GHP,MUL,163.8,1,0,0,0,1,2,2,8329,4,1015
1016,Tokyo,Office,CL4,ZoneC,EHP,MUL,1325.38,0,0,0,0,1,2,2,1193,49,1016
1017,Tokyo,Office,CL2,ZoneC,EHP,MUL,321.29,1,0,0,0,2,1,3,571,161,1017
1018,Tokyo,Office,CL1,ZoneC,EHP,MUL,122.59,1,0,0,0,1,2,3,11232,141,1018
1019,Tokyo,Hospital,CL2,ZoneC,EHP,MUL,262.04,0,0,0,0,2,2,2,22192,153,1019
1020,Tokyo,Office,CL1,ZoneC,EHP,MUL,178.18,1,0,0,0,1,2,3,11232,141,1020
1021,Tokyo,Office,CL1,ZoneC,EHP,MUL,180.26,1,0,0,0,2,2,3,11233,118,1021
1022,Tokyo,Retail,HousingClothingSuper,ZoneC,AHP,VAV,363.68,1,0,0,0,1,1,2,25594,19,1022
1023,Tokyo,Office,CL4,ZoneC,EHP,MUL,1708.66,1,0,0,1,1,1,2,2567,378,1023
1024,Tokyo,Office,CL5,ZoneC,COM,CAV,2121.38,1,0,0,0,2,2,2,8487,103,1024
1025,Tokyo,Office,CL1,ZoneC,EHP,MUL,141.05,1,0,0,0,1,1,3,5435,174,1025
1026,Tokyo,Office,CL1,ZoneC,EHP,MUL,175.98,1,0,0,0,1,2,2,8327,160,1026
1027,Tokyo,Hospital,CL3,ZoneC,EHP,MUL,521.44,1,0,0,0,1,1,2,18916,25,1027
1028,Tokyo,Office,CL1,ZoneC,EHP,MUL,166.9,1,0,0,0,2,2,3,11233,118,1028
1029,Tokyo,Office,CL2,ZoneC,EHP,MUL,401.26,0,0,0,0,1,2,2,1139,140,1029
1030,Tokyo,Restaurant,UrbanBar,ZoneC,EHP,MUL,162.02,1,0,0,0,1,1,2,94,0,1030
1031,Tokyo,Restaurant,UrbanRestaurant,ZoneC,EHP,MUL,284.88,1,0,0,0,1,1,2,214,0,1031
1032,Tokyo,Office,CL3,ZoneC,EHP,MUL,673.38,1,0,0,0,1,1,3,588,205,1032
1033,Tokyo,Retail,SpecialityShop,ZoneC,EHP,MUL,142.52,0,0,0,0,1,2,2,29455,329,1033
1034,Tokyo,Office,CL1,ZoneC,EHP,MUL,168.13,1,0,0,0,1,1,3,5435,174,1034
1035,Tokyo,Retail,SpecialityShop,ZoneC,EHP,MUL,127.44,0,0,0,0,1,2,2,29455,329,1035
1036,Tokyo,Office,CL1,ZoneC,EHP,MUL,191.42,1,0,0,0,2,2,3,11233,118,1036
1037,Tokyo,Office,CL1,ZoneC,EHP,MUL,178.22,1,0,0,0,2,1,3,5436,266,1037
1038,Tokyo,Retail,SpecialityShop,ZoneC,GHP,MUL,173.28,0,0,0,0,1,2,3,31265,46,1038
1039,Tokyo,Office,CL1,ZoneC,EHP,MUL,105.29,1,0,0,0,1,2,2,8327,160,1039
1040,Tokyo,Office,CL2,ZoneC,GHP,MUL,292.07,1,0,0,0,1,2,3,1654,174,1040
1041,Tokyo,Office,CL1,ZoneC,EHP,MUL,146.92,1,0,0,0,1,1,3,5435,174,1041
1042,Tokyo,Office,CL1,ZoneC,EHP,MUL,81.38,1,0,0,0,2,1,2,2532,147,1042
1043,Tokyo,Office,CL1,ZoneC,EHP,MUL,135.68,1,0,0,0,1,1,2,2531,237,1043
1044,Tokyo,Office,CL1,ZoneC,EHP,MUL,111.82,1,0,0,0,2,1,3,5436,266,1044
1045,Tokyo,Office,CL2,ZoneC,EHP,MUL,338.74,1,0,0,0,2,2,2,1157,135,1045
1046,Tokyo,Office,CL1,ZoneC,EHP,MUL,145.21,1,0,0,0,2,2,2,8328,154,1046
1047,Tokyo,Office,CL1,ZoneC,GHP,MUL,129.98,1,0,0,0,1,2,3,11234,375,1047
1048,Tokyo,Office,CL2,ZoneC,AHP,CAV,203.14,1,0,0,0,2,1,3,5448,195,1048
1049,Tokyo,Office,CL3,ZoneC,GHP,MUL,646.48,1,0,0,0,2,2,2,8350,142,1049
1050,Tokyo,Office,CL1,ZoneC,EHP,MUL,161.8,1,0,0,0,2,2,3,11233,118,1050
1051,Tokyo,Retail,HousingClothingSuper,ZoneC,AHP,FCU,439.6,0,0,0,0,2,1,2,25601,399,1051
1052,Tokyo,Office,CL1,ZoneC,EHP,MUL,72.84,1,0,0,0,1,1,2,2531,237,1052
1053,Tokyo,Retail,ConvenienceStore,ZoneC,EHP,MUL,451,1,0,0,0,2,2,3,30910,213,1053
1054,Tokyo,Office,CL1,ZoneC,GHP,MUL,120.03,1,0,0,0,1,2,3,11234,375,1054
1055,Tokyo,Office,CL1,ZoneC,EHP,MUL,130.48,1,0,0,0,1,1,3,5435,174,1055
1056,Tokyo,Retail,HousingClothingSuper,ZoneC,EHP,MUL,614.64,0,0,0,0,1,2,2,29161,306,1056
1057,Tokyo,Hospital,CL1,ZoneC,EHP,MUL,129.67,0,0,0,0,1,1,2,18906,49,1057
1058,Tokyo,Office,CL2,ZoneC,EHP,MUL,243.14,1,0,0,0,2,1,2,69,302,1058
1059,Tokyo,Office,CL1,ZoneC,EHP,MUL,175.9,1,0,0,0,2,2,2,8328,154,1059
1060,Tokyo,Office,CL4,ZoneC,EHP,MUL,1427.2,1,0,0,0,1,1,3,638,367,1060
1061,Tokyo,School,ElementarySchool,ZoneC,EHP,MUL,2155.92,1,0,0,0,2,2,3,34684,100,1061
1062,Tokyo,Retail,HousingClothingSuper,ZoneC,EHP,MUL,359.78,0,0,0,0,1,1,2,25553,138,1062
1063,Tokyo,Office,CL1,ZoneC,EHP,MUL,191.25,1,0,0,0,1,1,3,5435,174,1063
1064,Tokyo,Office,CL1,ZoneC,GHP,MUL,198.54,1,0,0,0,1,1,2,2533,207,1064
1065,Tokyo,Retail,SpecialityShop,ZoneC,EHP,MUL,143.74,0,0,0,0,1,1,2,25847,388,1065
1066,Tokyo,Office,CL1,ZoneC,GHP,MUL,126.34,1,0,0,0,1,1,3,5437,24,1066
1067,Tokyo,Office,CL1,ZoneC,EHP,MUL,128.3,1,0,0,0,1,2,2,8327,160,1067
1068,Tokyo,Retail,HousingClothingSuper,ZoneC,EHP,MUL,167.38,1,0,0,0,2,2,3,30970,324,1068
1069,Tokyo,Retail,HousingClothingSuper,ZoneC,EHP,MUL,434.72,1,0,0,0,2,2,2,29166,68,1069
1070,Tokyo,Office,CL2,ZoneC,GHP,MUL,281.1,1,0,0,0,1,1,3,574,150,1070
1071,Tokyo,Office,CL2,ZoneC,EHP,MUL,473.46,1,0,0,0,1,1,2,66,84,1071
1072,Tokyo,Office,CL1,ZoneC,EHP,MUL,151.48,1,0,0,0,2,2,2,8328,154,1072
1073,Tokyo,Office,CL1,ZoneC,EHP,MUL,62.42,1,0,0,0,1,2,2,8327,160,1073
1074,Tokyo,Retail,ConvenienceDrug,ZoneC,EHP,MUL,267.16,0,0,0,0,1,1,3,27289,85,1074
1075,Tokyo,Hospital,CL2,ZoneC,EHP,MUL,319.92,1,0,0,0,2,2,3,23832,348,1075
1076,Tokyo,Office,CL1,ZoneC,EHP,MUL,93.81,1,0,0,0,2,1,2,2532,147,1076
1077,Tokyo,Office,CL2,ZoneC,EHP,MUL,219.86,0,0,0,0,1,2,2,1139,140,1077
1078,Tokyo,Office,CL1,ZoneC,EHP,MUL,79.29,1,0,0,0,1,1,3,5435,174,1078
1079,Tokyo,Office,CL1,ZoneC,EHP,MUL,92.69,1,0,0,0,2,1,3,5436,266,1079
1080,Tokyo,Office,CL2,ZoneC,EHP,MUL,233.68,1,0,0,0,2,2,2,1156,20,1080
1081,Tokyo,Retail,HousingClothingSuper,ZoneC,GHP,MUL,281.5,0,0,0,0,2,1,3,27368,378,1081
