"","Area","Building","Cluster","Zoning","Plant","TFA","Schedule_Sampling","NoBuilding","RegionBuilding"
"1","Sapporo","Office","CL4","ZoneC","DecEle","  265.34",222,154,"1"
"2","Sendai","Office","CL2","ZoneC","DecEle","  289.46",66,168,"2"
"3","Tokyo","Office","CL5","ZoneC","DecGas"," 4170.94",367,51,"3"
"4","Tokyo","Office","CL3","ZoneC","DecEle","  117.84",90,21,"4"
"5","Sendai","Office","CL2","ZoneC","DecEle","  523.74",341,168,"5"
"6","Fukuoka","Office","CL3","ZoneC","DecEle"," 1506.52",259,126,"6"
"8","Tokyo","Office","CL3","ZoneC","DecGas","  222.71",11,262,"8"
"9","Tokyo","Office","CL3","ZoneC","DecEle","  175.23",266,23,"9"
"10","Tokyo","Office","CL2","ZoneC","DecEle","  523.06",241,209,"10"
"11","Tokyo","Office","CL3","ZoneC","DecEle","  104.71",175,21,"11"
"12","Tokyo","Office","CL3","ZoneC","DecEle","   79.24",258,21,"12"
"13","Tokyo","Office","CL5","ZoneC","CenEle"," 1084.74",74,331,"13"
"14","Tokyo","Office","CL3","ZoneC","DecEle"," 3138.63",277,250,"14"
"15","Tokyo","Office","CL3","ZoneC","DecEle","  153.16",201,22,"15"
"16","Fukuoka","Office","CL2","ZoneC","DecEle"," 4255.78",126,123,"16"
"18","Tokyo","Office","CL3","ZoneC","DecEle","   99.82",62,21,"18"
"19","Tokyo","Office","CL4","ZoneC","DecEle","  257.98",146,286,"19"
"20","Tokyo","Office","CL3","ZoneC","DecEle","   74.50",133,22,"20"
"21","Tokyo","Office","CL5","ZoneC","DecEle"," 2974.00",69,321,"21"
"22","Tokyo","Office","CL3","ZoneC","DecEle","  104.90",10,21,"22"
"23","Osaka","Office","CL5","ZoneC","DecEle"," 8794.41",184,113,"23"
"24","Tokyo","Office","CL3","ZoneC","DecEle","   28.26",275,21,"24"
"26","Tokyo","Office","CL4","ZoneC","DecEle","  483.85",203,287,"26"
"27","Osaka","Office","CL2","ZoneC","DecGas","  403.72",221,96,"27"
"28","Tokyo","Office","CL2","ZoneC","DecEle","  281.90",169,216,"28"
"29","Sendai","Office","CL4","ZoneC","DecEle","  213.88",262,189,"29"
"30","Sapporo","Office","CL4","ZoneC","DecEle","  149.46",112,155,"30"
"31","Tokyo","Office","CL3","ZoneC","CenOil","  232.88",107,242,"31"
"32","Tokyo","Office","CL4","ZoneC","DecEle"," 1021.54",80,34,"32"
"33","Sendai","Office","CL3","ZoneC","DecEle","   58.50",119,187,"33"
"34","Fukuoka","Office","CL5","ZoneC","DecEle","  209.28",52,137,"34"
"35","Fukuoka","Office","CL5","ZoneC","DecEle","  513.08",175,138,"35"
"36","Sendai","Office","CL3","ZoneC","DecEle","  282.92",242,177,"36"
"37","Tokyo","Office","CL3","ZoneC","DecEle","   72.40",281,21,"37"
"38","Sendai","Office","CL3","ZoneC","DecEle"," 1344.08",314,180,"38"
"39","Sapporo","Office","CL3","ZoneC","DecGas","  425.98",79,152,"39"
"40","Nagoya","Office","CL5","ZoneC","DecGas"," 6071.97",131,91,"40"
"41","Tokyo","Office","CL3","ZoneC","DecEle","   69.25",154,23,"41"
"42","Sapporo","Office","CL2","ZoneC","DecEle","  256.14",236,145,"42"
"44","Tokyo","Office","CL5","ZoneC","DecGas","  227.24",294,361,"44"
"45","Tokyo","Office","CL3","ZoneC","DecEle","  145.63",234,22,"45"
"46","Sapporo","Office","CL4","ZoneC","DecEle","  296.04",186,157,"46"
"47","Tokyo","Office","CL3","ZoneC","DecEle","   68.56",178,22,"47"
"48","Osaka","Office","CL2","ZoneC","DecEle"," 1163.02",320,93,"48"
"49","Osaka","Office","CL2","ZoneC","DecEle","  193.56",264,95,"49"
"50","Tokyo","Office","CL3","ZoneC","DecEle","  112.53",338,22,"50"
"51","Tokyo","Office","CL3","ZoneC","DecEle","   66.42",365,21,"51"
"52","Tokyo","Office","CL3","ZoneC","DecEle","  573.59",111,28,"52"
"53","Nagoya","Office","CL3","ZoneC","DecGas","  641.56",317,78,"53"
"54","Tokyo","Office","CL5","ZoneC","DecEle","   68.00",185,311,"54"
"55","Sapporo","Office","CL3","ZoneC","DecGas","  319.48",202,151,"55"
"56","Sendai","Office","CL4","ZoneC","DecEle","  133.54",59,189,"56"
"57","Sapporo","Office","CL3","ZoneC","DecGas","  214.91",122,152,"57"
"58","Osaka","Office","CL2","ZoneC","DecGas","  232.66",189,96,"58"
"59","Sapporo","Office","CL2","ZoneC","CenOil","  324.66",294,143,"59"
"60","Sapporo","Office","CL4","ZoneC","DecGas","  210.96",181,158,"60"
"61","Nagoya","Office","CL4","ZoneC","CenOil","  968.37",288,84,"61"
"62","Tokyo","Office","CL3","ZoneC","DecEle","  137.09",372,21,"62"
"63","Tokyo","Office","CL3","ZoneC","DecEle","   94.78",9,22,"63"
"64","Tokyo","Office","CL3","ZoneC","DecEle","  381.32",318,258,"64"
"65","Fukuoka","Office","CL2","ZoneC","DecEle","   71.27",344,121,"65"
"66","Tokyo","Office","CL3","ZoneC","DecEle","  234.63",198,257,"66"
"67","Tokyo","Office","CL3","ZoneC","DecEle","  191.08",278,22,"67"
"68","Tokyo","Office","CL3","ZoneC","DecEle","  109.23",305,21,"68"
"69","Tokyo","Office","CL5","ZoneC","DecEle","  174.02",262,311,"69"
"70","Tokyo","Office","CL3","ZoneC","DecEle","  102.70",265,22,"70"
"71","Sapporo","Office","CL4","ZoneC","DecEle","  229.16",251,155,"71"
"72","Osaka","Office","CL3","ZoneC","DecEle","  637.78",322,102,"72"
"73","Tokyo","Office","CL3","ZoneC","DecEle","  112.20",151,21,"73"
"74","Tokyo","Office","CL2","ZoneC","DecEle","  101.46",62,206,"74"
"75","Tokyo","Office","CL2","ZoneC","DecEle"," 1301.24",170,212,"75"
"76","Tokyo","Office","CL5","ZoneC","DecEle","  104.92",217,312,"76"
"77","Tokyo","Office","CL5","ZoneC","DecGas"," 2420.16",285,353,"77"
"78","Fukuoka","Office","CL4","ZoneC","DecEle","  308.86",400,131,"78"
"79","Tokyo","Office","CL3","ZoneC","DecEle","  146.28",29,22,"79"
"80","Tokyo","Office","CL3","ZoneC","DecEle","  188.66",4,22,"80"
"81","Tokyo","Office","CL3","ZoneC","DecEle","  191.36",223,23,"81"
"82","Tokyo","Office","CL3","ZoneC","DecEle","  195.27",259,22,"82"
"83","Sapporo","Office","CL3","ZoneC","DecGas","  652.62",310,151,"83"
"84","Tokyo","Office","CL3","ZoneC","DecEle","  106.24",385,22,"84"
"85","Tokyo","Office","CL3","ZoneC","DecEle","  109.98",110,21,"85"
"86","Tokyo","Office","CL5","ZoneC","DecEle"," 2058.86",163,351,"86"
"87","Osaka","Office","CL3","ZoneC","DecEle","  203.60",386,98,"87"
"89","Tokyo","Office","CL3","ZoneC","DecEle","  173.98",114,21,"89"
"90","Sapporo","Office","CL3","ZoneC","DecEle","  214.48",100,148,"90"
"91","Sapporo","Office","CL2","ZoneC","DecEle","  241.20",119,141,"91"
"92","Nagoya","Office","CL2","ZoneC","DecEle"," 1534.06",330,74,"92"
"93","Tokyo","Office","CL4","ZoneC","DecEle","  224.98",38,290,"93"
"94","Nagoya","Office","CL3","ZoneC","DecEle","  709.76",396,82,"94"
"95","Tokyo","Office","CL3","ZoneC","DecEle","  171.56",119,22,"95"
"96","Tokyo","Office","CL5","ZoneC","DecEle","  139.31",86,311,"96"
"97","Tokyo","Office","CL3","ZoneC","DecGas","  220.11",24,262,"97"
"98","Tokyo","Office","CL4","ZoneC","DecEle","  246.45",57,287,"98"
"99","Sendai","Office","CL2","ZoneC","DecEle","16831.68",397,1,"ÅiäîÅjîMìcñqèÍ"
"100","Tokyo","Office","CL5","ZoneC","DecEle","  196.10",35,45,"100"
"101","Tokyo","Office","CL3","ZoneC","DecEle","  113.52",78,21,"101"
"102","Tokyo","Office","CL5","ZoneC","DecEle","  512.77",273,59,"102"
"103","Tokyo","Office","CL6","ZoneC","DecGas","  228.26",321,66,"103"
"104","Sapporo","Office","CL2","ZoneC","DecEle","  304.04",9,145,"104"
"105","Sendai","Office","CL2","ZoneC","DecEle"," 6159.58",206,1,"ÇÃÇ≥Ç©ÉAÉäÅ[Éi"
"106","Osaka","Office","CL2","ZoneC","DecEle","  161.40",48,94,"106"
"107","Tokyo","Office","CL4","ZoneC","DecEle","  340.91",51,267,"107"
"108","Tokyo","Office","CL6","ZoneC","CenEle"," 2760.72",227,363,"108"
"109","Tokyo","Office","CL2","ZoneC","DecEle","  358.70",252,207,"109"
"110","Sendai","Office","CL5","ZoneC","DecEle"," 2633.44",234,196,"110"
"111","Osaka","Office","CL3","ZoneC","DecEle","  266.94",367,101,"111"
"113","Sapporo","Office","CL3","ZoneC","DecOil"," 2395.84",123,147,"113"
"114","Tokyo","Office","CL4","ZoneC","DecEle","  308.42",64,284,"114"
"115","Tokyo","Office","CL4","ZoneC","DecEle"," 2642.22",398,38,"115"
"116","Sendai","Office","CL2","ZoneC","DecEle"," 3371.83",135,169,"116"
"117","Nagoya","Office","CL5","ZoneC","DecEle"," 1266.23",284,89,"117"
"118","Tokyo","Office","CL4","ZoneC","DecEle","  267.37",173,269,"118"
"119","Tokyo","Office","CL4","ZoneC","DecEle"," 1082.50",126,31,"119"
"120","Tokyo","Office","CL3","ZoneC","DecEle"," 5817.57",294,254,"120"
"121","Sendai","Office","CL4","ZoneC","DecEle","  540.90",375,189,"121"
"123","Tokyo","Office","CL2","ZoneC","DecEle","  358.16",243,226,"123"
"124","Tokyo","Office","CL3","ZoneC","CenOil","  147.32",107,24,"124"
"125","Tokyo","Office","CL3","ZoneC","DecEle","  157.93",262,21,"125"
"126","Tokyo","Office","CL4","ZoneC","DecEle","  250.50",102,275,"126"
"127","Fukuoka","Office","CL2","ZoneC","DecEle","  259.72",371,125,"127"
"128","Tokyo","Office","CL3","ZoneC","DecEle","   68.46",174,23,"128"
"129","Tokyo","Office","CL3","ZoneC","DecEle","  157.25",281,23,"129"
"130","Osaka","Office","CL2","ZoneC","DecEle","  269.52",254,97,"130"
"131","Tokyo","Office","CL3","ZoneC","DecEle","   99.57",252,22,"131"
"132","Tokyo","Office","CL5","ZoneC","DecEle","   70.66",85,45,"132"
"133","Tokyo","Office","CL2","ZoneC","DecEle","  345.24",331,221,"133"
"134","Tokyo","Office","CL3","ZoneC","DecGas","  251.71",11,262,"134"
"135","Tokyo","Office","CL3","ZoneC","DecEle","   90.60",125,21,"135"
"136","Fukuoka","Office","CL5","ZoneC","DecEle","  135.42",359,137,"136"
"137","Tokyo","Office","CL3","ZoneC","DecEle","  115.68",98,22,"137"
"138","Tokyo","Office","CL3","ZoneC","DecEle","  140.90",222,22,"138"
"139","Sapporo","Office","CL3","ZoneC","DecEle","  277.26",78,149,"139"
"140","Tokyo","Office","CL3","ZoneC","DecEle","  106.58",324,23,"140"
"141","Tokyo","Office","CL3","ZoneC","CenOil","  220.54",73,239,"141"
"142","Tokyo","Office","CL3","ZoneC","DecEle","   77.77",267,22,"142"
"143","Tokyo","Office","CL4","ZoneC","DecEle","  801.70",78,297,"143"
"144","Tokyo","Office","CL5","ZoneC","DecEle","  291.41",316,316,"144"
"145","Tokyo","Office","CL3","ZoneC","CenOil","  169.72",197,24,"145"
"146","Tokyo","Office","CL3","ZoneC","DecEle","  189.40",288,21,"146"
"147","Tokyo","Office","CL3","ZoneC","DecEle","  162.72",288,22,"147"
"148","Tokyo","Office","CL5","ZoneC","DecEle","  134.82",203,46,"148"
"149","Tokyo","Office","CL4","ZoneC","DecEle","  378.54",197,289,"149"
"150","Tokyo","Office","CL3","ZoneC","DecEle","  117.52",33,23,"150"
"151","Tokyo","Office","CL3","ZoneC","DecEle","  226.48",361,233,"151"
"152","Sapporo","Office","CL2","ZoneC","DecOil"," 2066.04",119,146,"152"
"153","Tokyo","Office","CL3","ZoneC","DecEle","   90.13",36,21,"153"
"154","Tokyo","Office","CL3","ZoneC","DecEle","  312.78",393,244,"154"
"155","Tokyo","Office","CL3","ZoneC","DecEle"," 1444.82",284,236,"155"
"156","Tokyo","Office","CL5","ZoneC","DecEle"," 1131.90",85,42,"156"
"157","Tokyo","Office","CL5","ZoneC","DecGas","  300.22",387,361,"157"
"158","Sapporo","Office","CL3","ZoneC","DecEle","  276.22",216,149,"158"
"159","Tokyo","Office","CL3","ZoneC","DecEle","  161.16",198,22,"159"
"160","Sapporo","Office","CL3","ZoneC","DecGas"," 1625.30",29,152,"160"
"161","Tokyo","Office","CL2","ZoneC","DecEle","  223.71",69,224,"161"
"162","Sapporo","Office","CL4","ZoneC","DecEle","  388.86",339,156,"162"
"163","Tokyo","Office","CL3","ZoneC","DecEle","  174.38",139,21,"163"
"164","Sendai","Office","CL2","ZoneC","DecEle","  170.02",281,169,"164"
"165","Tokyo","Office","CL5","ZoneC","DecEle","  189.88",88,312,"165"
"166","Tokyo","Office","CL3","ZoneC","DecGas","  268.90",173,245,"166"
"167","Tokyo","Office","CL2","ZoneC","DecEle","  282.52",389,216,"167"
"168","Tokyo","Office","CL3","ZoneC","DecEle","  184.75",206,22,"168"
"169","Tokyo","Office","CL3","ZoneC","DecEle","   66.04",17,21,"169"
"170","Tokyo","Office","CL3","ZoneC","DecEle","   38.64",91,22,"170"
"171","Sendai","Office","CL4","ZoneC","DecEle","  169.08",244,194,"171"
"172","Tokyo","Office","CL3","ZoneC","DecEle","   79.61",362,21,"172"
"173","Tokyo","Office","CL3","ZoneC","DecEle","  113.44",222,21,"173"
"174","Tokyo","Office","CL4","ZoneC","DecGas","  299.36",334,266,"174"
"175","Tokyo","Office","CL4","ZoneC","DecEle","  253.71",34,275,"175"
"176","Tokyo","Office","CL3","ZoneC","DecEle","  167.96",99,22,"176"
"177","Tokyo","Office","CL5","ZoneC","DecEle","  153.43",102,312,"177"
"178","Tokyo","Office","CL3","ZoneC","DecEle","  320.14",223,230,"178"
"179","Tokyo","Office","CL3","ZoneC","DecEle","   91.98",398,22,"179"
"181","Tokyo","Office","CL5","ZoneC","DecEle","  144.95",381,44,"181"
"182","Tokyo","Office","CL5","ZoneC","DecEle","  548.64",95,319,"182"
"183","Tokyo","Office","CL5","ZoneC","DecEle","  242.44",237,43,"183"
"184","Tokyo","Office","CL5","ZoneC","DecEle","  110.69",44,44,"184"
"185","Tokyo","Office","CL3","ZoneC","DecEle","  175.90",67,22,"185"
"186","Tokyo","Office","CL4","ZoneC","DecEle","  529.64",85,298,"186"
"187","Tokyo","Office","CL4","ZoneC","DecEle","  222.23",86,283,"187"
"188","Sendai","Office","CL5","ZoneC","DecEle","  261.00",78,198,"188"
"189","Tokyo","Office","CL3","ZoneC","DecEle","  120.77",367,22,"189"
"190","Tokyo","Office","CL2","ZoneC","DecEle","  210.82",180,226,"190"
"191","Tokyo","Office","CL3","ZoneC","DecEle","  260.69",304,256,"191"
"192","Tokyo","Office","CL3","ZoneC","DecEle","  158.74",193,22,"192"
"193","Tokyo","Office","CL2","ZoneC","DecEle"," 1342.30",177,10,"193"
"194","Tokyo","Office","CL3","ZoneC","DecEle","   90.00",293,22,"194"
"195","Sendai","Office","CL4","ZoneC","DecEle","  146.68",40,191,"195"
"196","Tokyo","Office","CL4","ZoneC","DecEle","  270.81",359,275,"196"
"197","Nagoya","Office","CL3","ZoneC","DecEle","  727.64",299,79,"197"
"198","Osaka","Office","CL5","ZoneC","CenGas"," 4384.44",373,112,"198"
"199","Tokyo","Office","CL4","ZoneC","DecEle","  313.31",192,282,"199"
"200","Osaka","Office","CL6","ZoneC","DecEle","  761.80",108,117,"200"
"201","Tokyo","Office","CL3","ZoneC","DecEle","   65.71",21,21,"201"
"202","Sapporo","Office","CL2","ZoneC","DecEle","  443.44",337,141,"202"
"203","Tokyo","Office","CL3","ZoneC","DecEle","  167.46",30,21,"203"
"204","Tokyo","Office","CL5","ZoneC","DecEle"," 1105.32",78,341,"204"
"205","Sendai","Office","CL3","ZoneC","DecEle","  434.18",324,178,"205"
"206","Tokyo","Office","CL5","ZoneC","DecEle","  195.92",164,312,"206"
"207","Sapporo","Office","CL3","ZoneC","DecGas","  452.58",376,151,"207"
"208","Fukuoka","Office","CL3","ZoneC","DecEle","  374.42",387,129,"208"
"209","Sapporo","Office","CL3","ZoneC","DecGas","  530.66",133,152,"209"
"210","Tokyo","Office","CL3","ZoneC","DecEle"," 3484.44",7,237,"210"
"211","Tokyo","Office","CL3","ZoneC","DecEle","  153.71",122,21,"211"
"212","Tokyo","Office","CL5","ZoneC","DecEle","  146.81",64,44,"212"
"213","Nagoya","Office","CL2","ZoneC","DecEle","  509.20",267,73,"213"
"214","Tokyo","Office","CL5","ZoneC","DecEle"," 3051.90",46,356,"214"
"215","Tokyo","Office","CL5","ZoneC","DecEle"," 2064.14",261,320,"215"
"216","Sendai","Office","CL4","ZoneC","DecEle"," 5210.46",140,195,"216"
"217","Tokyo","Office","CL5","ZoneC","DecEle"," 2112.08",109,354,"217"
"218","Tokyo","Office","CL3","ZoneC","DecEle","  154.58",149,21,"218"
"220","Sendai","Office","CL2","ZoneC","DecGas","  932.80",6,166,"220"
"221","Tokyo","Office","CL5","ZoneC","DecEle","   85.48",303,311,"221"
"222","Tokyo","Office","CL4","ZoneC","DecEle","  206.80",252,272,"222"
"223","Tokyo","Office","CL5","ZoneC","DecEle"," 1488.08",325,345,"223"
"224","Tokyo","Office","CL3","ZoneC","DecEle","  146.44",238,22,"224"
"225","Osaka","Office","CL2","ZoneC","DecGas","  325.02",291,96,"225"
"226","Tokyo","Office","CL4","ZoneC","DecEle","  211.74",75,273,"226"
"227","Tokyo","Office","CL3","ZoneC","DecEle","   61.42",168,22,"227"
"228","Tokyo","Office","CL5","ZoneC","DecEle","  234.35",215,318,"228"
"229","Sendai","Office","CL5","ZoneC","DecEle","  201.92",264,199,"229"
"230","Osaka","Office","CL3","ZoneC","DecGas","  228.80",378,99,"230"
"231","Tokyo","Office","CL3","ZoneC","DecEle","  123.83",333,21,"231"
"232","Tokyo","Office","CL3","ZoneC","DecEle","  134.86",348,23,"232"
"233","Sendai","Office","CL3","ZoneC","DecGas","   87.64",373,5,"233"
"234","Tokyo","Office","CL3","ZoneC","DecEle","  185.42",372,21,"234"
"235","Tokyo","Office","CL5","ZoneC","DecEle","  179.95",280,44,"235"
"236","Tokyo","Office","CL3","ZoneC","DecEle","   52.29",110,21,"236"
"237","Tokyo","Office","CL3","ZoneC","DecEle","   32.90",257,21,"237"
"238","Tokyo","Office","CL6","ZoneC","DecEle"," 4275.40",391,364,"238"
"239","Tokyo","Office","CL3","ZoneC","DecEle","  191.94",11,22,"239"
"240","Osaka","Office","CL4","ZoneC","DecEle"," 1368.86",241,109,"240"
"241","Osaka","Office","CL5","ZoneC","DecEle"," 3798.94",336,110,"241"
"242","Tokyo","Office","CL3","ZoneC","DecEle","   15.84",280,21,"242"
"243","Tokyo","Office","CL4","ZoneC","DecEle","  217.08",76,274,"243"
"244","Sendai","Office","CL3","ZoneC","DecEle","   93.18",2,4,"244"
"245","Tokyo","Office","CL3","ZoneC","DecEle","  163.45",304,21,"245"
"246","Tokyo","Office","CL5","ZoneC","DecEle","  171.62",323,312,"246"
"247","Tokyo","Office","CL5","ZoneC","DecEle","  145.24",190,44,"247"
"249","Tokyo","Office","CL3","ZoneC","DecEle","  164.86",153,21,"249"
"250","Tokyo","Office","CL3","ZoneC","DecEle","  415.34",246,261,"250"
"251","Tokyo","Office","CL3","ZoneC","CenOil","   74.62",350,24,"251"
"252","Tokyo","Office","CL3","ZoneC","DecEle","  112.99",22,22,"252"
"253","Tokyo","Office","CL3","ZoneC","DecEle","  139.86",160,21,"253"
"254","Fukuoka","Office","CL4","ZoneC","DecGas","  356.30",100,132,"254"
"255","Nagoya","Office","CL5","ZoneC","DecGas"," 1035.22",38,88,"255"
"256","Tokyo","Office","CL3","ZoneC","DecEle","  173.43",97,22,"256"
"257","Osaka","Office","CL5","ZoneC","DecEle"," 5843.20",4,114,"257"
"258","Tokyo","Office","CL3","ZoneC","DecEle","  143.76",193,23,"258"
"259","Tokyo","Office","CL3","ZoneC","DecEle","  188.42",335,21,"259"
"260","Tokyo","Office","CL3","ZoneC","DecEle","  135.30",353,22,"260"
"261","Tokyo","Office","CL3","ZoneC","DecEle","  140.27",130,22,"261"
"262","Tokyo","Office","CL3","ZoneC","DecEle","  457.28",236,240,"262"
"263","Sapporo","Office","CL3","ZoneC","DecGas","  944.92",18,151,"263"
"264","Tokyo","Office","CL2","ZoneC","DecEle"," 1633.40",12,206,"264"
"265","Sendai","Office","CL3","ZoneC","DecEle","  154.38",248,4,"265"
"266","Sapporo","Office","CL3","ZoneC","DecGas"," 1084.44",82,151,"266"
"267","Tokyo","Office","CL3","ZoneC","DecEle","  181.79",87,22,"267"
"268","Tokyo","Office","CL4","ZoneC","DecEle","  211.88",87,283,"268"
"269","Tokyo","Office","CL3","ZoneC","DecEle","  107.20",62,21,"269"
"270","Tokyo","Office","CL3","ZoneC","DecEle","   86.68",9,21,"270"
"271","Sendai","Office","CL3","ZoneC","DecEle","  404.94",292,179,"271"
"272","Tokyo","Office","CL4","ZoneC","CenOil","  940.23",229,308,"272"
"274","Fukuoka","Office","CL4","ZoneC","DecEle","   23.40",179,135,"274"
"275","Tokyo","Office","CL3","ZoneC","DecEle","  122.38",149,21,"275"
"276","Osaka","Office","CL2","ZoneC","DecEle","  159.16",174,95,"276"
"277","Sapporo","Office","CL3","ZoneC","DecEle"," 2136.64",152,148,"277"
"278","Tokyo","Office","CL5","ZoneC","DecEle"," 1879.00",64,328,"278"
"279","Tokyo","Office","CL3","ZoneC","CenOil","  168.02",163,24,"279"
"280","Tokyo","Office","CL5","ZoneC","DecEle","  634.52",1,319,"280"
"281","Tokyo","Office","CL3","ZoneC","DecEle","  102.84",93,21,"281"
"283","Tokyo","Office","CL3","ZoneC","DecEle"," 6972.52",177,254,"283"
"284","Tokyo","Office","CL3","ZoneC","DecEle","   83.31",146,22,"284"
"285","Sapporo","Office","CL2","ZoneC","DecEle","  339.66",121,141,"285"
"286","Sendai","Office","CL4","ZoneC","DecEle","  210.96",260,190,"286"
"287","Tokyo","Office","CL3","ZoneC","DecEle","  192.69",248,22,"287"
"289","Sendai","Office","CL3","ZoneC","DecEle"," 1820.26",235,187,"289"
"290","Tokyo","Office","CL3","ZoneC","DecGas","  216.88",227,245,"290"
"291","Tokyo","Office","CL3","ZoneC","DecEle","  147.65",149,21,"291"
"292","Tokyo","Office","CL3","ZoneC","DecEle","   99.85",86,21,"292"
"293","Sapporo","Office","CL3","ZoneC","DecEle","  905.72",309,148,"293"
"294","Osaka","Office","CL3","ZoneC","DecGas","  211.18",262,99,"294"
"295","Tokyo","Office","CL3","ZoneC","DecEle","   39.11",88,21,"295"
"297","Sapporo","Office","CL4","ZoneC","DecEle","  465.42",361,156,"297"
"298","Tokyo","Office","CL3","ZoneC","DecEle","  124.75",331,22,"298"
"299","Sendai","Office","CL2","ZoneC","DecEle","  217.74",219,1,"299"
"300","Tokyo","Office","CL3","ZoneC","CenOil","  194.96",301,24,"300"
"301","Tokyo","Office","CL3","ZoneC","CenOil","  105.12",230,24,"301"
"302","Sapporo","Office","CL3","ZoneC","DecGas","   30.02",318,151,"302"
"303","Tokyo","Office","CL3","ZoneC","DecGas","  318.40",245,234,"303"
"304","Osaka","Office","CL3","ZoneC","DecEle","  425.54",142,98,"304"
"305","Tokyo","Office","CL3","ZoneC","DecEle"," 2615.94",91,259,"305"
"306","Sapporo","Office","CL3","ZoneC","DecGas","  234.66",343,151,"306"
"307","Tokyo","Office","CL4","ZoneC","DecEle","  211.04",219,274,"307"
"308","Sendai","Office","CL5","ZoneC","DecEle","  322.02",150,198,"308"
"309","Tokyo","Office","CL3","ZoneC","DecGas","  281.82",132,263,"309"
"310","Tokyo","Office","CL3","ZoneC","CenOil","  188.89",160,24,"310"
"311","Tokyo","Office","CL3","ZoneC","DecEle","  188.56",170,22,"311"
"312","Tokyo","Office","CL3","ZoneC","DecEle","  183.07",287,22,"312"
"313","Tokyo","Office","CL3","ZoneC","DecEle","  119.65",379,22,"313"
"314","Tokyo","Office","CL2","ZoneC","DecEle","   52.82",285,216,"314"
"315","Sapporo","Office","CL2","ZoneC","DecEle","  315.06",123,141,"315"
"316","Sendai","Office","CL5","ZoneC","DecEle","  273.98",195,199,"316"
"317","Osaka","Office","CL2","ZoneC","DecEle","  153.52",386,94,"317"
"318","Tokyo","Office","CL6","ZoneC","CenGas","  363.78",251,65,"318"
"319","Sendai","Office","CL3","ZoneC","DecEle","   82.52",383,187,"319"
"320","Tokyo","Office","CL3","ZoneC","DecEle","  167.15",225,22,"320"
"321","Sendai","Office","CL4","ZoneC","CenOil","  224.00",139,7,"321"
"322","Tokyo","Office","CL3","ZoneC","DecEle","  153.51",31,22,"322"
"323","Tokyo","Office","CL3","ZoneC","DecEle","  172.92",15,21,"323"
"324","Sendai","Office","CL3","ZoneC","DecEle","  497.14",265,187,"324"
"325","Tokyo","Office","CL7","ZoneC","CenEle","  275.11",246,68,"325"
"326","Tokyo","Office","CL3","ZoneC","DecEle","   76.01",108,22,"326"
"327","Tokyo","Office","CL5","ZoneC","DecEle","   68.82",198,312,"327"
"328","Sendai","Office","CL3","ZoneC","DecEle","  221.58",257,187,"328"
"329","Tokyo","Office","CL4","ZoneC","DecEle","  254.46",273,285,"329"
"330","Tokyo","Office","CL3","ZoneC","DecEle","  228.77",219,232,"330"
"331","Tokyo","Office","CL3","ZoneC","DecEle","  187.24",337,22,"331"
"332","Tokyo","Office","CL3","ZoneC","DecEle","  189.24",370,21,"332"
"333","Sapporo","Office","CL3","ZoneC","DecGas","  341.96",83,152,"333"
"334","Tokyo","Office","CL5","ZoneC","DecEle","  146.00",110,45,"334"
"335","Tokyo","Office","CL4","ZoneC","DecEle","  262.44",364,285,"335"
"336","Tokyo","Office","CL5","ZoneC","DecEle","   86.72",145,312,"336"
"337","Tokyo","Office","CL3","ZoneC","DecEle","   96.42",26,21,"337"
"338","Tokyo","Office","CL5","ZoneC","DecEle","  151.16",187,311,"338"
"339","Tokyo","Office","CL3","ZoneC","CenOil","  105.36",94,24,"339"
"341","Tokyo","Office","CL2","ZoneC","DecEle","  128.86",350,214,"341"
"342","Tokyo","Office","CL3","ZoneC","DecEle","   88.23",379,22,"342"
"343","Sapporo","Office","CL3","ZoneC","DecGas","  704.12",116,151,"343"
"344","Sendai","Office","CL4","ZoneC","DecEle","  224.10",25,189,"344"
"345","Nagoya","Office","CL4","ZoneC","DecEle","  919.82",137,83,"345"
"346","Tokyo","Office","CL3","ZoneC","DecEle","   69.75",141,22,"346"
"347","Tokyo","Office","CL3","ZoneC","CenOil","   98.50",208,24,"347"
"348","Sapporo","Office","CL3","ZoneC","DecEle"," 8198.98",148,153,"348"
"349","Tokyo","Office","CL3","ZoneC","DecEle","  151.38",236,21,"349"
"350","Sapporo","Office","CL4","ZoneC","DecEle","  370.30",35,155,"350"
"351","Tokyo","Office","CL5","ZoneC","DecEle"," 1122.10",276,334,"351"
"352","Sendai","Office","CL2","ZoneC","DecEle"," 1260.78",365,1,"ÉCÉGÉçÅ[ÉnÉbÉgî™ì˙ésèÍìX"
"353","Tokyo","Office","CL4","ZoneC","DecEle","  924.72",208,302,"353"
"354","Tokyo","Office","CL3","ZoneC","CenOil","  134.07",82,24,"354"
"355","Tokyo","Office","CL2","ZoneC","DecEle","  294.38",391,204,"355"
"356","Tokyo","Office","CL3","ZoneC","DecEle","  177.69",300,22,"356"
"357","Tokyo","Office","CL3","ZoneC","DecEle","  103.01",311,22,"357"
"358","Tokyo","Office","CL3","ZoneC","DecEle","  327.34",15,258,"358"
"359","Tokyo","Office","CL3","ZoneC","DecEle","  106.64",84,21,"359"
"360","Tokyo","Office","CL3","ZoneC","DecEle"," 1313.36",95,253,"360"
"361","Tokyo","Office","CL3","ZoneC","DecEle","   97.72",166,23,"361"
"362","Sendai","Office","CL4","ZoneC","DecEle","  221.78",197,189,"362"
"364","Tokyo","Office","CL3","ZoneC","DecEle","   80.98",357,23,"364"
"365","Sapporo","Office","CL3","ZoneC","DecEle","  207.60",381,149,"365"
"366","Tokyo","Office","CL3","ZoneC","CenOil","   99.39",258,24,"366"
"367","Sendai","Office","CL4","ZoneC","DecEle","  658.96",374,189,"367"
"368","Sapporo","Office","CL3","ZoneC","DecGas","  250.40",212,152,"368"
"369","Tokyo","Office","CL3","ZoneC","DecEle","  172.32",151,23,"369"
"370","Osaka","Office","CL2","ZoneC","DecGas","  450.56",195,96,"370"
"371","Osaka","Office","CL2","ZoneC","DecGas","  375.14",247,96,"371"
"372","Tokyo","Office","CL3","ZoneC","DecEle","  105.99",227,22,"372"
"373","Nagoya","Office","CL2","ZoneC","DecEle","   87.78",373,76,"373"
"374","Tokyo","Office","CL5","ZoneC","DecEle","  585.22",305,310,"374"
"375","Fukuoka","Office","CL5","ZoneC","DecEle","  106.86",163,138,"375"
"376","Tokyo","Office","CL3","ZoneC","CenOil","  152.08",311,24,"376"
"377","Tokyo","Office","CL3","ZoneC","DecEle","  111.69",236,22,"377"
"378","Osaka","Office","CL2","ZoneC","DecEle","  254.40",347,97,"378"
"379","Sapporo","Office","CL3","ZoneC","DecEle"," 1024.02",225,148,"379"
"380","Tokyo","Office","CL3","ZoneC","DecEle","  172.41",370,21,"380"
"381","Tokyo","Office","CL2","ZoneC","DecEle","  251.42",156,227,"381"
"382","Sendai","Office","CL5","ZoneC","DecEle","  244.31",158,198,"382"
"383","Tokyo","Office","CL3","ZoneC","DecEle","   38.74",38,22,"383"
"384","Tokyo","Office","CL3","ZoneC","DecEle","  131.38",215,21,"384"
"385","Nagoya","Office","CL4","ZoneC","DecEle"," 1981.12",142,86,"385"
"386","Sapporo","Office","CL3","ZoneC","DecGas","  156.28",3,151,"386"
"387","Sapporo","Office","CL3","ZoneC","DecGas","  282.45",89,152,"387"
"388","Tokyo","Office","CL4","ZoneC","CenOil","  213.68",219,278,"388"
"389","Tokyo","Office","CL3","ZoneC","DecEle","  437.60",139,248,"389"
"390","Tokyo","Office","CL5","ZoneC","CenGas","  447.68",57,53,"390"
"391","Tokyo","Office","CL3","ZoneC","DecEle","  173.76",359,22,"391"
"392","Tokyo","Office","CL4","ZoneC","DecEle","  277.95",293,279,"392"
"393","Tokyo","Office","CL3","ZoneC","DecEle","  127.67",300,22,"393"
"394","Tokyo","Office","CL3","ZoneC","DecGas","  229.76",118,243,"394"
"395","Tokyo","Office","CL3","ZoneC","DecEle","  115.16",307,21,"395"
"396","Tokyo","Office","CL3","ZoneC","DecEle","  137.55",227,22,"396"
"397","Tokyo","Office","CL5","ZoneC","DecEle","  117.02",30,312,"397"
"398","Tokyo","Office","CL3","ZoneC","DecGas","  212.74",14,262,"398"
"399","Tokyo","Office","CL3","ZoneC","DecEle","   73.65",61,21,"399"
"400","Tokyo","Office","CL3","ZoneC","DecEle","  170.34",349,22,"400"
"401","Tokyo","Office","CL6","ZoneC","DecEle"," 4398.20",138,365,"401"
"402","Tokyo","Office","CL3","ZoneC","DecEle","  187.84",157,21,"402"
"403","Osaka","Office","CL2","ZoneC","DecEle","  156.52",147,95,"403"
"404","Osaka","Office","CL2","ZoneC","DecEle","  130.88",108,95,"404"
"405","Tokyo","Office","CL3","ZoneC","DecEle","  121.30",8,23,"405"
"406","Tokyo","Office","CL3","ZoneC","DecEle","  197.23",323,21,"406"
"407","Tokyo","Office","CL3","ZoneC","DecEle","  339.78",255,264,"407"
"408","Tokyo","Office","CL7","ZoneC","CenEle","  254.65",102,68,"408"
"409","Tokyo","Office","CL3","ZoneC","DecEle","  160.26",319,21,"409"
"410","Sapporo","Office","CL3","ZoneC","DecEle","  420.18",297,148,"410"
"411","Sendai","Office","CL5","ZoneC","DecEle","  285.81",49,199,"411"
"412","Tokyo","Office","CL5","ZoneC","DecEle","  138.22",222,47,"412"
"413","Tokyo","Office","CL5","ZoneC","DecEle","  139.67",226,312,"413"
"414","Tokyo","Office","CL3","ZoneC","DecEle","  125.89",351,23,"414"
"415","Osaka","Office","CL2","ZoneC","DecEle","  182.69",391,95,"415"
"416","Tokyo","Office","CL3","ZoneC","DecEle","  103.35",370,22,"416"
"417","Tokyo","Office","CL3","ZoneC","DecEle","  136.46",57,22,"417"
"418","Sapporo","Office","CL3","ZoneC","DecGas","  380.98",187,151,"418"
"419","Tokyo","Office","CL3","ZoneC","DecEle","  146.48",90,22,"419"
"420","Tokyo","Office","CL2","ZoneC","DecEle","  233.39",238,11,"420"
"421","Tokyo","Office","CL3","ZoneC","DecEle","   82.94",201,21,"421"
"422","Sendai","Office","CL2","ZoneC","DecEle","  309.32",246,170,"422"
"423","Tokyo","Office","CL3","ZoneC","DecEle","  105.21",288,22,"423"
"424","Tokyo","Office","CL5","ZoneC","DecEle"," 1781.84",346,334,"424"
"425","Tokyo","Office","CL3","ZoneC","DecEle"," 4094.04",67,252,"425"
"426","Tokyo","Office","CL5","ZoneC","DecEle"," 1226.67",279,339,"426"
"427","Tokyo","Office","CL3","ZoneC","DecEle","  142.36",124,22,"427"
"428","Tokyo","Office","CL2","ZoneC","DecEle","  318.01",92,218,"428"
"429","Tokyo","Office","CL3","ZoneC","DecEle","  196.58",150,21,"429"
"430","Tokyo","Office","CL3","ZoneC","DecEle","  177.49",372,22,"430"
"431","Tokyo","Office","CL3","ZoneC","DecEle","  143.15",213,22,"431"
"432","Nagoya","Office","CL5","ZoneC","DecGas","  504.08",96,92,"432"
"433","Tokyo","Office","CL3","ZoneC","DecEle","   58.39",45,21,"433"
"434","Sapporo","Office","CL4","ZoneC","DecGas","  525.32",274,159,"434"
"435","Fukuoka","Office","CL3","ZoneC","DecEle","  107.90",52,130,"435"
"436","Tokyo","Office","CL3","ZoneC","DecEle","  103.86",105,21,"436"
"437","Sapporo","Office","CL2","ZoneC","DecEle","  234.92",165,141,"437"
"438","Tokyo","Office","CL2","ZoneC","DecEle","  475.72",246,203,"438"
"439","Sapporo","Office","CL3","ZoneC","DecGas","  443.44",291,151,"439"
"440","Sapporo","Office","CL3","ZoneC","DecGas","  473.08",356,152,"440"
"441","Sapporo","Office","CL3","ZoneC","DecGas","  283.62",335,151,"441"
"442","Sendai","Office","CL3","ZoneC","DecEle"," 4015.76",341,187,"442"
"443","Tokyo","Office","CL3","ZoneC","DecEle","  165.21",369,21,"443"
"444","Tokyo","Office","CL5","ZoneC","DecEle","  197.78",144,312,"444"
"445","Tokyo","Office","CL3","ZoneC","DecEle","  157.97",185,21,"445"
"446","Sapporo","Office","CL3","ZoneC","DecGas","  305.26",223,152,"446"
"447","Tokyo","Office","CL3","ZoneC","DecEle","  180.19",317,22,"447"
"448","Sendai","Office","CL5","ZoneC","DecEle","  251.40",3,200,"448"
"449","Tokyo","Office","CL5","ZoneC","DecEle"," 1822.26",99,349,"449"
"450","Fukuoka","Office","CL5","ZoneC","DecEle","  250.28",173,140,"450"
"451","Tokyo","Office","CL3","ZoneC","DecEle","  123.17",336,22,"451"
"452","Tokyo","Office","CL3","ZoneC","DecEle","   35.22",381,22,"452"
"454","Tokyo","Office","CL3","ZoneC","DecEle","  143.82",325,21,"454"
"455","Tokyo","Office","CL3","ZoneC","DecEle","  195.06",60,21,"455"
"456","Sapporo","Office","CL5","ZoneC","DecOil","  406.90",67,161,"456"
"457","Sendai","Office","CL4","ZoneC","DecEle","  418.58",310,189,"457"
"458","Nigata","Office","CL3","ZoneC","DecGas","  446.80",34,72,"458"
"459","Sapporo","Office","CL3","ZoneC","DecEle","  622.06",327,148,"459"
"460","Tokyo","Office","CL5","ZoneC","DecEle","  122.45",332,45,"460"
"461","Tokyo","Office","CL7","ZoneC","DecEle","  258.56",200,67,"461"
"462","Nagoya","Office","CL2","ZoneC","DecEle","  524.26",255,73,"462"
"463","Sendai","Office","CL4","ZoneC","DecEle","  180.24",362,192,"463"
"464","Tokyo","Office","CL3","ZoneC","DecEle","  138.94",284,21,"464"
"465","Sendai","Office","CL4","ZoneC","DecEle","  201.82",171,190,"465"
"466","Osaka","Office","CL3","ZoneC","DecEle","  436.10",107,98,"466"
"467","Tokyo","Office","CL3","ZoneC","DecEle","  178.55",28,23,"467"
"468","Tokyo","Office","CL3","ZoneC","DecEle","   58.43",387,21,"468"
"469","Sendai","Office","CL4","ZoneC","DecEle","  702.88",185,190,"469"
"470","Tokyo","Office","CL5","ZoneC","DecEle","  211.38",85,317,"470"
"472","Tokyo","Office","CL3","ZoneC","DecEle","  173.04",201,22,"472"
"473","Tokyo","Office","CL5","ZoneC","DecEle","  127.15",74,314,"473"
"474","Tokyo","Office","CL2","ZoneC","CenOil","  225.28",362,215,"474"
"475","Tokyo","Office","CL3","ZoneC","DecEle","  141.68",317,23,"475"
"476","Tokyo","Office","CL3","ZoneC","DecEle","  168.17",147,23,"476"
"477","Tokyo","Office","CL3","ZoneC","DecEle","  108.78",106,21,"477"
"478","Tokyo","Office","CL4","ZoneC","DecEle","  860.88",296,296,"478"
"479","Tokyo","Office","CL3","ZoneC","DecEle","  135.54",205,22,"479"
"480","Sapporo","Office","CL2","ZoneC","DecEle","  216.00",54,141,"480"
"481","Tokyo","Office","CL4","ZoneC","DecEle","  938.22",240,307,"481"
"483","Tokyo","Office","CL2","ZoneC","DecEle","  235.02",125,203,"483"
"484","Tokyo","Office","CL4","ZoneC","DecGas","  555.82",375,29,"484"
"485","Tokyo","Office","CL4","ZoneC","DecEle","  416.20",384,287,"485"
"487","Fukuoka","Office","CL4","ZoneC","DecGas","  525.34",58,133,"487"
"488","Osaka","Office","CL6","ZoneC","DecEle"," 4525.80",20,118,"488"
"489","Sapporo","Office","CL3","ZoneC","DecGas","  314.54",223,151,"489"
"490","Tokyo","Office","CL3","ZoneC","DecEle","  241.30",300,256,"490"
"492","Tokyo","Office","CL3","ZoneC","DecEle","  168.26",72,21,"492"
"493","Tokyo","Office","CL4","ZoneC","DecEle","  250.80",1,268,"493"
"494","Tokyo","Office","CL6","ZoneC","DecEle","  407.48",48,60,"494"
"495","Sendai","Office","CL4","ZoneC","DecEle","   70.88",124,189,"495"
"496","Tokyo","Office","CL3","ZoneC","DecEle","  255.39",313,26,"496"
"497","Tokyo","Office","CL4","ZoneC","DecEle"," 1799.66",83,33,"497"
"498","Tokyo","Office","CL5","ZoneC","DecGas","  554.64",113,58,"498"
"499","Tokyo","Office","CL3","ZoneC","DecEle","  106.40",276,21,"499"
"500","Tokyo","Office","CL3","ZoneC","DecEle","  148.32",143,23,"500"
"501","Tokyo","Office","CL3","ZoneC","DecEle","  108.49",271,22,"501"
"502","Sendai","Office","CL6","ZoneC","DecEle","  233.80",98,201,"502"
"503","Tokyo","Office","CL3","ZoneC","DecEle","  331.42",293,231,"503"
"504","Tokyo","Office","CL3","ZoneC","DecEle","  380.35",205,241,"504"
"505","Sendai","Office","CL3","ZoneC","DecEle","  144.57",387,4,"505"
"506","Tokyo","Office","CL3","ZoneC","DecEle","  149.42",311,23,"506"
"507","Tokyo","Office","CL3","ZoneC","DecEle","   58.02",286,21,"507"
"508","Tokyo","Office","CL3","ZoneC","DecEle","  224.29",14,27,"508"
"509","Tokyo","Office","CL5","ZoneC","DecEle","  174.39",264,311,"509"
"510","Sendai","Office","CL3","ZoneC","DecEle","  870.20",250,180,"510"
"511","Sendai","Office","CL2","ZoneC","DecEle"," 5096.74",327,1,"ëxç∫ésäwçZããêHÉZÉìÉ^Å["
"512","Tokyo","Office","CL3","ZoneC","DecEle","  172.09",231,21,"512"
"513","Tokyo","Office","CL3","ZoneC","DecEle","   77.15",316,22,"513"
"514","Tokyo","Office","CL4","ZoneC","DecEle","  792.54",378,299,"514"
"515","Sendai","Office","CL5","ZoneC","DecEle","  268.09",6,9,"515"
"516","Tokyo","Office","CL3","ZoneC","DecEle","  145.35",33,21,"516"
"517","Tokyo","Office","CL3","ZoneC","DecEle","  224.52",388,232,"517"
"518","Sendai","Office","CL2","ZoneC","DecEle","  478.32",343,176,"518"
"519","Tokyo","Office","CL5","ZoneC","DecEle","  199.16",1,44,"519"
"520","Nagoya","Office","CL5","ZoneC","DecGas"," 3691.58",72,90,"520"
"521","Tokyo","Office","CL3","ZoneC","DecEle","   89.71",7,21,"521"
"522","Tokyo","Office","CL2","ZoneC","DecEle"," 1051.04",315,216,"522"
"523","Tokyo","Office","CL3","ZoneC","DecEle","  162.63",339,22,"523"
"524","Tokyo","Office","CL5","ZoneC","DecEle","  145.32",216,312,"524"
"525","Sendai","Office","CL3","ZoneC","DecEle","  584.76",291,185,"525"
"526","Tokyo","Office","CL3","ZoneC","DecEle","   97.84",296,21,"526"
"527","Tokyo","Office","CL3","ZoneC","DecEle","  161.48",5,23,"527"
"528","Tokyo","Office","CL3","ZoneC","DecEle","  107.66",294,22,"528"
"529","Sendai","Office","CL4","ZoneC","DecEle","  200.06",65,191,"529"
"530","Sapporo","Office","CL4","ZoneC","DecEle","  352.96",98,156,"530"
"531","Tokyo","Office","CL5","ZoneC","DecEle","  116.18",26,311,"531"
"532","Sendai","Office","CL5","ZoneC","DecEle","  404.30",199,9,"532"
"533","Tokyo","Office","CL3","ZoneC","DecEle","  163.28",193,22,"533"
"534","Tokyo","Office","CL3","ZoneC","DecEle"," 6255.33",91,251,"534"
"535","Tokyo","Office","CL2","ZoneC","DecEle"," 1512.34",187,220,"535"
"536","Sendai","Office","CL2","ZoneC","DecEle","  351.68",240,168,"536"
"537","Tokyo","Office","CL4","ZoneC","DecEle","  521.38",67,296,"537"
"538","Tokyo","Office","CL5","ZoneC","DecGas","   98.84",110,359,"538"
"539","Tokyo","Office","CL4","ZoneC","DecEle","  203.80",303,290,"539"
"540","Tokyo","Office","CL2","ZoneC","DecEle","  243.68",313,226,"540"
"541","Nagoya","Office","CL3","ZoneC","CenOil","  806.36",313,80,"541"
"542","Tokyo","Office","CL4","ZoneC","DecEle","  230.39",324,276,"542"
"543","Sapporo","Office","CL6","ZoneC","DecOil","  375.46",58,163,"543"
"544","Tokyo","Office","CL3","ZoneC","DecEle","  147.97",367,21,"544"
"545","Tokyo","Office","CL5","ZoneC","DecEle","  150.48",198,311,"545"
"546","Tokyo","Office","CL5","ZoneC","DecEle","  133.52",303,46,"546"
"547","Tokyo","Office","CL2","ZoneC","DecEle","  263.29",286,213,"547"
"548","Tokyo","Office","CL5","ZoneC","DecEle"," 1447.32",105,344,"548"
"549","Tokyo","Office","CL3","ZoneC","DecEle","  187.00",248,21,"549"
"550","Sapporo","Office","CL3","ZoneC","DecGas","  602.12",18,152,"550"
"551","Tokyo","Office","CL2","ZoneC","DecEle","  270.62",330,218,"551"
"552","Tokyo","Office","CL5","ZoneC","DecEle","  166.58",31,311,"552"
"553","Tokyo","Office","CL2","ZoneC","DecEle","  285.22",29,221,"553"
"554","Tokyo","Office","CL3","ZoneC","DecEle","  112.61",253,21,"554"
"555","Tokyo","Office","CL3","ZoneC","DecEle","  277.44",228,27,"555"
"556","Tokyo","Office","CL5","ZoneC","DecEle","  179.24",196,311,"556"
"557","Tokyo","Office","CL5","ZoneC","DecEle","  368.94",25,49,"557"
"558","Sendai","Office","CL2","ZoneC","DecEle","  219.88",247,165,"558"
"559","Sendai","Office","CL4","ZoneC","DecEle","  233.92",296,189,"559"
"560","Tokyo","Office","CL3","ZoneC","DecEle","  161.09",185,21,"560"
"561","Tokyo","Office","CL3","ZoneC","DecEle","  197.89",173,22,"561"
"562","Tokyo","Office","CL5","ZoneC","DecGas","  202.16",363,361,"562"
"563","Nagoya","Office","CL2","ZoneC","DecEle"," 1183.80",292,75,"563"
"564","Tokyo","Office","CL2","ZoneC","CenOil"," 1554.96",282,210,"564"
"565","Sapporo","Office","CL5","ZoneC","CenOil","  285.22",63,160,"565"
"566","Sapporo","Office","CL2","ZoneC","DecEle","  326.92",133,141,"566"
"567","Tokyo","Office","CL3","ZoneC","DecEle","   82.02",380,21,"567"
"568","Sendai","Office","CL3","ZoneC","DecEle","  166.58",372,187,"568"
"569","Tokyo","Office","CL3","ZoneC","DecEle","  102.81",342,21,"569"
"570","Tokyo","Office","CL5","ZoneC","CenGas","  120.67",195,313,"570"
"571","Sendai","Office","CL2","ZoneC","DecEle","  342.38",304,169,"571"
"572","Tokyo","Office","CL4","ZoneC","DecEle"," 4114.46",273,36,"572"
"573","Tokyo","Office","CL3","ZoneC","DecEle","  129.21",372,21,"573"
"574","Tokyo","Office","CL3","ZoneC","DecEle","  192.78",389,21,"574"
"575","Sapporo","Office","CL4","ZoneC","DecEle","  906.56",131,155,"575"
"576","Tokyo","Office","CL4","ZoneC","DecEle","  820.16",119,300,"576"
"577","Tokyo","Office","CL3","ZoneC","CenOil","  130.74",199,24,"577"
"578","Tokyo","Office","CL3","ZoneC","DecEle","  155.74",79,21,"578"
"579","Tokyo","Office","CL4","ZoneC","DecEle","  264.25",107,285,"579"
"580","Tokyo","Office","CL3","ZoneC","DecEle","  239.67",29,257,"580"
"581","Tokyo","Office","CL5","ZoneC","DecEle","  136.97",326,311,"581"
"582","Tokyo","Office","CL3","ZoneC","DecEle","   72.27",75,23,"582"
"583","Tokyo","Office","CL3","ZoneC","DecEle","  160.33",159,21,"583"
"584","Sendai","Office","CL5","ZoneC","DecEle","  367.24",217,198,"584"
"585","Tokyo","Office","CL3","ZoneC","DecEle","  203.43",181,261,"585"
"586","Tokyo","Office","CL3","ZoneC","DecEle","  106.63",136,21,"586"
"587","Tokyo","Office","CL3","ZoneC","DecEle","  210.48",333,246,"587"
"588","Sapporo","Office","CL3","ZoneC","DecEle","  348.00",249,149,"588"
"589","Tokyo","Office","CL5","ZoneC","DecEle"," 1440.84",245,42,"589"
"590","Tokyo","Office","CL3","ZoneC","DecEle","  266.14",130,19,"590"
"591","Sendai","Office","CL6","ZoneC","DecEle","  418.72",51,202,"591"
"592","Tokyo","Office","CL5","ZoneC","CenHP"," 1012.20",256,336,"592"
"593","Tokyo","Office","CL3","ZoneC","DecEle"," 3917.01",190,250,"593"
"594","Tokyo","Office","CL3","ZoneC","DecEle","   76.05",205,22,"594"
"595","Sapporo","Office","CL3","ZoneC","DecGas","  304.28",102,152,"595"
"596","Sendai","Office","CL4","ZoneC","DecGas","  171.52",180,188,"596"
"597","Tokyo","Office","CL3","ZoneC","DecEle","  132.71",136,22,"597"
"598","Tokyo","Office","CL5","ZoneC","DecEle","  195.74",321,44,"598"
"599","Sapporo","Office","CL3","ZoneC","DecGas","  115.72",62,152,"599"
"600","Tokyo","Office","CL3","ZoneC","DecEle","  206.99",303,241,"600"
"601","Sapporo","Office","CL2","ZoneC","DecEle","  294.68",353,141,"601"
"602","Tokyo","Office","CL3","ZoneC","DecEle","  143.93",320,22,"602"
"603","Sapporo","Office","CL3","ZoneC","DecGas","  145.04",297,152,"603"
"604","Sendai","Office","CL2","ZoneC","DecEle"," 7078.24",339,1,"åßóßî™ì˙ésèÍì¡ï éxâáäwçZ"
"605","Tokyo","Office","CL5","ZoneC","DecEle","   63.04",356,44,"605"
"606","Tokyo","Office","CL3","ZoneC","DecEle","  118.86",48,22,"606"
"608","Tokyo","Office","CL3","ZoneC","DecEle","  143.85",270,22,"608"
"609","Sendai","Office","CL3","ZoneC","DecGas","  127.53",14,5,"609"
"610","Tokyo","Office","CL3","ZoneC","DecEle","  418.42",66,232,"610"
"611","Tokyo","Office","CL5","ZoneC","DecEle","  413.86",367,318,"611"
"612","Tokyo","Office","CL2","ZoneC","DecEle","  305.22",77,211,"612"
"613","Tokyo","Office","CL2","ZoneC","DecEle","  217.96",220,219,"613"
"614","Tokyo","Office","CL3","ZoneC","DecEle","  194.96",318,22,"614"
"615","Tokyo","Office","CL3","ZoneC","DecEle","  121.17",23,22,"615"
"616","Sendai","Office","CL3","ZoneC","DecEle"," 2108.96",125,186,"616"
"617","Tokyo","Office","CL5","ZoneC","DecEle","   94.09",143,312,"617"
"618","Tokyo","Office","CL3","ZoneC","DecEle","  206.61",332,27,"618"
"619","Tokyo","Office","CL5","ZoneC","DecEle","  259.78",264,48,"619"
"620","Tokyo","Office","CL3","ZoneC","DecEle","  253.96",380,235,"620"
"621","Tokyo","Office","CL3","ZoneC","DecEle","  140.91",166,23,"621"
"622","Osaka","Office","CL2","ZoneC","DecEle","  229.68",164,97,"622"
"623","Tokyo","Office","CL6","ZoneC","CenGas","  414.04",158,64,"623"
"625","Sendai","Office","CL3","ZoneC","DecEle","  363.42",266,187,"625"
"626","Sapporo","Office","CL4","ZoneC","DecGas","  272.96",134,158,"626"
"627","Tokyo","Office","CL3","ZoneC","DecEle","  178.66",117,22,"627"
"628","Tokyo","Office","CL3","ZoneC","DecEle","  174.94",354,22,"628"
"629","Tokyo","Office","CL7","ZoneC","DecEle"," 1475.82",293,70,"629"
"630","Sendai","Office","CL3","ZoneC","DecGas","  194.42",102,5,"630"
"631","Sapporo","Office","CL3","ZoneC","DecGas","  290.86",236,151,"631"
"632","Tokyo","Office","CL5","ZoneC","DecEle"," 1762.56",376,332,"632"
"633","Sapporo","Office","CL3","ZoneC","DecEle","  672.80",16,149,"633"
"634","Tokyo","Office","CL3","ZoneC","DecEle","  208.71",329,247,"634"
"636","Tokyo","Office","CL4","ZoneC","DecEle"," 3279.36",115,39,"636"
"637","Tokyo","Office","CL5","ZoneC","DecGas","  211.48",347,315,"637"
"638","Sendai","Office","CL2","ZoneC","DecEle","12814.84",383,1,"ÉtÉFÉçÅ[ÉeÉbÉNÇ›Ç«ÇËïΩî≠ìdèä"
"639","Tokyo","Office","CL5","ZoneC","CenEle"," 1548.00",304,348,"639"
"640","Sapporo","Office","CL4","ZoneC","DecEle"," 1893.22",196,156,"640"
"641","Tokyo","Office","CL5","ZoneC","DecEle","25815.68",305,330,"641"
"642","Sendai","Office","CL2","ZoneC","DecEle"," 6319.92",368,1,"ÇiÇ`ÇwÇrÇnÇmÇrÅDÇoÅDÇhêÁótçHèÍ"
"643","Tokyo","Office","CL3","ZoneC","DecEle","  134.26",389,22,"643"
"644","Tokyo","Office","CL3","ZoneC","DecEle","   84.66",340,22,"644"
"645","Tokyo","Office","CL3","ZoneC","DecEle","  159.59",118,21,"645"
"646","Tokyo","Office","CL5","ZoneC","DecEle","   53.96",138,46,"646"
"647","Sendai","Office","CL3","ZoneC","DecEle","  188.92",349,187,"647"
"648","Tokyo","Office","CL3","ZoneC","DecEle","  131.06",37,21,"648"
"649","Tokyo","Office","CL2","ZoneC","CenOil","  228.87",227,215,"649"
"650","Tokyo","Office","CL3","ZoneC","CenOil","  266.17",318,242,"650"
"651","Sapporo","Office","CL4","ZoneC","DecGas","   63.82",60,159,"651"
"652","Tokyo","Office","CL3","ZoneC","DecEle","  174.04",166,23,"652"
"653","Tokyo","Office","CL3","ZoneC","DecEle","   95.04",216,22,"653"
"654","Tokyo","Office","CL2","ZoneC","DecEle","  244.60",207,203,"654"
"655","Sendai","Office","CL2","ZoneC","DecEle"," 5288.50",181,1,"éRåKÉÅÉÇÉäÉAÉãÉzÅ[Éã"
"656","Sapporo","Office","CL2","ZoneC","DecEle","  457.84",121,141,"656"
"658","Sendai","Office","CL3","ZoneC","DecEle"," 1896.98",163,185,"658"
"660","Tokyo","Office","CL3","ZoneC","DecEle","  144.04",131,21,"660"
"661","Sapporo","Office","CL4","ZoneC","DecGas","  423.44",289,159,"661"
"662","Sendai","Office","CL3","ZoneC","DecEle","  183.13",259,4,"662"
"663","Tokyo","Office","CL3","ZoneC","DecEle","  129.89",2,22,"663"
"664","Sendai","Office","CL3","ZoneC","DecGas","  363.42",242,183,"664"
"665","Sapporo","Office","CL3","ZoneC","DecGas","  336.54",145,151,"665"
"666","Tokyo","Office","CL3","ZoneC","DecEle","   44.04",55,21,"666"
"668","Tokyo","Office","CL3","ZoneC","DecEle","  278.22",202,261,"668"
"669","Sendai","Office","CL2","ZoneC","DecEle","  463.50",103,174,"669"
"670","Tokyo","Office","CL4","ZoneC","DecEle","  239.65",96,267,"670"
"671","Tokyo","Office","CL3","ZoneC","DecEle","  132.67",359,22,"671"
"672","Tokyo","Office","CL3","ZoneC","DecEle","   64.76",155,21,"672"
"673","Tokyo","Office","CL3","ZoneC","DecEle","  128.81",57,22,"673"
"675","Osaka","Office","CL2","ZoneC","DecEle","  162.57",212,94,"675"
"676","Tokyo","Office","CL5","ZoneC","DecEle"," 3189.74",24,324,"676"
"677","Tokyo","Office","CL3","ZoneC","DecEle","   96.04",202,22,"677"
"678","Nigata","Office","CL3","ZoneC","DecGas"," 2834.92",181,71,"678"
"679","Tokyo","Office","CL3","ZoneC","DecEle","  127.74",312,21,"679"
"680","Tokyo","Office","CL4","ZoneC","DecEle","  275.86",199,282,"680"
"681","Tokyo","Office","CL4","ZoneC","DecEle"," 2685.08",192,37,"681"
"682","Hiroshima","Office","CL3","ZoneC","DecEle","14560.80",193,119,"682"
"683","Tokyo","Office","CL3","ZoneC","DecGas","  231.84",30,245,"683"
"684","Tokyo","Office","CL3","ZoneC","DecEle","  104.67",277,22,"684"
"685","Sendai","Office","CL2","ZoneC","DecEle"," 5352.72",278,1,"åßóßëxç∫çÇìôäwçZ"
"686","Tokyo","Office","CL5","ZoneC","CenGas"," 2999.40",135,333,"686"
"687","Tokyo","Office","CL4","ZoneC","DecEle","  758.06",211,307,"687"
"688","Tokyo","Office","CL5","ZoneC","DecEle"," 4515.20",177,52,"688"
"690","Tokyo","Office","CL3","ZoneC","DecEle","   65.17",167,21,"690"
"691","Osaka","Office","CL2","ZoneC","DecGas","  431.08",308,96,"691"
"692","Sapporo","Office","CL3","ZoneC","DecEle"," 1084.38",18,149,"692"
"693","Sapporo","Office","CL3","ZoneC","DecEle","  143.76",138,148,"693"
"694","Tokyo","Office","CL2","ZoneC","DecEle","  255.45",85,219,"694"
"696","Sendai","Office","CL2","ZoneC","DecEle","  982.88",319,169,"696"
"697","Fukuoka","Office","CL4","ZoneC","DecEle","  454.10",378,131,"697"
"698","Sapporo","Office","CL4","ZoneC","DecGas","  600.34",298,159,"698"
"699","Fukuoka","Office","CL5","ZoneC","DecEle","  273.12",287,140,"699"
"702","Tokyo","Office","CL3","ZoneC","DecEle","  120.08",302,22,"702"
"703","Sendai","Office","CL2","ZoneC","DecEle","  663.06",12,1,"ÅióLÅjèüå“é©ìÆé‘ïîïi"
"704","Sendai","Office","CL3","ZoneC","DecEle"," 1820.43",38,184,"704"
"705","Osaka","Office","CL3","ZoneC","DecGas","  392.10",4,100,"705"
"706","Sapporo","Office","CL3","ZoneC","DecGas"," 1257.82",20,152,"706"
"707","Sendai","Office","CL4","ZoneC","DecEle","  407.80",256,190,"707"
"709","Sendai","Office","CL2","ZoneC","DecGas","  209.58",319,173,"709"
"710","Osaka","Office","CL5","ZoneC","DecEle","  181.72",121,115,"710"
"711","Tokyo","Office","CL3","ZoneC","DecEle","   77.93",183,22,"711"
"712","Tokyo","Office","CL5","ZoneC","DecEle","  174.33",170,312,"712"
"713","Tokyo","Office","CL3","ZoneC","DecEle","   70.90",320,23,"713"
"714","Sapporo","Office","CL3","ZoneC","DecEle","  358.12",247,149,"714"
"715","Tokyo","Office","CL6","ZoneC","DecEle"," 3638.40",17,366,"715"
"716","Sapporo","Office","CL3","ZoneC","DecEle","  546.78",349,148,"716"
"717","Osaka","Office","CL2","ZoneC","DecEle","  125.32",396,95,"717"
"718","Tokyo","Office","CL5","ZoneC","DecEle","  194.41",22,44,"718"
"719","Sendai","Office","CL4","ZoneC","DecEle","  192.90",88,195,"719"
"720","Tokyo","Office","CL5","ZoneC","DecEle"," 1591.65",50,350,"720"
"722","Tokyo","Office","CL6","ZoneC","CenGas","  293.00",166,64,"722"
"723","Tokyo","Office","CL3","ZoneC","DecEle","   77.93",268,21,"723"
"724","Sendai","Office","CL3","ZoneC","DecEle","  226.28",182,187,"724"
"725","Tokyo","Office","CL3","ZoneC","DecEle","  108.00",242,21,"725"
"726","Tokyo","Office","CL5","ZoneC","DecEle","   66.75",330,311,"726"
"727","Tokyo","Office","CL4","ZoneC","DecEle","  238.14",333,270,"727"
"728","Sapporo","Office","CL3","ZoneC","DecGas","  395.38",44,152,"728"
"729","Tokyo","Office","CL3","ZoneC","DecEle","   98.88",120,21,"729"
"730","Sendai","Office","CL3","ZoneC","DecEle","  227.06",18,187,"730"
"733","Tokyo","Office","CL4","ZoneC","DecEle","  827.34",27,305,"733"
"734","Sendai","Office","CL3","ZoneC","DecEle","  322.92",59,179,"734"
"735","Sapporo","Office","CL3","ZoneC","DecEle","  615.76",100,148,"735"
"737","Tokyo","Office","CL3","ZoneC","DecEle","  156.27",332,21,"737"
"738","Sendai","Office","CL4","ZoneC","DecEle","  151.54",25,195,"738"
"739","Tokyo","Office","CL5","ZoneC","DecEle","  178.31",241,44,"739"
"740","Tokyo","Office","CL3","ZoneC","DecEle","  211.58",18,258,"740"
"741","Tokyo","Office","CL4","ZoneC","DecEle","  663.88",35,307,"741"
"742","Tokyo","Office","CL4","ZoneC","DecEle","  553.50",103,294,"742"
"743","Osaka","Office","CL2","ZoneC","DecGas","  426.56",98,96,"743"
"744","Sendai","Office","CL4","ZoneC","DecEle","  234.56",245,189,"744"
"745","Osaka","Office","CL2","ZoneC","DecEle","  273.06",294,97,"745"
"746","Tokyo","Office","CL5","ZoneC","DecEle","   80.51",220,312,"746"
"747","Sapporo","Office","CL2","ZoneC","CenOil","  400.38",82,142,"747"
"748","Tokyo","Office","CL5","ZoneC","DecEle","  152.65",315,45,"748"
"749","Sendai","Office","CL2","ZoneC","DecEle","  266.94",198,169,"749"
"751","Osaka","Office","CL4","ZoneC","DecEle","  925.56",253,106,"751"
"752","Tokyo","Office","CL4","ZoneC","DecEle","  925.72",15,293,"752"
"753","Tokyo","Office","CL3","ZoneC","DecEle","  138.27",266,22,"753"
"754","Tokyo","Office","CL2","ZoneC","DecGas","  686.92",351,217,"754"
"755","Tokyo","Office","CL2","ZoneC","DecGas","  291.84",382,205,"755"
"756","Tokyo","Office","CL4","ZoneC","DecEle","  395.00",147,285,"756"
"757","Tokyo","Office","CL3","ZoneC","DecEle","  134.95",256,21,"757"
"758","Sendai","Office","CL3","ZoneC","DecEle","  170.44",268,187,"758"
"759","Tokyo","Office","CL3","ZoneC","DecEle","  172.66",358,21,"759"
"760","Sendai","Office","CL4","ZoneC","DecEle","  233.18",323,193,"760"
"761","Tokyo","Office","CL3","ZoneC","DecEle","  114.54",258,21,"761"
"762","Sendai","Office","CL4","ZoneC","DecGas","  160.08",232,188,"762"
"763","Sapporo","Office","CL3","ZoneC","DecEle","  227.00",53,148,"763"
"764","Tokyo","Office","CL2","ZoneC","DecEle","  243.06",317,221,"764"
"765","Sendai","Office","CL3","ZoneC","DecEle","  157.44",249,187,"765"
"766","Tokyo","Office","CL4","ZoneC","DecEle","  571.76",362,295,"766"
"767","Tokyo","Office","CL5","ZoneC","DecEle","   68.14",224,44,"767"
"768","Sapporo","Office","CL4","ZoneC","DecGas","   79.76",327,158,"768"
"769","Tokyo","Office","CL3","ZoneC","CenOil","   49.83",67,24,"769"
"770","Sapporo","Office","CL3","ZoneC","DecEle","  767.58",63,148,"770"
"771","Tokyo","Office","CL3","ZoneC","DecEle","  104.77",312,21,"771"
"772","Sendai","Office","CL3","ZoneC","DecEle","  193.88",377,187,"772"
"773","Sendai","Office","CL4","ZoneC","DecEle","  237.16",361,190,"773"
"774","Tokyo","Office","CL3","ZoneC","DecEle","  214.79",99,240,"774"
"776","Sendai","Office","CL5","ZoneC","DecEle","  235.37",202,9,"776"
"777","Tokyo","Office","CL3","ZoneC","DecEle","  231.98",126,231,"777"
"778","Sendai","Office","CL2","ZoneC","DecEle","  328.48",155,169,"778"
"779","Tokyo","Office","CL3","ZoneC","DecEle","   80.56",121,21,"779"
"780","Tokyo","Office","CL3","ZoneC","DecEle","  199.20",228,21,"780"
"781","Osaka","Office","CL2","ZoneC","DecEle","  420.36",393,97,"781"
"782","Tokyo","Office","CL4","ZoneC","DecEle","  202.20",276,291,"782"
"783","Fukuoka","Office","CL3","ZoneC","DecGas","   86.98",341,127,"783"
"785","Tokyo","Office","CL5","ZoneC","DecEle","  590.12",129,50,"785"
"786","Tokyo","Office","CL4","ZoneC","DecEle","  252.36",302,288,"786"
"787","Sapporo","Office","CL3","ZoneC","DecEle","  314.52",391,148,"787"
"788","Sendai","Office","CL3","ZoneC","DecEle","  172.34",133,187,"788"
"790","Sapporo","Office","CL3","ZoneC","DecGas","  268.80",117,150,"790"
"791","Sendai","Office","CL4","ZoneC","DecEle","  280.64",351,189,"791"
"792","Sendai","Office","CL2","ZoneC","DecGas","  499.70",115,175,"792"
"793","Tokyo","Office","CL5","ZoneC","DecEle","  870.90",78,309,"793"
"794","Sendai","Office","CL3","ZoneC","DecEle","  567.88",139,187,"794"
"796","Tokyo","Office","CL2","ZoneC","DecEle","  448.20",116,222,"796"
"797","Sapporo","Office","CL3","ZoneC","DecEle","  709.92",171,149,"797"
"798","Tokyo","Office","CL3","ZoneC","DecEle","  120.14",259,21,"798"
"799","Sendai","Office","CL5","ZoneC","DecEle","  401.38",343,200,"799"
"800","Fukuoka","Office","CL5","ZoneC","DecEle","  317.36",205,136,"800"
"801","Tokyo","Office","CL3","ZoneC","DecEle","  147.28",350,22,"801"
"802","Tokyo","Office","CL3","ZoneC","DecGas","  487.14",213,260,"802"
"803","Osaka","Office","CL3","ZoneC","DecGas","  770.74",38,103,"803"
"804","Tokyo","Office","CL4","ZoneC","DecGas"," 2043.36",130,35,"804"
"805","Tokyo","Office","CL3","ZoneC","DecEle","  244.54",7,231,"805"
"806","Osaka","Office","CL2","ZoneC","DecEle","  173.80",40,94,"806"
"807","Sendai","Office","CL4","ZoneC","DecEle","  322.92",264,189,"807"
"808","Nagoya","Office","CL3","ZoneC","DecEle","  536.76",316,82,"808"
"809","Osaka","Office","CL2","ZoneC","DecEle","  164.83",61,94,"809"
"810","Tokyo","Office","CL6","ZoneC","DecEle","  593.64",45,63,"810"
"811","Tokyo","Office","CL4","ZoneC","DecEle","  221.14",328,271,"811"
"812","Tokyo","Office","CL3","ZoneC","DecEle","  114.14",15,22,"812"
"813","Tokyo","Office","CL5","ZoneC","DecEle","  135.42",225,47,"813"
"814","Sendai","Office","CL5","ZoneC","DecEle","  217.04",265,8,"814"
"815","Sendai","Office","CL4","ZoneC","DecEle","  138.14",340,189,"815"
"816","Sendai","Office","CL3","ZoneC","DecEle","  209.46",210,179,"816"
"817","Sapporo","Office","CL3","ZoneC","DecGas","  703.04",179,152,"817"
"818","Fukuoka","Office","CL2","ZoneC","DecGas","  494.52",88,122,"818"
"819","Fukuoka","Office","CL4","ZoneC","DecEle","  620.08",393,134,"819"
"820","Sendai","Office","CL2","ZoneC","DecEle","  164.82",47,167,"820"
"821","Osaka","Office","CL2","ZoneC","DecEle","  118.20",175,94,"821"
"822","Tokyo","Office","CL5","ZoneC","DecEle"," 1720.12",295,337,"822"
"823","Tokyo","Office","CL3","ZoneC","DecEle","  179.79",327,23,"823"
"824","Tokyo","Office","CL5","ZoneC","DecEle"," 2277.99",235,325,"824"
"825","Osaka","Office","CL2","ZoneC","DecGas","  202.34",194,96,"825"
"826","Tokyo","Office","CL5","ZoneC","DecEle"," 1326.12",187,329,"826"
"827","Nagoya","Office","CL4","ZoneC","DecEle","  883.22",233,87,"827"
"828","Sapporo","Office","CL3","ZoneC","DecEle","  247.83",261,148,"828"
"829","Tokyo","Office","CL3","ZoneC","DecEle"," 3757.96",327,252,"829"
"830","Tokyo","Office","CL3","ZoneC","DecEle"," 6398.84",330,238,"830"
"831","Tokyo","Office","CL3","ZoneC","DecEle","  198.62",205,21,"831"
"832","Tokyo","Office","CL2","ZoneC","CenOil","  295.88",128,208,"832"
"833","Tokyo","Office","CL3","ZoneC","DecEle","  137.40",232,21,"833"
"834","Osaka","Office","CL2","ZoneC","DecEle","  125.54",371,95,"834"
"835","Tokyo","Office","CL3","ZoneC","DecEle","  190.76",290,22,"835"
"836","Osaka","Office","CL2","ZoneC","DecEle","  180.72",366,95,"836"
"838","Tokyo","Office","CL3","ZoneC","DecEle","  905.48",350,28,"838"
"839","Sendai","Office","CL4","ZoneC","DecEle","  161.00",277,189,"839"
"840","Nagoya","Office","CL4","ZoneC","DecEle"," 1638.92",53,85,"840"
"841","Osaka","Office","CL3","ZoneC","DecGas","  303.07",234,100,"841"
"842","Sapporo","Office","CL4","ZoneC","DecEle","  549.62",65,155,"842"
"843","Nagoya","Office","CL3","ZoneC","DecEle","  733.02",196,81,"843"
"844","Osaka","Office","CL3","ZoneC","DecGas","  416.96",300,99,"844"
"845","Tokyo","Office","CL6","ZoneC","CenGas","  329.67",123,64,"845"
"846","Sendai","Office","CL3","ZoneC","DecEle","  306.24",195,178,"846"
"847","Tokyo","Office","CL3","ZoneC","DecEle","   35.70",178,22,"847"
"848","Tokyo","Office","CL2","ZoneC","DecEle","  310.14",91,225,"848"
"849","Tokyo","Office","CL3","ZoneC","DecGas","  337.59",166,260,"849"
"850","Tokyo","Office","CL3","ZoneC","DecGas","  261.45",19,243,"850"
"851","Tokyo","Office","CL6","ZoneC","DecEle","  290.32",67,61,"851"
"853","Tokyo","Office","CL6","ZoneC","DecEle","  835.52",23,62,"853"
"854","Tokyo","Office","CL5","ZoneC","DecEle"," 1346.28",91,342,"854"
"855","Sendai","Office","CL2","ZoneC","DecEle"," 7677.42",25,1,"ëxç∫ésóßî™ì˙ésèÍåˆñØäŸ"
"856","Tokyo","Office","CL2","ZoneC","DecEle","  216.67",97,223,"856"
"857","Tokyo","Office","CL5","ZoneC","DecEle","  117.57",199,311,"857"
"858","Sendai","Office","CL4","ZoneC","DecEle","  272.50",330,192,"858"
"859","Tokyo","Office","CL2","ZoneC","DecEle","  140.06",349,214,"859"
"860","Fukuoka","Office","CL5","ZoneC","DecEle","  151.68",99,139,"860"
"861","Sendai","Office","CL2","ZoneC","DecEle","  734.96",153,174,"861"
"862","Sapporo","Office","CL3","ZoneC","DecGas","  819.08",129,152,"862"
"863","Tokyo","Office","CL3","ZoneC","DecEle","  249.86",3,265,"863"
"865","Osaka","Office","CL3","ZoneC","DecEle","  217.24",165,98,"865"
"866","Nagoya","Office","CL4","ZoneC","CenOil","  562.53",142,84,"866"
"867","Sapporo","Office","CL2","ZoneC","DecEle","  297.52",17,144,"867"
"868","Tokyo","Office","CL5","ZoneC","DecEle"," 1457.13",126,335,"868"
"869","Tokyo","Office","CL2","ZoneC","DecEle","  225.22",124,203,"869"
"870","Sapporo","Office","CL3","ZoneC","DecGas","  181.24",217,152,"870"
"871","Sendai","Office","CL3","ZoneC","DecEle","  196.38",318,187,"871"
"872","Tokyo","Office","CL3","ZoneC","DecEle","  145.83",369,22,"872"
"873","Sendai","Office","CL3","ZoneC","DecEle","  139.32",175,187,"873"
"874","Tokyo","Office","CL3","ZoneC","DecEle","   46.06",390,22,"874"
"875","Sendai","Office","CL2","ZoneC","DecGas","  503.04",323,172,"875"
"876","Sendai","Office","CL4","ZoneC","DecEle","  114.52",261,189,"876"
"877","Tokyo","Office","CL4","ZoneC","DecEle","  405.72",261,280,"877"
"878","Tokyo","Office","CL5","ZoneC","DecEle","  153.40",117,44,"878"
"879","Sendai","Office","CL3","ZoneC","DecEle","  375.84",395,181,"879"
"881","Sendai","Office","CL3","ZoneC","DecEle","  157.12",202,187,"881"
"882","Sapporo","Office","CL3","ZoneC","DecEle","  163.64",94,148,"882"
"883","Tokyo","Office","CL3","ZoneC","DecEle","  337.76",68,25,"883"
"884","Tokyo","Office","CL3","ZoneC","DecEle","  119.93",235,22,"884"
"885","Sapporo","Office","CL3","ZoneC","DecGas","  304.72",35,152,"885"
"886","Osaka","Office","CL4","ZoneC","DecGas","  840.44",188,105,"886"
"887","Sendai","Office","CL3","ZoneC","DecEle"," 4422.18",399,182,"887"
"888","Sapporo","Office","CL3","ZoneC","DecGas","  394.38",349,151,"888"
"889","Fukuoka","Office","CL3","ZoneC","CenOil"," 1203.72",154,128,"889"
"891","Tokyo","Office","CL3","ZoneC","DecEle","   68.03",107,22,"891"
"892","Tokyo","Office","CL3","ZoneC","DecEle","  162.76",55,23,"892"
"893","Tokyo","Office","CL3","ZoneC","DecEle","   65.26",257,22,"893"
"894","Tokyo","Office","CL5","ZoneC","DecEle"," 2858.12",354,355,"894"
"895","Tokyo","Office","CL4","ZoneC","DecEle","  545.04",57,303,"895"
"896","Sapporo","Office","CL3","ZoneC","DecEle","  270.62",379,148,"896"
"897","Tokyo","Office","CL3","ZoneC","DecEle","  106.06",350,22,"897"
"899","Sapporo","Office","CL4","ZoneC","DecEle"," 2912.42",77,156,"899"
"900","Tokyo","Office","CL5","ZoneC","DecEle","  152.44",317,312,"900"
"901","Tokyo","Office","CL3","ZoneC","DecEle","  154.54",321,22,"901"
"902","Tokyo","Office","CL4","ZoneC","DecEle","  986.04",243,304,"902"
"904","Tokyo","Office","CL4","ZoneC","DecEle","  248.37",139,40,"904"
"905","Tokyo","Office","CL3","ZoneC","DecEle","  113.58",291,21,"905"
"906","Nagoya","Office","CL3","ZoneC","DecEle","  647.10",268,82,"906"
"907","Tokyo","Office","CL3","ZoneC","CenOil","   56.00",297,24,"907"
"909","Tokyo","Office","CL3","ZoneC","DecEle","  161.71",244,23,"909"
"910","Sapporo","Office","CL5","ZoneC","DecEle","  240.50",363,162,"910"
"911","Sendai","Office","CL3","ZoneC","DecEle","  110.52",280,187,"911"
"912","Tokyo","Office","CL5","ZoneC","DecEle"," 1429.60",156,340,"912"
"913","Tokyo","Office","CL3","ZoneC","DecEle","  103.91",35,22,"913"
"915","Tokyo","Office","CL4","ZoneC","DecEle","  619.56",188,292,"915"
"916","Tokyo","Office","CL5","ZoneC","DecEle"," 2377.10",107,326,"916"
"917","Sapporo","Office","CL3","ZoneC","DecEle","  198.60",269,148,"917"
"918","Sendai","Office","CL2","ZoneC","DecEle","  968.36",355,169,"918"
"919","Sendai","Office","CL5","ZoneC","DecEle","  274.58",208,199,"919"
"920","Tokyo","Office","CL5","ZoneC","DecEle","  907.22",27,322,"920"
"921","Tokyo","Office","CL4","ZoneC","DecEle","  615.06",103,30,"921"
"922","Tokyo","Office","CL3","ZoneC","DecEle","  123.98",333,21,"922"
"923","Tokyo","Office","CL3","ZoneC","DecEle","  128.62",227,22,"923"
"924","Osaka","Office","CL4","ZoneC","DecGas","  667.88",239,107,"924"
"926","Sendai","Office","CL3","ZoneC","DecEle","  404.02",53,178,"926"
"927","Tokyo","Office","CL4","ZoneC","DecEle","  415.20",346,277,"927"
"928","Tokyo","Office","CL3","ZoneC","DecEle","   66.31",354,21,"928"
"930","Sapporo","Office","CL3","ZoneC","DecEle","   96.18",65,148,"930"
"931","Sapporo","Office","CL4","ZoneC","DecGas"," 1479.98",305,158,"931"
"932","Tokyo","Office","CL3","ZoneC","DecEle","   86.13",359,21,"932"
"933","Sendai","Office","CL2","ZoneC","DecEle","  230.58",96,174,"933"
"934","Sapporo","Office","CL2","ZoneC","DecEle","  299.08",1,141,"934"
"935","Sendai","Office","CL4","ZoneC","DecEle","   50.40",327,189,"935"
"936","Tokyo","Office","CL5","ZoneC","DecEle","   68.67",80,357,"936"
"937","Sendai","Office","CL5","ZoneC","DecGas"," 1736.96",235,197,"937"
"938","Fukuoka","Office","CL5","ZoneC","DecEle","  279.68",282,139,"938"
"939","Sapporo","Office","CL4","ZoneC","DecGas","  165.20",324,158,"939"
"940","Sendai","Office","CL2","ZoneC","DecEle","10706.91",123,1,"ëxç∫ésñèä"
"941","Sapporo","Office","CL3","ZoneC","DecGas","  163.58",325,151,"941"
"942","Nagoya","Office","CL2","ZoneC","DecGas","  291.59",17,77,"942"
"943","Tokyo","Office","CL2","ZoneC","DecGas","  412.50",298,229,"943"
"944","Sendai","Office","CL2","ZoneC","DecEle","10436.25",69,1,"ëxç∫ésñØÇ”ÇÍÇ†Ç¢ÉZÉìÉ^Å["
"945","Sendai","Office","CL4","ZoneC","DecEle","  118.28",359,194,"945"
"946","Fukuoka","Office","CL5","ZoneC","DecEle","  439.76",144,138,"946"
"948","Tokyo","Office","CL2","ZoneC","CenOil","  222.60",128,15,"948"
"949","Sendai","Office","CL4","ZoneC","DecEle","  119.08",156,6,"949"
"950","Tokyo","Office","CL3","ZoneC","DecEle","  110.88",56,21,"950"
"951","Fukuoka","Office","CL2","ZoneC","DecEle","  367.44",338,124,"951"
"952","Tokyo","Office","CL3","ZoneC","DecEle","  173.70",169,21,"952"
"953","Tokyo","Office","CL3","ZoneC","DecEle","   74.67",41,21,"953"
"954","Sapporo","Office","CL2","ZoneC","CenOil","  336.08",290,143,"954"
"955","Osaka","Office","CL4","ZoneC","CenOil","  542.31",377,108,"955"
"956","Tokyo","Office","CL3","ZoneC","DecEle","  108.67",345,23,"956"
"957","Tokyo","Office","CL2","ZoneC","DecEle","  389.08",59,11,"957"
"958","Tokyo","Office","CL3","ZoneC","DecEle","  103.29",56,22,"958"
"959","Tokyo","Office","CL3","ZoneC","DecEle","  232.47",340,248,"959"
"960","Fukuoka","Office","CL5","ZoneC","DecEle","  197.94",312,138,"960"
"961","Tokyo","Office","CL2","ZoneC","DecEle","  210.09",95,225,"961"
"962","Tokyo","Office","CL3","ZoneC","DecEle","   64.52",240,21,"962"
"963","Sapporo","Office","CL3","ZoneC","DecGas","  909.58",344,151,"963"
"965","Tokyo","Office","CL4","ZoneC","DecEle","  202.75",29,290,"965"
"968","Sapporo","Office","CL3","ZoneC","DecEle","  191.92",1,148,"968"
"969","Tokyo","Office","CL3","ZoneC","DecEle","  152.83",3,21,"969"
"972","Tokyo","Office","CL3","ZoneC","DecEle","   77.86",310,21,"972"
"974","Sapporo","Office","CL3","ZoneC","DecEle","  462.26",240,148,"974"
"975","Osaka","Office","CL5","ZoneC","CenGas"," 3391.20",59,111,"975"
"976","Tokyo","Office","CL3","ZoneC","DecEle","  302.08",179,255,"976"
"977","Sendai","Office","CL5","ZoneC","DecEle","  283.00",371,8,"977"
"978","Sendai","Office","CL4","ZoneC","DecGas","  378.72",86,188,"978"
"979","Sendai","Office","CL2","ZoneC","DecEle"," 1442.92",54,169,"979"
"980","Tokyo","Office","CL4","ZoneC","DecEle","  212.75",255,286,"980"
"981","Sendai","Office","CL2","ZoneC","DecGas","  327.42",95,171,"981"
"982","Tokyo","Office","CL5","ZoneC","DecEle","  632.80",366,323,"982"
"983","Sendai","Office","CL3","ZoneC","DecEle","  109.64",287,187,"983"
"984","Sendai","Office","CL2","ZoneC","DecEle"," 2290.28",285,1,"ÉtÉ@ÉbÉVÉáÉìÉZÉìÉ^Å[ÇµÇ‹ÇﬁÇÁî™ì˙ésèÍìX"
"985","Sapporo","Office","CL3","ZoneC","DecGas","  454.86",289,151,"985"
"986","Sendai","Office","CL2","ZoneC","DecEle"," 1129.10",196,169,"986"
"987","Sendai","Office","CL3","ZoneC","DecEle","  158.74",132,187,"987"
"988","Tokyo","Office","CL5","ZoneC","DecEle"," 1357.16",191,338,"988"
"989","Sendai","Office","CL3","ZoneC","DecEle"," 5865.50",274,187,"989"
"990","Tokyo","Office","CL2","ZoneC","CenOil"," 1737.12",193,208,"990"
"991","Sendai","Office","CL5","ZoneC","DecEle"," 2189.86",77,196,"991"
"992","Sendai","Office","CL2","ZoneC","DecEle","19009.41",71,1,"ÉJÉCÉìÉYÉXÅ[ÉpÅ[ÉZÉìÉ^Å[î™ì˙ésèÍìX"
"993","Tokyo","Office","CL5","ZoneC","DecGas"," 2038.30",364,353,"993"
"994","Sendai","Office","CL2","ZoneC","DecEle"," 7629.25",179,1,"ÇmÇsÇsìåì˙ñ{î™ì˙ésèÍÉrÉã"
"995","Tokyo","Office","CL3","ZoneC","CenOil","  195.69",206,24,"995"
"996","Sendai","Office","CL3","ZoneC","DecEle","  234.40",200,187,"996"
"997","Sendai","Office","CL3","ZoneC","DecEle","  119.98",258,187,"997"
"998","Sendai","Office","CL4","ZoneC","DecEle","  837.44",131,194,"998"
"999","Tokyo","Office","CL3","ZoneC","DecEle","  101.44",56,22,"999"
"1000","Sendai","Office","CL6","ZoneC","DecEle","  294.84",396,201,"1000"
"1001","Sendai","Office","CL4","ZoneC","DecEle","  117.20",262,192,"1001"
"1002","Tokyo","Office","CL2","ZoneC","DecEle","  468.96",377,224,"1002"
"1003","Sendai","Office","CL3","ZoneC","DecEle","  385.14",72,187,"1003"
"1004","Tokyo","Office","CL3","ZoneC","DecEle","  191.56",269,23,"1004"
"1005","Sapporo","Office","CL2","ZoneC","CenOil","  340.70",8,142,"1005"
"1006","Tokyo","Office","CL2","ZoneC","DecEle","   28.90",285,216,"1006"
"1007","Sapporo","Office","CL3","ZoneC","DecEle","  648.60",221,153,"1007"
"1008","Tokyo","Office","CL5","ZoneC","DecEle"," 1099.58",375,347,"1008"
"1009","Tokyo","Office","CL3","ZoneC","DecEle","   30.36",392,21,"1009"
"1010","Sapporo","Office","CL3","ZoneC","DecGas","  304.72",117,152,"1010"
"1011","Tokyo","Office","CL5","ZoneC","DecGas","  156.71",164,358,"1011"
"1012","Tokyo","Office","CL3","ZoneC","DecEle","  151.16",19,22,"1012"
"1013","Tokyo","Office","CL5","ZoneC","DecGas","  211.40",20,360,"1013"
"1014","Tokyo","Office","CL4","ZoneC","DecEle","  251.02",329,281,"1014"
"1015","Tokyo","Office","CL5","ZoneC","DecEle","  163.80",193,312,"1015"
"1016","Tokyo","Office","CL5","ZoneC","DecEle"," 1325.38",50,327,"1016"
"1017","Tokyo","Office","CL4","ZoneC","DecEle","  321.29",209,273,"1017"
"1018","Tokyo","Office","CL3","ZoneC","DecEle","  122.59",33,21,"1018"
"1019","Osaka","Office","CL2","ZoneC","DecEle","  262.04",191,97,"1019"
"1020","Tokyo","Office","CL3","ZoneC","DecEle","  178.18",281,22,"1020"
"1021","Tokyo","Office","CL3","ZoneC","DecEle","  180.26",392,22,"1021"
"1022","Sapporo","Office","CL3","ZoneC","DecGas","  363.68",36,151,"1022"
"1023","Tokyo","Office","CL5","ZoneC","DecEle"," 1708.66",33,343,"1023"
"1024","Tokyo","Office","CL5","ZoneC","DecEle"," 2121.38",118,352,"1024"
"1025","Hiroshima","Office","CL3","ZoneC","DecEle","  141.05",209,120,"1025"
"1026","Tokyo","Office","CL3","ZoneC","DecEle","  175.98",45,21,"1026"
"1027","Osaka","Office","CL4","ZoneC","DecEle","  521.44",37,104,"1027"
"1028","Tokyo","Office","CL3","ZoneC","DecEle","  166.90",216,22,"1028"
"1029","Tokyo","Office","CL3","ZoneC","DecEle","  401.26",250,235,"1029"
"1032","Tokyo","Office","CL4","ZoneC","DecEle","  673.38",157,306,"1032"
"1033","Sendai","Office","CL4","ZoneC","DecGas","  142.52",205,188,"1033"
"1034","Tokyo","Office","CL3","ZoneC","DecEle","  168.13",330,22,"1034"
"1035","Sendai","Office","CL4","ZoneC","DecGas","  127.44",358,188,"1035"
"1036","Tokyo","Office","CL3","ZoneC","CenOil","  191.42",337,24,"1036"
"1037","Tokyo","Office","CL5","ZoneC","DecEle","  178.22",379,312,"1037"
"1038","Fukuoka","Office","CL5","ZoneC","DecEle","  173.28",317,137,"1038"
"1039","Tokyo","Office","CL3","ZoneC","DecEle","  105.29",133,21,"1039"
"1040","Tokyo","Office","CL4","ZoneC","DecEle","  292.07",161,277,"1040"
"1041","Tokyo","Office","CL3","ZoneC","DecEle","  146.92",231,21,"1041"
"1042","Tokyo","Office","CL3","ZoneC","DecEle","   81.38",301,21,"1042"
"1043","Tokyo","Office","CL3","ZoneC","DecEle","  135.68",106,21,"1043"
"1044","Tokyo","Office","CL3","ZoneC","DecEle","  111.82",336,21,"1044"
"1045","Tokyo","Office","CL2","ZoneC","DecEle","  338.74",370,204,"1045"
"1046","Tokyo","Office","CL3","ZoneC","DecEle","  145.21",192,23,"1046"
"1047","Tokyo","Office","CL5","ZoneC","DecEle","  129.98",120,311,"1047"
"1048","Tokyo","Office","CL3","ZoneC","DecGas","  203.14",170,234,"1048"
"1049","Tokyo","Office","CL7","ZoneC","CenGas","  646.48",299,69,"1049"
"1050","Tokyo","Office","CL3","ZoneC","DecEle","  161.80",162,21,"1050"
"1051","Sapporo","Office","CL4","ZoneC","DecEle","  439.60",51,155,"1051"
"1052","Tokyo","Office","CL3","ZoneC","DecEle","   72.84",365,21,"1052"
"1053","Sapporo","Office","CL2","ZoneC","CenOil","  451.00",98,142,"1053"
"1054","Tokyo","Office","CL3","ZoneC","CenOil","  120.03",284,24,"1054"
"1055","Tokyo","Office","CL5","ZoneC","DecEle","  130.48",281,45,"1055"
"1056","Sendai","Office","CL2","ZoneC","DecGas","  614.64",400,166,"1056"
"1057","Osaka","Office","CL2","ZoneC","DecEle","  129.67",95,94,"1057"
"1058","Tokyo","Office","CL4","ZoneC","CenOil","  243.14",48,278,"1058"
"1059","Tokyo","Office","CL5","ZoneC","DecEle","  175.90",256,312,"1059"
"1060","Tokyo","Office","CL4","ZoneC","CenOil"," 1427.20",398,32,"1060"
"1061","Tokyo","Office","CL3","ZoneC","CenOil"," 2155.92",206,249,"1061"
"1062","Sapporo","Office","CL6","ZoneC","DecEle","  359.78",271,164,"1062"
"1063","Tokyo","Office","CL3","ZoneC","DecEle","  191.25",341,21,"1063"
"1064","Tokyo","Office","CL5","ZoneC","DecEle","  198.54",72,311,"1064"
"1065","Sendai","Office","CL3","ZoneC","DecEle","  143.74",38,187,"1065"
"1066","Tokyo","Office","CL3","ZoneC","DecEle","  126.34",318,22,"1066"
"1067","Tokyo","Office","CL3","ZoneC","CenOil","  128.30",223,24,"1067"
"1068","Sendai","Office","CL2","ZoneC","DecEle","  167.38",237,167,"1068"
"1069","Sapporo","Office","CL3","ZoneC","DecGas","  434.72",361,151,"1069"
"1070","Tokyo","Office","CL5","ZoneC","DecEle","  281.10",389,43,"1070"
"1071","Tokyo","Office","CL2","ZoneC","DecEle","  473.46",103,228,"1071"
"1072","Tokyo","Office","CL3","ZoneC","DecEle","  151.48",39,21,"1072"
"1073","Tokyo","Office","CL3","ZoneC","DecEle","   62.42",397,22,"1073"
"1074","Fukuoka","Office","CL5","ZoneC","DecEle","  267.16",302,138,"1074"
"1075","Osaka","Office","CL5","ZoneC","CenGas","  319.92",297,116,"1075"
"1076","Tokyo","Office","CL5","ZoneC","DecEle","   93.81",198,311,"1076"
"1077","Tokyo","Office","CL3","ZoneC","DecEle","  219.86",178,258,"1077"
"1078","Tokyo","Office","CL3","ZoneC","DecEle","   79.29",94,22,"1078"
"1079","Tokyo","Office","CL3","ZoneC","DecEle","   92.69",11,21,"1079"
"1080","Sendai","Office","CL5","ZoneC","DecEle","  233.68",335,200,"1080"
"1081","Sendai","Office","CL2","ZoneC","DecEle","  281.50",328,170,"1081"
