"","Area","Building","Cluster","Zoning","Plant","HVAC","TFA","HEX","VWV","NaturalVentilation","CO2control","Insulation","Lighting","HSCOP","NoBuilding","Schedule_Sampling","RegionBuilding","SourceBuildingName","PlantYOLO"
"1","Tokyo","Office","CL5","ZoneC","EHP","MUL","  2437.74","1","0","0","0","2","2","3","1784",200,"B00001","<U+FF2F><U+FF30><U+65E5><U+672C><U+6A4B><U+30D3><U+30EB><U+30C7><U+30A3><U+30F3><U+30B0>","PAC"
"2","Tokyo","Office","CL7","ZoneC","GHP","MUL"," 10937.30","1","0","0","0","2","2","2","8673",37,"B00002","<U+56FD><U+5206><U+30D3><U+30EB><U+30C7><U+30A3><U+30F3><U+30B0>","MUL"
"3","Tokyo","Office","CL1","ZoneC","EHP","MUL","    69.60","1","0","0","0","1","2","2","8327",85,"B00003","<U+65E5><U+672C><U+6A4B><U+6D88><U+9632><U+56E3><U+5730><U+57DF><U+6D3B><U+52D5><U+30BB><U+30F3><U+30BF><U+30FC>",""
"4","Tokyo","Office","CL4","ZoneC","EHP","MUL","  1839.76","1","0","0","0","2","2","2","1224",235,"B00004","<U+662D><U+548C><U+897F><U+5DDD><U+30D3><U+30EB>","MUL"
"5","Tokyo","Office","CL1","ZoneC","EHP","MUL","    58.96","1","0","0","0","2","2","2","8328",354,"B00005","<U+65E5><U+672C><U+6A4B><U+89B3><U+5149><U+6848><U+5185><U+6240>",""
"6","Tokyo","Office","CL6","ZoneC","COM+TESICE","CAV","  5349.73","1","0","0","0","1","2","3","11553",339,"B00006","<U+6771><U+6D0B><U+30D3><U+30EB><U+30C7><U+30A3><U+30F3><U+30B0>","CT"
"7","Tokyo","Retail","HousingClothingSuper","ZoneC","ABCH","OHUFCU"," 21852.73","0","0","0","0","1","2","3","30993",395,"B00007","<U+69AE><U+592A><U+6A13><U+30D3><U+30EB><U+30C7><U+30A3><U+30F3><U+30B0>","CT"
"8","Tokyo","Office","CL3","ZoneC","AHP","CAV","   585.80","0","0","0","0","2","1","2","2562",180,"B00008","<U+4E09><U+6839><U+30D3><U+30EB>",""
"9","Tokyo","Hospital","CL2","ZoneC","EHP","MUL","   349.83","0","0","0","0","1","1","3","20549",119,"B00009","<U+30D6><U+30EB><U+30FC><U+30DE><U+30FC><U+30AF><U+FF18><U+FF13>",""
"10","Tokyo","Office","CL4","ZoneC","EHP","MUL","  1107.81","1","0","0","1","2","1","2","2571",140,"B00010","<U+89AA><U+548C><U+30D3><U+30EB>","PAC"
"11","Tokyo","Office","CL2","ZoneC","EHP","MUL","   218.68","1","0","0","0","1","2","3","1634",386,"B00011","<U+5DDD><U+5149><U+30D3><U+30EB>",""
"12","Tokyo","Retail","HousingClothingSuper","ZoneC","EHP","MUL","  5628.90","0","0","0","0","2","2","2","29165",383,"B00012","<U+65E5><U+672C><U+6A4B><U+30D5><U+30A1><U+30FC><U+30B9><U+30C8><U+30D3><U+30EB>","MUL"
"13","Tokyo","Office","CL3","ZoneC","GHP","MUL","   736.30","0","0","0","0","2","1","3","5457",122,"B00013","<U+69AE><U+592A><U+6A13><U+7B2C><U+4E8C><U+30D3><U+30EB>",""
"14","Tokyo","Hospital","CL4","ZoneC","EHP","MUL","  1449.50","1","0","0","0","1","1","3","20575",187,"B00014","<U+30CB><U+30DB><U+30F3><U+30D0><U+30B7><U+30D3><U+30EB>","PAC"
"15","Tokyo","Office","CL6","ZoneC","COM+TESICE","CAV","  6006.60","1","0","0","0","1","2","2","8649",186,"B00015","<U+9ED2><U+6C5F><U+5C4B><U+56FD><U+5206><U+30D3><U+30EB>","CT"
"16","Tokyo","Office","CL2","ZoneC","EHP","MUL","   224.55","0","0","0","0","2","2","2","1152",64,"B00016","<U+4E2D><U+56FD><U+6599><U+7406><U+5C0F><U+6D1E><U+5929>","MUL"
"17","Tokyo","Office","CL3","ZoneC","ABCH","CAV","   844.56","1","0","0","0","2","2","2","8354",210,"B00017","<U+4E00><U+6771><U+6D0B><U+30D3><U+30EB>","CT"
"18","Tokyo","Retail","HousingClothingSuper","ZoneC","EHP","MUL","  1065.00","1","0","1","0","1","2","2","29163",350,"B00018","<U+30C7><U+30A3><U+30A2><U+30DE><U+30F3><U+30C8><U+30D3><U+30EB>","PAC"
"19","Tokyo","Office","CL8c","ZoneA","EHP","MUL"," 26464.50","0","0","0","0","3","2","2","8870",95,"B00019","<U+6771><U+4EAC><U+5EFA><U+7269><U+65E5><U+672C><U+6A4B><U+30D3><U+30EB>","MUL"
"20","Tokyo","Office","CL6","ZoneC","GHP","MUL","  9442.29","1","0","0","0","2","2","2","8517",284,"B00020","<U+FF08><U+682A><U+FF09><U+4E09><U+6D0B><U+8CA9><U+58F2>","MUL"
"21","Tokyo","Retail","HousingClothingSuper","ZoneC","COM+TESICE","CAV","101182.18","0","0","0","0","2","1","2","25619",118,"B00021","<U+65E5><U+672C><U+6A4B><U+4E00><U+4E01><U+76EE><U+4E09><U+4E95><U+30D3><U+30EB><U+30C7><U+30A3><U+30F3><U+30B0>","CT"
"22","Tokyo","Office","CL1","ZoneC","EHP","MUL","    17.82","1","0","0","0","1","2","3","11232",193,"B00022","<U+65E5><U+672C><U+6A4B><U+4EA4><U+756A>",""
"23","Tokyo","Office","CL8c","ZoneA","EHP","MUL"," 32111.00","1","0","0","0","3","1","2","3074",227,"B00023","<U+65E5><U+9244><U+65E5><U+672C><U+6A4B><U+30D3><U+30EB>",""
"24","Tokyo","Office","CL3","ZoneC","EHP","MUL","   930.89","1","0","0","0","1","2","3","1679",385,"B00024","<U+767D><U+4E95><U+30D3><U+30EB>","MUL"
"25","Tokyo","Office","CL2","ZoneC","GHP","MUL","   287.53","1","0","0","0","1","1","3","574",361,"B00025","<U+30A4><U+30B9><U+30AF><U+30E9><U+7523><U+696D><U+FF08><U+682A><U+FF09>","MUL"
"26","Tokyo","Retail","HousingClothingSuper","ZoneC","EHP","MUL","  3159.09","1","0","0","0","1","2","3","30966",309,"B00026","<U+660E><U+6CBB><U+5B89><U+7530><U+751F><U+547D><U+6C5F><U+6238><U+6A4B><U+30D3><U+30EB>","MUL"
"27","Tokyo","Office","CL1","ZoneC","EHP","MUL","   106.66","1","0","0","0","1","1","3","5435",36,"B00027","<U+65E5><U+672C><U+4E2D><U+533B><U+85AC><U+7814><U+7A76><U+4F1A>",""
"28","Tokyo","Office","CL6","ZoneC","GHP","MUL","  7698.46","1","0","0","0","2","1","2","2721",61,"B00028","<U+30D1><U+30FC><U+30AB><U+30FC><U+30D3><U+30EB>","MUL"
"29","Tokyo","Office","CL2","ZoneC","EHP","MUL","   309.21","0","0","0","0","2","2","3","1646",292,"B00029","<U+7D44><U+6A4B><U+30D3><U+30EB>",""
"30","Tokyo","Office","CL1","ZoneC","EHP","MUL","   152.40","1","0","0","0","2","1","3","5436",177,"B00030","<U+30B3><U+30FC><U+30D2><U+30FC><U+548C>","PAC"
"31","Tokyo","Retail","HousingClothingSuper","ZoneC","EHP","MUL","   687.47","0","0","0","0","1","1","2","25553",40,"B00031","<U+30B5><U+30F3><U+30E6><U+65E5><U+672C><U+6A4B><U+4E00><U+4E01><U+76EE><U+30D3><U+30EB>","PAC"
"32","Tokyo","Office","CL1","ZoneC","EHP","MUL","   105.22","1","0","0","0","2","2","3","11233",324,"B00032","<U+5FA1><U+83D3><U+5B50><U+53F8><U+3068><U+304D><U+308F><U+6728>","PAC"
"33","Tokyo","Office","CL1","ZoneC","GHP","MUL","   164.76","1","0","0","0","1","2","3","11234",129,"B00033","<U+677E><U+79C0><U+30B3><U+30FC><U+30D2><U+30FC>","PAC"
"34","Tokyo","Office","CL5","ZoneC","ABCH","CAV","  4268.34","0","0","0","0","2","2","2","8421",126,"B00034","<U+5DE5><U+88C5><U+65E5><U+672C><U+6A4B><U+30D3><U+30EB>","CT"
"35","Tokyo","Retail","HousingClothingSuper","ZoneC","EHP","MUL","  6057.40","0","0","0","0","1","2","3","30965",377,"B00035","<U+65E5><U+672C><U+6A4B><U+FF24><U+30FC><U+FF53><U+FF51><U+FF55><U+FF41><U+FF52><U+FF45>","MUL"
"36","Tokyo","Office","CL4","ZoneC","EHP","MUL","  1176.56","0","0","0","0","1","1","2","110",342,"B00036","<U+4E45><U+5BCC><U+30D3><U+30EB>","PAC"
"37","Tokyo","Office","CL5","ZoneC","EHP","MUL","  4337.57","1","0","1","0","2","1","3","709",176,"B00037","<U+65E5><U+672C><U+6A4B><U+6728><U+6751><U+30D3><U+30EB>","MUL"
"38","Tokyo","Office","CL5","ZoneC","EHP","MUL","  3852.00","1","0","1","0","2","1","3","708",345,"B00038","<U+5CA1><U+4E09><U+8A3C><U+5238><U+FF08><U+682A><U+FF09>","MUL"
"39","Tokyo","Office","CL3","ZoneC","GHP","MUL","   988.82","0","0","0","0","1","2","2","8348",340,"B00039","<U+6C38><U+7530><U+30D3><U+30EB>",""
"40","Tokyo","Office","CL6","ZoneC","EHP","MUL","  6974.52","1","0","0","0","2","2","3","1806",245,"B00040","<U+65B0><U+5149><U+30D3><U+30EB><U+30C7><U+30A3><U+30F3><U+30B0><U+65E5><U+672C><U+6A4B>","MUL"
"41","Tokyo","Office","CL5","ZoneC","EHP","MUL","  4773.70","1","0","0","0","2","1","2","176",382,"B00041","<U+65E5><U+672C><U+6A4B><U+30D3><U+30EB><U+30C7><U+30A3><U+30F3><U+30B0>","MUL"
"42","Tokyo","Hospital","CL4","ZoneC","EHP","MUL","  1350.58","1","0","0","0","1","2","2","22216",279,"B00042","<U+30AF><U+30ED><U+30FC><U+30D0><U+30FC><U+65E5><U+672C><U+6A4B>","MUL"
"43","Tokyo","Office","CL4","ZoneC","EHP","MUL","  1895.44","1","0","1","0","1","2","3","11267",345,"B00043","<U+7B2C><U+4E09><U+6B63><U+660E><U+30D3><U+30EB>","MUL"
"44","Tokyo","Office","CL1","ZoneC","EHP","MUL","    65.05","1","0","0","0","2","2","3","11233",29,"B00044","<U+FF08><U+682A><U+FF09><U+5165><U+91D1>",""
"45","Tokyo","Office","CL1","ZoneC","EHP","MUL","   183.54","1","0","0","0","2","2","2","8328",55,"B00045","<U+4F0A><U+85E4><U+30D3><U+30EB>","PAC"
"46","Tokyo","Office","CL2","ZoneC","EHP","MUL","   271.08","1","0","0","0","1","2","2","1143",83,"B00046","<U+30A8><U+30D5><U+30F4><U+30A7><U+30FC><U+65E5><U+672C><U+6A4B><U+30D3><U+30EB>","PAC"
"47","Tokyo","Office","CL2","ZoneC","EHP","MUL","   260.95","1","0","0","0","2","2","3","1650",337,"B00047","<U+6A4B><U+672C><U+30D3><U+30EB>","PAC"
"48","Tokyo","Office","CL7","ZoneC","AB","VAV"," 19399.17","1","0","1","0","1","1","3","5885",374,"B00048","<U+65E5><U+672C><U+6A4B><U+90F5><U+4FBF><U+5C40>","CT"
"49","Tokyo","Office","CL8c","ZoneA","EHP","MUL"," 33736.86","1","0","1","1","3","2","2","8875",181,"B00049","<U+65E5><U+672C><U+6A4B><U+30C0><U+30A4><U+30E4><U+30D3><U+30EB><U+30C7><U+30A3><U+30F3><U+30B0>","MUL"
"50","Tokyo","Office","CL4","ZoneC","EHP","MUL","  1644.88","1","0","0","0","1","1","3","624",214,"B00050","<U+65B0><U+5149><U+30D3><U+30EB><U+30C7><U+30A3><U+30F3><U+30B0><U+515C>","MUL"
"51","Tokyo","Office","CL5","ZoneC","EHP","MUL","  4218.48","1","0","0","0","1","2","2","1232",20,"B00051","<U+6C5F><U+6238><U+6A4B><U+30D3><U+30EB><U+30C7><U+30A3><U+30F3><U+30B0>","MUL"
"52","Tokyo","Office","CL4","ZoneC","EHP","MUL","  1039.44","0","0","0","0","2","1","3","644",211,"B00052","<U+4E09><U+6728><U+5171><U+6804><U+30D3><U+30EB><U+5225><U+9928>","PAC"
"53","Tokyo","Office","CL4","ZoneC","EHP","MUL","  1067.88","1","0","0","0","2","1","2","138",148,"B00053","<U+4E09><U+6728><U+5171><U+6804><U+30D3><U+30EB>","MUL"
"54","Tokyo","Office","CL4","ZoneC","EHP","MUL","  1145.34","1","0","0","0","1","2","2","1199",395,"B00054","<U+5343><U+4EE3><U+7530><U+6703><U+9928>","PAC"
"55","Tokyo","Office","CL3","ZoneC","EHP","MUL","   565.96","1","0","0","0","1","1","2","87",91,"B00055","<U+4E2D><U+516C><U+30D3><U+30EB>","PAC"
"56","Tokyo","Office","CL5","ZoneC","GHP","MUL","  3011.04","1","0","0","0","1","2","2","8410",281,"B00056","<U+3055><U+304F><U+3089><U+6C5F><U+6238><U+6A4B><U+30D3><U+30EB>","MUL"
"57","Tokyo","Office","CL3","ZoneC","EHP","MUL","   553.84","1","0","0","0","2","1","3","609",366,"B00057","<U+30CF><U+30A4><U+30DE><U+30FC><U+30C8><U+30D3><U+30EB>","MUL"
"58","Tokyo","Office","CL5","ZoneC","EHP","MUL","  3294.40","1","0","0","0","2","2","3","1782",50,"B00058","<U+6728><U+6751><U+5BE6><U+696D><U+30D3><U+30EB>","MUL"
